Workbook
Name _R: ed_physicians!$R$2:$R$4203
Name AA: ed_physicians!$AA$2:$AA$4203
Name AB: ed_physicians!$AB$2:$AB$4203
Name AC: ed_physicians!$AC$2:$AC$4203
Name AD: ed_physicians!$AD$2:$AD$4203
Name AE: ed_physicians!$AE$2:$AE$4203
Name AF: ed_physicians!$AF$2:$AF$4203
Name AG: ed_physicians!$AG$2:$AG$4203
Name AH: ed_physicians!$AH$2:$AH$4203
Name AI: ed_physicians!$AI$2:$AI$4203
Name AJ: ed_physicians!$AJ$2:$AJ$4203
Name AK: ed_physicians!$AK$2:$AK$4203
Name AL: ed_physicians!$AL$2:$AL$4203
Name AM: ed_physicians!$AM$2:$AM$4203
Name AN: ed_physicians!$AN$2:$AN$4203
Name AO: ed_physicians!$AO$2:$AO$4203
Name AP: ed_physicians!$AP$2:$AP$4203
Name AQ: ed_physicians!$AQ$2:$AQ$4203
Name AR: ed_physicians!$AR$2:$AR$4203
Name AS: ed_physicians!$AS$2:$AS$4203
Name AT: ed_physicians!$AT$2:$AT$4203
Name AU: ed_physicians!$AU$2:$AU$4203
Name AV: ed_physicians!$AV$2:$AV$4203
Name AW: ed_physicians!$AW$2:$AW$4203
Name AX: ed_physicians!$AX$2:$AX$4203
Name AY: ed_physicians!$AY$2:$AY$4203
Name AZ: ed_physicians!$AZ$2:$AZ$4203
Name G: ed_physicians!$G$2:$G$4203
Name H: ed_physicians!$H$2:$H$4203
Name I: ed_physicians!$I$2:$I$4203
Name J: ed_physicians!$J$2:$J$4203
Name K: ed_physicians!$K$2:$K$4203
Name L: ed_physicians!$L$2:$L$4203
Name M: ed_physicians!$M$2:$M$4203
Name N: ed_physicians!$N$2:$N$4203
Name O: ed_physicians!$O$2:$O$4203
Name P: ed_physicians!$P$2:$P$4203
Name Period: ed_physicians!$B$2:$B$4203
Name Provider: ed_physicians!$E$2:$E$4203
Name Q: ed_physicians!$Q$2:$Q$4203
Name S: ed_physicians!$S$2:$S$4203
Name Site: ed_physicians!$C$2:$C$4203
Name T: ed_physicians!$T$2:$T$4203
Name U: ed_physicians!$U$2:$U$4203
Name V: ed_physicians!$V$2:$V$4203
Name W: ed_physicians!$W$2:$W$4203
Name X: ed_physicians!$X$2:$X$4203
Name Y: ed_physicians!$Y$2:$Y$4203
Name Z: ed_physicians!$Z$2:$Z$4203

Sheet DESCRIPTIONS
A2: COLUMN | B2: DESCRIPTION
A3: Total Pts : | B3: Total number of patients with an Arrival Date Timestamp, a valid ER mapped location, and not an OBED patient at the Emergency department
A4: Duplicate MSE : | B4: Percentage of total patients that were greeted by the same provider within the same minute. Use ADM.PAT.zcus.div.rws.er.phys.greet.analysis for detail.
A5: Avg In Bed to Phy Greet : | B5: Placed in bed to greeted by physician
A6: Avg Arrive to Phy Greet : | B6: Arrived to greeted by physician | F6: Patient Satisfaction | G6: Performance/Output
A7: Avg Prov Greet to First Clinical Order : | B7: The average time taken from when a patient is greeted by a physician until they receive their first clinical order. To be included, a test must be a RAD, CT, NM, MRI, US, EKG, LAB, MIC, MED, IV or iSTAT Order for Point of Care and order by a midlevel or physician
A9: Avg Phy Greet to disp-A : | B9: Greeted by physician to disposition; admitted patients only
A10: Avg Phy Greet to disp-D : | B10: Greeted by physician to disposition; departed patients only
A11: Avg LOS Admitted Pts : | B11: Admitted patients Length of stay (Arrival to depart from ED)
A12: Avg LOS Departed Pts : | B12: Departed patients Length of stay (Arrival to depart from ED)
A13: Avg LOS low acuity : | B13: Triage level 4 and 5 patients Length of stay (Arrival to depart from ED)
A14: CT and US Utilization : | B14: CT and Ultrasound Utilization percentage breakdown by Admitted, Departed and Pediatric patients
A15: LPMSE : | B15: Number of patients left prior to Medical screening.
A16: LPT : | B16: Number of patients left prior to treatment.
A17: LPT/LPMSE% : | B17: Percentage of patients left prior to Medical screening/treatment.
A18: AMA : | B18: Number of patients left against medical advice.
A19: AMA% : | B19: Percentage of patients left against medical advice.
... A25: Avg Depart to PDOC Signed : | B25: The average of the PDOC Signed Date/Time minus the Depart Date/Time of when they physically leave

Sheet arrival_data
K1: 9
A2: Site | B2: Metrico | C2: Period | D2: Patients | E2: Low_Acc_Pts | F2: Low_Acc% | G2: Avg_in_minutos | H2: Mean_WT | I2: Mean | AB2: Patients | AC2: Avg_in_minutes | AD2: Mean
A3: Hunters Creek | B3: Arrival_to_Provider_Patients | C3: Jan | D3: =Arrival_to_Provider!$D$83 -> 2167 | E3: 1115 | F3: =IF(ISERROR(E3/D3),0,E3/D3) -> 0.51453623 | G3: =Arrival_to_Provider!$E$83 -> 8.2505768 | H3: =G3*(D3/SUM(D$3:D$12)) -> 0.51782663 | I3: =SUM(H$3:H$12) -> 8.9696469 | AB3: =CHOOSE($K$1,D3,D13,D23,D33,D43,D53,D63,D73,D83,D93,D103,D113) -> 1892 | AC3: =CHOOSE($K$1,G3,G13,G23,G33,G43,G53,G63,G73,G83,G93,G103,G113) -> 4.7315011 | AD3: =CHOOSE($K$1,I3,I13,I23,I33,I43,I53,I63,I73,I83,I93,I103,I113) -> 8.6980941 | AF3: 1 | AG3: Hunters Creek
A4: JFK-BB | B4: Arrival_to_Provider_Patients | C4: Jan | D4: =Arrival_to_Provider!$D$128 -> 942 | E4: 417 | F4: =IF(ISERROR(E4/D4),0,E4/D4) -> 0.44267516 | G4: =Arrival_to_Provider!$E$128 -> 6.0360934 | H4: =G4*(D4/SUM(D$3:D$12)) -> 0.16468271 | I4: =SUM(H$3:H$12) -> 8.9696469 | AB4: =CHOOSE($K$1,D4,D14,D24,D34,D44,D54,D64,D74,D84,D94,D104,D114) -> 563 | AC4: =CHOOSE($K$1,G4,G14,G24,G34,G44,G54,G64,G74,G84,G94,G104,G114) -> 5.6802842 | AD4: =CHOOSE($K$1,I4,I14,I24,I34,I44,I54,I64,I74,I84,I94,I104,I114) -> 8.6980941 | AF4: 2 | AG4: JFK-BB
A5: JFK-Main | B5: Arrival_to_Provider_Patients | C5: Jan | D5: =Arrival_to_Provider!$D$219 -> 7680 | E5: 1087 | F5: =IF(ISERROR(E5/D5),0,E5/D5) -> 0.14153646 | G5: =Arrival_to_Provider!$E$219 -> 8.2153646 | H5: =G5*(D5/SUM(D$3:D$12)) -> 1.8273815 | I5: =SUM(H$3:H$12) -> 8.9696469 | AB5: =CHOOSE($K$1,D5,D15,D25,D35,D45,D55,D65,D75,D85,D95,D105,D115) -> 6622 | AC5: =CHOOSE($K$1,G5,G15,G25,G35,G45,G55,G65,G75,G85,G95,G105,G115) -> 6.974026 | AD5: =CHOOSE($K$1,I5,I15,I25,I35,I45,I55,I65,I75,I85,I95,I105,I115) -> 8.6980941 | AF5: 3 | AG5: JFK-Main
A6: JFK-PBG | B6: Arrival_to_Provider_Patients | C6: Jan | D6: =Arrival_to_Provider!$D$243 -> 444 | E6: 165 | F6: =IF(ISERROR(E6/D6),0,E6/D6) -> 0.37162162 | G6: =Arrival_to_Provider!$E$243 -> 4.6689189 | H6: =G6*(D6/SUM(D$3:D$12)) -> 0.060039969 | I6: =SUM(H$3:H$12) -> 8.9696469 | AB6: =CHOOSE($K$1,D6,D16,D26,D36,D46,D56,D66,D76,D86,D96,D106,D116) -> 298 | AC6: =CHOOSE($K$1,G6,G16,G26,G36,G46,G56,G66,G76,G86,G96,G106,G116) -> 4.2986577 | AD6: =CHOOSE($K$1,I6,I16,I26,I36,I46,I56,I66,I76,I86,I96,I106,I116) -> 8.6980941 | AF6: 4 | AG6: JFK-PBG
A7: Kendall | B7: Arrival_to_Provider_Patients | C7: Jan | D7: =Arrival_to_Provider!$D$380 -> 7354 | E7: 1354 | F7: =IF(ISERROR(E7/D7),0,E7/D7) -> 0.18411749 | G7: =Arrival_to_Provider!$E$380 -> 10.288958 | H7: =G7*(D7/SUM(D$3:D$12)) -> 2.1914733 | I7: =SUM(H$3:H$12) -> 8.9696469 | AB7: =CHOOSE($K$1,D7,D17,D27,D37,D47,D57,D67,D77,D87,D97,D107,D117) -> 6361 | AC7: =CHOOSE($K$1,G7,G17,G27,G37,G47,G57,G67,G77,G87,G97,G107,G117) -> 21.205015 | AD7: =CHOOSE($K$1,I7,I17,I27,I37,I47,I57,I67,I77,I87,I97,I107,I117) -> 8.6980941 | AF7: 5 | AG7: Kendall
A8: Ocala | B8: Arrival_to_Provider_Patients | C8: Jan | D8: =Arrival_to_Provider!$D$504 -> 3973 | E8: 760 | F8: =IF(ISERROR(E8/D8),0,E8/D8) -> 0.19129122 | G8: =Arrival_to_Provider!$E$504 -> 5.7528316 | H8: =G8*(D8/SUM(D$3:D$12)) -> 0.66197469 | I8: =SUM(H$3:H$12) -> 8.9696469 | AB8: =CHOOSE($K$1,D8,D18,D28,D38,D48,D58,D68,D78,D88,D98,D108,D118) -> 3715 | AC8: =CHOOSE($K$1,G8,G18,G28,G38,G48,G58,G68,G78,G88,G98,G108,G118) -> 4.2657143 | AD8: =CHOOSE($K$1,I8,I18,I28,I38,I48,I58,I68,I78,I88,I98,I108,I118) -> 8.6980941 | AF8: 6 | AG8: Ocala
A9: Osceola | B9: Arrival_to_Provider_Patients | C9: Jan | D9: =Arrival_to_Provider!$D$661 -> 4795 | E9: 1073 | F9: =IF(ISERROR(E9/D9),0,E9/D9) -> 0.22377477 | G9: =Arrival_to_Provider!$E$661 -> 13.433785 | H9: =G9*(D9/SUM(D$3:D$12)) -> 1.8656414 | I9: =SUM(H$3:H$12) -> 8.9696469 | AB9: =CHOOSE($K$1,D9,D19,D29,D39,D49,D59,D69,D79,D89,D99,D109,D119) -> 5369 | AC9: =CHOOSE($K$1,G9,G19,G29,G39,G49,G59,G69,G79,G89,G99,G109,G119) -> 5.0445148 | AD9: =CHOOSE($K$1,I9,I19,I29,I39,I49,I59,I69,I79,I89,I99,I109,I119) -> 8.6980941 | AF9: 7 | AG9: Osceola
A10: Osceola PEDS (Loc 3) | B10: Arrival_to_Provider_Patients | C10: Jan | D10: =Arrival_to_Provider!$D$728 -> 1107 | E10: 469 | F10: =IF(ISERROR(E10/D10),0,E10/D10) -> 0.42366757 | G10: =Arrival_to_Provider!$E$728 -> 10.458898 | H10: =G10*(D10/SUM(D$3:D$12)) -> 0.33533177 | I10: =SUM(H$3:H$12) -> 8.9696469 | AB10: =CHOOSE($K$1,D10,D20,D30,D40,D50,D60,D70,D80,D90,D100,D110,D120) -> 0 | AC10: =CHOOSE($K$1,G10,G20,G30,G40,G50,G60,G70,G80,G90,G100,G110,G120) -> 0 | AD10: =CHOOSE($K$1,I10,I20,I30,I40,I50,I60,I70,I80,I90,I100,I110,I120) -> 8.6980941 | AF10: 8 | AG10: Osceola PEDS (Loc 3)
A11: Summerfield | B11: Arrival_to_Provider_Patients | C11: Jan | D11: =Arrival_to_Provider!$D$805 -> 1650 | E11: 377 | F11: =IF(ISERROR(E11/D11),0,E11/D11) -> 0.22848485 | G11: =Arrival_to_Provider!$E$805 -> 8.8915152 | H11: =G11*(D11/SUM(D$3:D$12)) -> 0.42491384 | I11: =SUM(H$3:H$12) -> 8.9696469 | AB11: =CHOOSE($K$1,D11,D21,D31,D41,D51,D61,D71,D81,D91,D101,D111,D121) -> 1941 | AC11: =CHOOSE($K$1,G11,G21,G31,G41,G51,G61,G71,G81,G91,G101,G111,G121) -> 4.6517259 | AD11: =CHOOSE($K$1,I11,I21,I31,I41,I51,I61,I71,I81,I91,I101,I111,I121) -> 8.6980941 | AF11: 9 | AG11: Summerfield
A12: West Marion | B12: Arrival_to_Provider_Patients | C12: Jan | D12: =Arrival_to_Provider!$D$889 -> 4415 | E12: 2031 | F12: =IF(ISERROR(E12/D12),0,E12/D12) -> 0.46002265 | G12: =Arrival_to_Provider!$E$889 -> 7.197735 | H12: =G12*(D12/SUM(D$3:D$12)) -> 0.92038115 | I12: =SUM(H$3:H$12) -> 8.9696469 | AB12: =CHOOSE($K$1,D12,D22,D32,D42,D52,D62,D72,D82,D92,D102,D112,D122) -> 3928 | AC12: =CHOOSE($K$1,G12,G22,G32,G42,G52,G62,G72,G82,G92,G102,G112,G122) -> 5.2132338 | AD12: =CHOOSE($K$1,I12,I22,I32,I42,I52,I62,I72,I82,I92,I102,I112,I122) -> 8.6980941 | AF12: 10 | AG12: West Marion
A13: Hunters Creek | B13: Arrival_to_Provider_Patients | C13: Feb | D13: =Arrival_to_Provider!$J$83 -> 1999 | E13: 1111 | F13: =IF(ISERROR(E13/D13),0,E13/D13) -> 0.55577789 | G13: =Arrival_to_Provider!$K$83 -> 5.9304652 | H13: =G13*(D13/SUM(D$13:D$22)) -> 0.3672894 | I13: =SUM(H$13:H$22) -> 7.9330483 | AB13: =SUM(AB3:AB12) -> 30689 | AF13: 11
A14: JFK-BB | B14: Arrival_to_Provider_Patients | C14: Feb | D14: =Arrival_to_Provider!$J$128 -> 737 | E14: 329 | F14: =IF(ISERROR(E14/D14),0,E14/D14) -> 0.44640434 | G14: =Arrival_to_Provider!$K$128 -> 5.5712347 | H14: =G14*(D14/SUM(D$13:D$22)) -> 0.12721133 | I14: =SUM(H$13:H$22) -> 7.9330483 | AF14: 12
A15: JFK-Main | B15: Arrival_to_Provider_Patients | C15: Feb | D15: =Arrival_to_Provider!$J$219 -> 7131 | E15: 961 | F15: =IF(ISERROR(E15/D15),0,E15/D15) -> 0.13476371 | G15: =Arrival_to_Provider!$K$219 -> 8.7004628 | H15: =G15*(D15/SUM(D$13:D$22)) -> 1.9222047 | I15: =SUM(H$13:H$22) -> 7.9330483
A16: JFK-PBG | B16: Arrival_to_Provider_Patients | C16: Feb | D16: =Arrival_to_Provider!$J$243 -> 485 | E16: 219 | F16: =IF(ISERROR(E16/D16),0,E16/D16) -> 0.45154639 | G16: =Arrival_to_Provider!$K$243 -> 4.6536082 | H16: =G16*(D16/SUM(D$13:D$22)) -> 0.069925953 | I16: =SUM(H$13:H$22) -> 7.9330483
A17: Kendall | B17: Arrival_to_Provider_Patients | C17: Feb | D17: =Arrival_to_Provider!$J$380 -> 6684 | E17: 1229 | F17: =IF(ISERROR(E17/D17),0,E17/D17) -> 0.18387193 | G17: =Arrival_to_Provider!$K$380 -> 6.4763615 | H17: =G17*(D17/SUM(D$13:D$22)) -> 1.3411408 | I17: =SUM(H$13:H$22) -> 7.9330483
A18: Ocala | B18: Arrival_to_Provider_Patients | C18: Feb | D18: =Arrival_to_Provider!$J$504 -> 3672 | E18: 780 | F18: =IF(ISERROR(E18/D18),0,E18/D18) -> 0.2124183 | G18: =Arrival_to_Provider!$K$504 -> 5.9223856 | H18: =G18*(D18/SUM(D$13:D$22)) -> 0.6737615 | I18: =SUM(H$13:H$22) -> 7.9330483
A19: Osceola | B19: Arrival_to_Provider_Patients | C19: Feb | D19: =Arrival_to_Provider!$J$661 -> 4426 | E19: 1033 | F19: =IF(ISERROR(E19/D19),0,E19/D19) -> 0.23339358 | G19: =Arrival_to_Provider!$K$661 -> 11.496159 | H19: =G19*(D19/SUM(D$13:D$22)) -> 1.5764166 | I19: =SUM(H$13:H$22) -> 7.9330483
A20: Osceola PEDS (Loc 3) | B20: Arrival_to_Provider_Patients | C20: Feb | D20: =Arrival_to_Provider!$J$728 -> 1204 | E20: 593 | F20: =IF(ISERROR(E20/D20),0,E20/D20) -> 0.49252492 | G20: =Arrival_to_Provider!$K$728 -> 9.5415282 | H20: =G20*(D20/SUM(D$13:D$22)) -> 0.35591908 | I20: =SUM(H$13:H$22) -> 7.9330483
A21: Summerfield | B21: Arrival_to_Provider_Patients | C21: Feb | D21: =Arrival_to_Provider!$J$805 -> 1754 | E21: 265 | F21: =IF(ISERROR(E21/D21),0,E21/D21) -> 0.15108324 | G21: =Arrival_to_Provider!$K$805 -> 11.051881 | H21: =G21*(D21/SUM(D$13:D$22)) -> 0.60058246 | I21: =SUM(H$13:H$22) -> 7.9330483
A22: West Marion | B22: Arrival_to_Provider_Patients | C22: Feb | D22: =Arrival_to_Provider!$J$889 -> 4185 | E22: 1868 | F22: =IF(ISERROR(E22/D22),0,E22/D22) -> 0.44635603 | G22: =Arrival_to_Provider!$K$889 -> 6.9304659 | H22: =G22*(D22/SUM(D$13:D$22)) -> 0.89859652 | I22: =SUM(H$13:H$22) -> 7.9330483
A23: Hunters Creek | B23: Arrival_to_Provider_Patients | C23: Mar | D23: =Arrival_to_Provider!$P$83 -> 2153 | E23: 1129 | F23: =IF(ISERROR(E23/D23),0,E23/D23) -> 0.52438458 | G23: =Arrival_to_Provider!$Q$83 -> 5.3896888 | H23: =G23*(D23/SUM(D$23:D$32)) -> 0.33438995 | I23: =SUM(H$23:H$32) -> 7.4883292
A24: JFK-BB | B24: Arrival_to_Provider_Patients | C24: Mar | D24: =Arrival_to_Provider!$P$128 -> 774 | E24: 293 | F24: =IF(ISERROR(E24/D24),0,E24/D24) -> 0.37855297 | G24: =Arrival_to_Provider!$Q$128 -> 4.8591731 | H24: =G24*(D24/SUM(D$23:D$32)) -> 0.10837992 | I24: =SUM(H$23:H$32) -> 7.4883292
A25: JFK-Main | B25: Arrival_to_Provider_Patients | C25: Mar | D25: =Arrival_to_Provider!$P$219 -> 7843 | E25: 1018 | F25: =IF(ISERROR(E25/D25),0,E25/D25) -> 0.12979727 | G25: =Arrival_to_Provider!$Q$219 -> 8.2750223 | H25: =G25*(D25/SUM(D$23:D$32)) -> 1.870238 | I25: =SUM(H$23:H$32) -> 7.4883292
A26: JFK-PBG | B26: Arrival_to_Provider_Patients | C26: Mar | D26: =Arrival_to_Provider!$P$243 -> 463 | E26: 190 | F26: =IF(ISERROR(E26/D26),0,E26/D26) -> 0.41036717 | G26: =Arrival_to_Provider!$Q$243 -> 4.2008639 | H26: =G26*(D26/SUM(D$23:D$32)) -> 0.056048643 | I26: =SUM(H$23:H$32) -> 7.4883292
A27: Kendall | B27: Arrival_to_Provider_Patients | C27: Mar | D27: =Arrival_to_Provider!$P$380 -> 7350 | E27: 1346 | F27: =IF(ISERROR(E27/D27),0,E27/D27) -> 0.18312925 | G27: =Arrival_to_Provider!$Q$380 -> 5.8473469 | H27: =G27*(D27/SUM(D$23:D$32)) -> 1.2384877 | I27: =SUM(H$23:H$32) -> 7.4883292
A28: Ocala | B28: Arrival_to_Provider_Patients | C28: Mar | D28: =Arrival_to_Provider!$P$504 -> 3867 | E28: 780 | F28: =IF(ISERROR(E28/D28),0,E28/D28) -> 0.20170675 | G28: =Arrival_to_Provider!$Q$504 -> 5.412723 | H28: =G28*(D28/SUM(D$23:D$32)) -> 0.60316408 | I28: =SUM(H$23:H$32) -> 7.4883292
A29: Osceola | B29: Arrival_to_Provider_Patients | C29: Mar | D29: =Arrival_to_Provider!$P$661 -> 4678 | E29: 1041 | F29: =IF(ISERROR(E29/D29),0,E29/D29) -> 0.222531 | G29: =Arrival_to_Provider!$Q$661 -> 10.941214 | H29: =G29*(D29/SUM(D$23:D$32)) -> 1.4749294 | I29: =SUM(H$23:H$32) -> 7.4883292
A30: Osceola PEDS (Loc 3) | B30: Arrival_to_Provider_Patients | C30: Mar | D30: =Arrival_to_Provider!$P$728 -> 1240 | E30: 606 | F30: =IF(ISERROR(E30/D30),0,E30/D30) -> 0.48870968 | G30: =Arrival_to_Provider!$Q$728 -> 7.608871 | H30: =G30*(D30/SUM(D$23:D$32)) -> 0.27188635 | I30: =SUM(H$23:H$32) -> 7.4883292
A31: Summerfield | B31: Arrival_to_Provider_Patients | C31: Mar | D31: =Arrival_to_Provider!$P$805 -> 1910 | E31: 381 | F31: =IF(ISERROR(E31/D31),0,E31/D31) -> 0.19947644 | G31: =Arrival_to_Provider!$Q$805 -> 13.467539 | H31: =G31*(D31/SUM(D$23:D$32)) -> 0.74125411 | I31: =SUM(H$23:H$32) -> 7.4883292
A32: West Marion | B32: Arrival_to_Provider_Patients | C32: Mar | D32: =Arrival_to_Provider!$P$889 -> 4424 | E32: 2052 | F32: =IF(ISERROR(E32/D32),0,E32/D32) -> 0.46383363 | G32: =Arrival_to_Provider!$Q$889 -> 6.193264 | H32: =G32*(D32/SUM(D$23:D$32)) -> 0.78955103 | I32: =SUM(H$23:H$32) -> 7.4883292
A33: Hunters Creek | B33: Arrival_to_Provider_Patients | C33: Apr | D33: =Arrival_to_Provider!$V$83 -> 2110 | E33: 1060 | F33: =IF(ISERROR(E33/D33),0,E33/D33) -> 0.50236967 | G33: =Arrival_to_Provider!$W$83 -> 4.8118483 | H33: =G33*(D33/SUM(D$33:D$42)) -> 0.30705256 | I33: =SUM(H$33:H$42) -> 6.940271
A34: JFK-BB | B34: Arrival_to_Provider_Patients | C34: Apr | D34: =Arrival_to_Provider!$V$128 -> 751 | E34: 281 | F34: =IF(ISERROR(E34/D34),0,E34/D34) -> 0.37416778 | G34: =Arrival_to_Provider!$W$128 -> 5.8189081 | H34: =G34*(D34/SUM(D$33:D$42)) -> 0.13215992 | I34: =SUM(H$33:H$42) -> 6.940271
A35: JFK-Main | B35: Arrival_to_Provider_Patients | C35: Apr | D35: =Arrival_to_Provider!$V$219 -> 7402 | E35: 976 | F35: =IF(ISERROR(E35/D35),0,E35/D35) -> 0.13185626 | G35: =Arrival_to_Provider!$W$219 -> 7.9035396 | H35: =G35*(D35/SUM(D$33:D$42)) -> 1.7692494 | I35: =SUM(H$33:H$42) -> 6.940271 | AB35: Period | AC35: Patients | AD35: Avg Wait | AE35: Weight | AF35: Mean | AG35: Goal
A36: JFK-PBG | B36: Arrival_to_Provider_Patients | C36: Apr | D36: =Arrival_to_Provider!$V$243 -> 416 | E36: 166 | F36: =IF(ISERROR(E36/D36),0,E36/D36) -> 0.39903846 | G36: =Arrival_to_Provider!$W$243 -> 4.0697115 | H36: =G36*(D36/SUM(D$33:D$42)) -> 0.051200629 | I36: =SUM(H$33:H$42) -> 6.940271 | AB36: Jan | AC36: =SUM(D3:D12) -> 34527 | AD36: 8.9696469 | AE36: =AD36*(AC36/SUM($AC$36:$AC$47)) -> 0.79521732 | AF36: =SUM($AE$36:$AE$47) -> 6.8225282 | AG36: 20 | AH36: =AE36/SUM($AE$36:$AE$47) -> 0.11655757
A37: Kendall | B37: Arrival_to_Provider_Patients | C37: Apr | D37: =Arrival_to_Provider!$V$380 -> 6745 | E37: 1293 | F37: =IF(ISERROR(E37/D37),0,E37/D37) -> 0.19169755 | G37: =Arrival_to_Provider!$W$380 -> 5.5389177 | H37: =G37*(D37/SUM(D$33:D$42)) -> 1.1298615 | I37: =SUM(H$33:H$42) -> 6.940271 | AB37: Feb | AC37: =SUM(D13:D22) -> 32277 | AD37: 7.9330483 | AE37: =AD37*(AC37/SUM($AC$36:$AC$47)) -> 0.65748356 | AF37: =SUM($AE$36:$AE$47) -> 6.8225282 | AG37: 20 | AH37: =AE37/SUM($AE$36:$AE$47) -> 0.09636949
A38: Ocala | B38: Arrival_to_Provider_Patients | C38: Apr | D38: =Arrival_to_Provider!$V$504 -> 3814 | E38: 702 | F38: =IF(ISERROR(E38/D38),0,E38/D38) -> 0.18405873 | G38: =Arrival_to_Provider!$W$504 -> 4.131096 | H38: =G38*(D38/SUM(D$33:D$42)) -> 0.47650154 | I38: =SUM(H$33:H$42) -> 6.940271 | AB38: Mar | AC38: =SUM(D23:D32) -> 34702 | AD38: 7.4883292 | AE38: =AD38*(AC38/SUM($AC$36:$AC$47)) -> 0.66725382 | AF38: =SUM($AE$36:$AE$47) -> 6.8225282 | AG38: 20 | AH38: =AE38/SUM($AE$36:$AE$47) -> 0.097801549
A39: Osceola | B39: Arrival_to_Provider_Patients | C39: Apr | D39: =Arrival_to_Provider!$V$661 -> 4507 | E39: 989 | F39: =IF(ISERROR(E39/D39),0,E39/D39) -> 0.21943643 | G39: =Arrival_to_Provider!$W$661 -> 11.642112 | H39: =G39*(D39/SUM(D$33:D$42)) -> 1.5868566 | I39: =SUM(H$33:H$42) -> 6.940271 | AB39: Apr | AC39: =SUM(D33:D42) -> 33066 | AD39: 6.940271 | AE39: =AD39*(AC39/SUM($AC$36:$AC$47)) -> 0.58926375 | AF39: =SUM($AE$36:$AE$47) -> 6.8225282 | AG39: 20 | AH39: =AE39/SUM($AE$36:$AE$47) -> 0.086370292
A40: Osceola PEDS (Loc 3) | B40: Arrival_to_Provider_Patients | C40: Apr | D40: =Arrival_to_Provider!$V$728 -> 1194 | E40: 597 | F40: =IF(ISERROR(E40/D40),0,E40/D40) -> 0.5 | G40: =Arrival_to_Provider!$W$728 -> 6.3634841 | H40: =G40*(D40/SUM(D$33:D$42)) -> 0.22978286 | I40: =SUM(H$33:H$42) -> 6.940271 | AB40: May | AC40: =SUM(D43:D52) -> 33241 | AD40: 6.3081135 | AE40: =AD40*(AC40/SUM($AC$36:$AC$47)) -> 0.538425 | AF40: =SUM($AE$36:$AE$47) -> 6.8225282 | AG40: 20 | AH40: =AE40/SUM($AE$36:$AE$47) -> 0.078918692
A41: Summerfield | B41: Arrival_to_Provider_Patients | C41: Apr | D41: =Arrival_to_Provider!$V$805 -> 1890 | E41: 413 | F41: =IF(ISERROR(E41/D41),0,E41/D41) -> 0.21851852 | G41: =Arrival_to_Provider!$W$805 -> 8.1185185 | H41: =G41*(D41/SUM(D$33:D$42)) -> 0.46404161 | I41: =SUM(H$33:H$42) -> 6.940271 | AB41: Jun | AC41: =SUM(D53:D62) -> 29366 | AD41: 5.7516074 | AE41: =AD41*(AC41/SUM($AC$36:$AC$47)) -> 0.43369625 | AF41: =SUM($AE$36:$AE$47) -> 6.8225282 | AG41: 20 | AH41: =AE41/SUM($AE$36:$AE$47) -> 0.063568261
A42: West Marion | B42: Arrival_to_Provider_Patients | C42: Apr | D42: =Arrival_to_Provider!$V$889 -> 4237 | E42: 1728 | F42: =IF(ISERROR(E42/D42),0,E42/D42) -> 0.40783573 | G42: =Arrival_to_Provider!$W$889 -> 6.1930611 | H42: =G42*(D42/SUM(D$33:D$42)) -> 0.79356439 | I42: =SUM(H$33:H$42) -> 6.940271 | AB42: Jul | AC42: =SUM(D63:D72) -> 31270 | AD42: 6.2393245 | AE42: =AD42*(AC42/SUM($AC$36:$AC$47)) -> 0.5009762 | AF42: =SUM($AE$36:$AE$47) -> 6.8225282 | AG42: 20 | AH42: =AE42/SUM($AE$36:$AE$47) -> 0.0734297
A43: Hunters Creek | B43: Arrival_to_Provider_Patients | C43: May | D43: =Arrival_to_Provider!$AB$83 -> 2060 | E43: 996 | F43: =IF(ISERROR(E43/D43),0,E43/D43) -> 0.48349515 | G43: =Arrival_to_Provider!$AC$83 -> 4.238835 | H43: =G43*(D43/SUM(D$43:D$52)) -> 0.26268764 | I43: =SUM(H$43:H$52) -> 6.3081135 | AB43: Aug | AC43: =SUM(D73:D82) -> 31737 | AD43: 5.3007442 | AE43: =AD43*(AC43/SUM($AC$36:$AC$47)) -> 0.43197077 | AF43: =SUM($AE$36:$AE$47) -> 6.8225282 | AG43: 20 | AH43: =AE43/SUM($AE$36:$AE$47) -> 0.063315351
A44: JFK-BB | B44: Arrival_to_Provider_Patients | C44: May | D44: =Arrival_to_Provider!$AB$128 -> 578 | E44: 218 | F44: =IF(ISERROR(E44/D44),0,E44/D44) -> 0.37716263 | G44: =Arrival_to_Provider!$AC$128 -> 4.8460208 | H44: =G44*(D44/SUM(D$43:D$52)) -> 0.08426341 | I44: =SUM(H$43:H$52) -> 6.3081135 | AB44: Sep | AC44: =SUM(D83:D92) -> 30689 | AD44: 8.6980941 | AE44: =AD44*(AC44/SUM($AC$36:$AC$47)) -> 0.68542269 | AF44: =SUM($AE$36:$AE$47) -> 6.8225282 | AG44: 20 | AH44: =AE44/SUM($AE$36:$AE$47) -> 0.10046462
A45: JFK-Main | B45: Arrival_to_Provider_Patients | C45: May | D45: =Arrival_to_Provider!$AB$219 -> 7616 | E45: 927 | F45: =IF(ISERROR(E45/D45),0,E45/D45) -> 0.12171744 | G45: =Arrival_to_Provider!$AC$219 -> 7.2993697 | H45: =G45*(D45/SUM(D$43:D$52)) -> 1.6723925 | I45: =SUM(H$43:H$52) -> 6.3081135 | AB45: Oct | AC45: =SUM(D93:D102) -> 32318 | AD45: 5.796665 | AE45: =AD45*(AC45/SUM($AC$36:$AC$47)) -> 0.48103239 | AF45: =SUM($AE$36:$AE$47) -> 6.8225282 | AG45: 20 | AH45: =AE45/SUM($AE$36:$AE$47) -> 0.070506472
A46: JFK-PBG | B46: Arrival_to_Provider_Patients | C46: May | D46: =Arrival_to_Provider!$AB$243 -> 364 | E46: 130 | F46: =IF(ISERROR(E46/D46),0,E46/D46) -> 0.35714286 | G46: =Arrival_to_Provider!$AC$243 -> 4.1456044 | H46: =G46*(D46/SUM(D$43:D$52)) -> 0.045395746 | I46: =SUM(H$43:H$52) -> 6.3081135 | AB46: Nov | AC46: =SUM(D103:D112) -> 32163 | AD46: 6.2164605 | AE46: =AD46*(AC46/SUM($AC$36:$AC$47)) -> 0.51339468 | AF46: =SUM($AE$36:$AE$47) -> 6.8225282 | AG46: 20 | AH46: =AE46/SUM($AE$36:$AE$47) -> 0.075249918
A47: Kendall | B47: Arrival_to_Provider_Patients | C47: May | D47: =Arrival_to_Provider!$AB$380 -> 6878 | E47: 1153 | F47: =IF(ISERROR(E47/D47),0,E47/D47) -> 0.16763594 | G47: =Arrival_to_Provider!$AC$380 -> 5.7061646 | H47: =G47*(D47/SUM(D$43:D$52)) -> 1.1806805 | I47: =SUM(H$43:H$52) -> 6.3081135 | AB47: Dec | AC47: =SUM(D113:D122) -> 34091 | AD47: 6.0362142 | AE47: =AD47*(AC47/SUM($AC$36:$AC$47)) -> 0.52839174 | AF47: =SUM($AE$36:$AE$47) -> 6.8225282 | AG47: 20 | AH47: =AE47/SUM($AE$36:$AE$47) -> 0.077448085
A48: Ocala | B48: Arrival_to_Provider_Patients | C48: May | D48: =Arrival_to_Provider!$AB$504 -> 3981 | E48: 775 | F48: =IF(ISERROR(E48/D48),0,E48/D48) -> 0.1946747 | G48: =Arrival_to_Provider!$AC$504 -> 4.3903542 | H48: =G48*(D48/SUM(D$43:D$52)) -> 0.52579646 | I48: =SUM(H$43:H$52) -> 6.3081135
A49: Osceola | B49: Arrival_to_Provider_Patients | C49: May | D49: =Arrival_to_Provider!$AB$661 -> 4665 | E49: 988 | F49: =IF(ISERROR(E49/D49),0,E49/D49) -> 0.21178992 | G49: =Arrival_to_Provider!$AC$661 -> 9.2448017 | H49: =G49*(D49/SUM(D$43:D$52)) -> 1.2974038 | I49: =SUM(H$43:H$52) -> 6.3081135 | AC49: =CORREL(AC36:AC47,AD36:AD47) -> 0.2963026
A50: Osceola PEDS (Loc 3) | B50: Arrival_to_Provider_Patients | C50: May | D50: =Arrival_to_Provider!$AB$728 -> 1048 | E50: 577 | F50: =IF(ISERROR(E50/D50),0,E50/D50) -> 0.55057252 | G50: =Arrival_to_Provider!$AC$728 -> 5.3368321 | H50: =G50*(D50/SUM(D$43:D$52)) -> 0.16825607 | I50: =SUM(H$43:H$52) -> 6.3081135
A51: Summerfield | B51: Arrival_to_Provider_Patients | C51: May | D51: =Arrival_to_Provider!$AB$805 -> 1805 | E51: 385 | F51: =IF(ISERROR(E51/D51),0,E51/D51) -> 0.2132964 | G51: =Arrival_to_Provider!$AC$805 -> 7.6504155 | H51: =G51*(D51/SUM(D$43:D$52)) -> 0.41542072 | I51: =SUM(H$43:H$52) -> 6.3081135
A52: West Marion | B52: Arrival_to_Provider_Patients | C52: May | D52: =Arrival_to_Provider!$AB$889 -> 4246 | E52: 1788 | F52: =IF(ISERROR(E52/D52),0,E52/D52) -> 0.42110221 | G52: =Arrival_to_Provider!$AC$889 -> 5.134244 | H52: =G52*(D52/SUM(D$43:D$52)) -> 0.65581661 | I52: =SUM(H$43:H$52) -> 6.3081135
A53: Hunters Creek | B53: Arrival_to_Provider_Patients | C53: Jun | D53: =Arrival_to_Provider!$AH$83 -> 1986 | E53: 927 | F53: =IF(ISERROR(E53/D53),0,E53/D53) -> 0.46676737 | G53: =Arrival_to_Provider!$AI$83 -> 5.7507849 | H53: =G53*(D53/SUM(D$53:D$62)) -> 0.38892116 | I53: =SUM(H$53:H$62) -> 5.7516074
A54: JFK-BB | B54: Arrival_to_Provider_Patients | C54: Jun | D54: =Arrival_to_Provider!$AH$128 -> 508 | E54: 191 | F54: =IF(ISERROR(E54/D54),0,E54/D54) -> 0.37598425 | G54: =Arrival_to_Provider!$AI$128 -> 4.730315 | H54: =G54*(D54/SUM(D$53:D$62)) -> 0.081829326 | I54: =SUM(H$53:H$62) -> 5.7516074
A55: JFK-Main | B55: Arrival_to_Provider_Patients | C55: Jun | D55: =Arrival_to_Provider!$AH$219 -> 6809 | E55: 783 | F55: =IF(ISERROR(E55/D55),0,E55/D55) -> 0.11499486 | G55: =Arrival_to_Provider!$AI$219 -> 6.922015 | H55: =G55*(D55/SUM(D$53:D$62)) -> 1.6049854 | I55: =SUM(H$53:H$62) -> 5.7516074
A56: JFK-PBG | B56: Arrival_to_Provider_Patients | C56: Jun | D56: =Arrival_to_Provider!$AH$243 -> 265 | E56: 67 | F56: =IF(ISERROR(E56/D56),0,E56/D56) -> 0.25283019 | G56: =Arrival_to_Provider!$AI$243 -> 3.5169811 | H56: =G56*(D56/SUM(D$53:D$62)) -> 0.031737383 | I56: =SUM(H$53:H$62) -> 5.7516074
A57: Kendall | B57: Arrival_to_Provider_Patients | C57: Jun | D57: =Arrival_to_Provider!$AH$380 -> 5728 | E57: 1077 | F57: =IF(ISERROR(E57/D57),0,E57/D57) -> 0.18802374 | G57: =Arrival_to_Provider!$AI$380 -> 5.5017641 | H57: =G57*(D57/SUM(D$53:D$62)) -> 1.0731494 | I57: =SUM(H$53:H$62) -> 5.7516074
A58: Ocala | B58: Arrival_to_Provider_Patients | C58: Jun | D58: =Arrival_to_Provider!$AH$504 -> 3608 | E58: 683 | F58: =IF(ISERROR(E58/D58),0,E58/D58) -> 0.18930155 | G58: =Arrival_to_Provider!$AI$504 -> 5.2809145 | H58: =G58*(D58/SUM(D$53:D$62)) -> 0.64882992 | I58: =SUM(H$53:H$62) -> 5.7516074
A59: Osceola | B59: Arrival_to_Provider_Patients | C59: Jun | D59: =Arrival_to_Provider!$AH$661 -> 4990 | E59: 1386 | F59: =IF(ISERROR(E59/D59),0,E59/D59) -> 0.27775551 | G59: =Arrival_to_Provider!$AI$661 -> 5.6462926 | H59: =G59*(D59/SUM(D$53:D$62)) -> 0.95944289 | I59: =SUM(H$53:H$62) -> 5.7516074
A60: Osceola PEDS (Loc 3) | B60: Arrival_to_Provider_Patients | C60: Jun | D60: =Arrival_to_Provider!$AH$728 -> 0 | E60: 0 | F60: =IF(ISERROR(E60/D60),0,E60/D60) -> 0 | G60: =Arrival_to_Provider!$AI$728 -> 0 | H60: =G60*(D60/SUM(D$53:D$62)) -> 0 | I60: =SUM(H$53:H$62) -> 5.7516074
A61: Summerfield | B61: Arrival_to_Provider_Patients | C61: Jun | D61: =Arrival_to_Provider!$AH$805 -> 1746 | E61: 408 | F61: =IF(ISERROR(E61/D61),0,E61/D61) -> 0.23367698 | G61: =Arrival_to_Provider!$AI$805 -> 4.5767468 | H61: =G61*(D61/SUM(D$53:D$62)) -> 0.27211741 | I61: =SUM(H$53:H$62) -> 5.7516074
A62: West Marion | B62: Arrival_to_Provider_Patients | C62: Jun | D62: =Arrival_to_Provider!$AH$889 -> 3726 | E62: 1529 | F62: =IF(ISERROR(E62/D62),0,E62/D62) -> 0.41035963 | G62: =Arrival_to_Provider!$AI$889 -> 5.4428341 | H62: =G62*(D62/SUM(D$53:D$62)) -> 0.69059457 | I62: =SUM(H$53:H$62) -> 5.7516074
A63: Hunters Creek | B63: Arrival_to_Provider_Patients | C63: Jul | D63: =Arrival_to_Provider!$AN$83 -> 1958 | E63: 888 | F63: =IF(ISERROR(E63/D63),0,E63/D63) -> 0.453524 | G63: =Arrival_to_Provider!$AO$83 -> 4.9550562 | H63: =G63*(D63/SUM(D$63:D$72)) -> 0.31026543 | I63: =SUM(H$63:H$72) -> 6.2393245
A64: JFK-BB | B64: Arrival_to_Provider_Patients | C64: Jul | D64: =Arrival_to_Provider!$AN$128 -> 568 | E64: 193 | F64: =IF(ISERROR(E64/D64),0,E64/D64) -> 0.33978873 | G64: =Arrival_to_Provider!$AO$128 -> 5.2887324 | H64: =G64*(D64/SUM(D$63:D$72)) -> 0.096066517 | I64: =SUM(H$63:H$72) -> 6.2393245
A65: JFK-Main | B65: Arrival_to_Provider_Patients | C65: Jul | D65: =Arrival_to_Provider!$AN$219 -> 7095 | E65: 885 | F65: =IF(ISERROR(E65/D65),0,E65/D65) -> 0.12473573 | G65: =Arrival_to_Provider!$AO$219 -> 6.8124031 | H65: =G65*(D65/SUM(D$63:D$72)) -> 1.5456988 | I65: =SUM(H$63:H$72) -> 6.2393245
A66: JFK-PBG | B66: Arrival_to_Provider_Patients | C66: Jul | D66: =Arrival_to_Provider!$AN$243 -> 306 | E66: 91 | F66: =IF(ISERROR(E66/D66),0,E66/D66) -> 0.29738562 | G66: =Arrival_to_Provider!$AO$243 -> 4.1699346 | H66: =G66*(D66/SUM(D$63:D$72)) -> 0.040805884 | I66: =SUM(H$63:H$72) -> 6.2393245 | AB66: Kendall
A67: Kendall | B67: Arrival_to_Provider_Patients | C67: Jul | D67: =Arrival_to_Provider!$AN$380 -> 6451 | E67: 1135 | F67: =IF(ISERROR(E67/D67),0,E67/D67) -> 0.17594171 | G67: =Arrival_to_Provider!$AO$380 -> 6.1356806 | H67: =G67*(D67/SUM(D$63:D$72)) -> 1.2657907 | I67: =SUM(H$63:H$72) -> 6.2393245
A68: Ocala | B68: Arrival_to_Provider_Patients | C68: Jul | D68: =Arrival_to_Provider!$AN$504 -> 3785 | E68: 763 | F68: =IF(ISERROR(E68/D68),0,E68/D68) -> 0.2015852 | G68: =Arrival_to_Provider!$AO$504 -> 4.1220608 | H68: =G68*(D68/SUM(D$63:D$72)) -> 0.49894468 | I68: =SUM(H$63:H$72) -> 6.2393245 | AB68: Period | AC68: Patients | AD68: Avg Wait | AE68: Weight | AF68: Mean | AG68: Goal | AH68: YTD Goal | AI68: % Low Acc
A69: Osceola | B69: Arrival_to_Provider_Patients | C69: Jul | D69: =Arrival_to_Provider!$AN$661 -> 5484 | E69: 1434 | F69: =IF(ISERROR(E69/D69),0,E69/D69) -> 0.26148796 | G69: =Arrival_to_Provider!$AO$661 -> 8.7348651 | H69: =G69*(D69/SUM(D$63:D$72)) -> 1.5318836 | I69: =SUM(H$63:H$72) -> 6.2393245 | AB69: Jan | AC69: {=SUM(IF($C$3:$C$122=$AB69,IF($A$3:$A$122=$AB$66,$D$3:$D$122)))} -> 7354 | AD69: {=SUM(IF($C$3:$C$122=$AB69,IF($A$3:$A$122=$AB$66,$G$3:$G$122)))} -> 10.288958 | AE69: =AD69*(AC69/SUM($AC$69:$AC$80)) -> 0.95004018 | AF69: =SUM($AE$69:$AE$80) -> 7.9000012 | AG69: 20 | AI69: {=SUM(IF($C$3:$C$122=$AB69,IF($A$3:$A$122=$AB$66,$F$3:$F$122)))} -> 0.18411749 | AJ69: =AE69/SUM($AE$36:$AE$47) -> 0.13925046
A70: Osceola PEDS (Loc 3) | B70: Arrival_to_Provider_Patients | C70: Jul | D70: =Arrival_to_Provider!$AN$728 -> 0 | E70: 0 | F70: =IF(ISERROR(E70/D70),0,E70/D70) -> 0 | G70: =Arrival_to_Provider!$AO$728 -> 0 | H70: =G70*(D70/SUM(D$63:D$72)) -> 0 | I70: =SUM(H$63:H$72) -> 6.2393245 | AB70: Feb | AC70: {=SUM(IF($C$3:$C$122=$AB70,IF($A$3:$A$122=$AB$66,$D$3:$D$122)))} -> 6684 | AD70: {=SUM(IF($C$3:$C$122=$AB70,IF($A$3:$A$122=$AB$66,$G$3:$G$122)))} -> 6.4763615 | AE70: =AD70*(AC70/SUM($AC$69:$AC$80)) -> 0.54351866 | AF70: =SUM($AE$69:$AE$80) -> 7.9000012 | AG70: 20 | AI70: {=SUM(IF($C$3:$C$122=$AB70,IF($A$3:$A$122=$AB$66,$F$3:$F$122)))} -> 0.18387193 | AJ70: =AE70/SUM($AE$36:$AE$47) -> 0.079665286
A71: Summerfield | B71: Arrival_to_Provider_Patients | C71: Jul | D71: =Arrival_to_Provider!$AN$805 -> 1836 | E71: 308 | F71: =IF(ISERROR(E71/D71),0,E71/D71) -> 0.16775599 | G71: =Arrival_to_Provider!$AO$805 -> 7.3983664 | H71: =G71*(D71/SUM(D$63:D$72)) -> 0.43439081 | I71: =SUM(H$63:H$72) -> 6.2393245 | AB71: Mar | AC71: {=SUM(IF($C$3:$C$122=$AB71,IF($A$3:$A$122=$AB$66,$D$3:$D$122)))} -> 7350 | AD71: {=SUM(IF($C$3:$C$122=$AB71,IF($A$3:$A$122=$AB$66,$G$3:$G$122)))} -> 5.8473469 | AE71: =AD71*(AC71/SUM($AC$69:$AC$80)) -> 0.53962634 | AF71: =SUM($AE$69:$AE$80) -> 7.9000012 | AG71: 20 | AI71: {=SUM(IF($C$3:$C$122=$AB71,IF($A$3:$A$122=$AB$66,$F$3:$F$122)))} -> 0.18312925 | AJ71: =AE71/SUM($AE$36:$AE$47) -> 0.079094776
A72: West Marion | B72: Arrival_to_Provider_Patients | C72: Jul | D72: =Arrival_to_Provider!$AN$889 -> 3787 | E72: 1458 | F72: =IF(ISERROR(E72/D72),0,E72/D72) -> 0.38500132 | G72: =Arrival_to_Provider!$AO$889 -> 4.2564035 | H72: =G72*(D72/SUM(D$63:D$72)) -> 0.51547809 | I72: =SUM(H$63:H$72) -> 6.2393245 | AB72: Apr | AC72: {=SUM(IF($C$3:$C$122=$AB72,IF($A$3:$A$122=$AB$66,$D$3:$D$122)))} -> 6745 | AD72: {=SUM(IF($C$3:$C$122=$AB72,IF($A$3:$A$122=$AB$66,$G$3:$G$122)))} -> 5.5389177 | AE72: =AD72*(AC72/SUM($AC$69:$AC$80)) -> 0.46908744 | AF72: =SUM($AE$69:$AE$80) -> 7.9000012 | AG72: 20 | AI72: {=SUM(IF($C$3:$C$122=$AB72,IF($A$3:$A$122=$AB$66,$F$3:$F$122)))} -> 0.19169755 | AJ72: =AE72/SUM($AE$36:$AE$47) -> 0.068755662
A73: Hunters Creek | B73: Arrival_to_Provider_Patients | C73: Aug | D73: =Arrival_to_Provider!$AT$83 -> 2038 | E73: 929 | F73: =IF(ISERROR(E73/D73),0,E73/D73) -> 0.45583906 | G73: =Arrival_to_Provider!$AU$83 -> 5.0613346 | H73: =G73*(D73/SUM(D$73:D$82)) -> 0.32501497 | I73: =SUM(H$73:H$82) -> 5.3007442 | AB73: May | AC73: {=SUM(IF($C$3:$C$122=$AB73,IF($A$3:$A$122=$AB$66,$D$3:$D$122)))} -> 6878 | AD73: {=SUM(IF($C$3:$C$122=$AB73,IF($A$3:$A$122=$AB$66,$G$3:$G$122)))} -> 5.7061646 | AE73: =AD73*(AC73/SUM($AC$69:$AC$80)) -> 0.49278037 | AF73: =SUM($AE$69:$AE$80) -> 7.9000012 | AG73: 20 | AI73: {=SUM(IF($C$3:$C$122=$AB73,IF($A$3:$A$122=$AB$66,$F$3:$F$122)))} -> 0.16763594 | AJ73: =AE73/SUM($AE$36:$AE$47) -> 0.072228412
A74: JFK-BB | B74: Arrival_to_Provider_Patients | C74: Aug | D74: =Arrival_to_Provider!$AT$128 -> 494 | E74: 138 | F74: =IF(ISERROR(E74/D74),0,E74/D74) -> 0.27935223 | G74: =Arrival_to_Provider!$AU$128 -> 4.6983806 | H74: =G74*(D74/SUM(D$73:D$82)) -> 0.073132306 | I74: =SUM(H$73:H$82) -> 5.3007442 | AB74: Jun | AC74: {=SUM(IF($C$3:$C$122=$AB74,IF($A$3:$A$122=$AB$66,$D$3:$D$122)))} -> 5728 | AD74: {=SUM(IF($C$3:$C$122=$AB74,IF($A$3:$A$122=$AB$66,$G$3:$G$122)))} -> 5.5017641 | AE74: =AD74*(AC74/SUM($AC$69:$AC$80)) -> 0.39568711 | AF74: =SUM($AE$69:$AE$80) -> 7.9000012 | AG74: 20 | AI74: {=SUM(IF($C$3:$C$122=$AB74,IF($A$3:$A$122=$AB$66,$F$3:$F$122)))} -> 0.18802374 | AJ74: =AE74/SUM($AE$36:$AE$47) -> 0.057997139
A75: JFK-Main | B75: Arrival_to_Provider_Patients | C75: Aug | D75: =Arrival_to_Provider!$AT$219 -> 6956 | E75: 868 | F75: =IF(ISERROR(E75/D75),0,E75/D75) -> 0.12478436 | G75: =Arrival_to_Provider!$AU$219 -> 6.5842438 | H75: =G75*(D75/SUM(D$73:D$82)) -> 1.4431106 | I75: =SUM(H$73:H$82) -> 5.3007442 | AB75: Jul | AC75: {=SUM(IF($C$3:$C$122=$AB75,IF($A$3:$A$122=$AB$66,$D$3:$D$122)))} -> 6451 | AD75: {=SUM(IF($C$3:$C$122=$AB75,IF($A$3:$A$122=$AB$66,$G$3:$G$122)))} -> 6.1356806 | AE75: =AD75*(AC75/SUM($AC$69:$AC$80)) -> 0.49697749 | AF75: =SUM($AE$69:$AE$80) -> 7.9000012 | AG75: 20 | AI75: {=SUM(IF($C$3:$C$122=$AB75,IF($A$3:$A$122=$AB$66,$F$3:$F$122)))} -> 0.17594171 | AJ75: =AE75/SUM($AE$36:$AE$47) -> 0.072843597
A76: JFK-PBG | B76: Arrival_to_Provider_Patients | C76: Aug | D76: =Arrival_to_Provider!$AT$243 -> 283 | E76: 99 | F76: =IF(ISERROR(E76/D76),0,E76/D76) -> 0.34982332 | G76: =Arrival_to_Provider!$AU$243 -> 3.7279152 | H76: =G76*(D76/SUM(D$73:D$82)) -> 0.033241957 | I76: =SUM(H$73:H$82) -> 5.3007442 | AB76: Aug | AC76: {=SUM(IF($C$3:$C$122=$AB76,IF($A$3:$A$122=$AB$66,$D$3:$D$122)))} -> 6450 | AD76: {=SUM(IF($C$3:$C$122=$AB76,IF($A$3:$A$122=$AB$66,$G$3:$G$122)))} -> 5.2795689 | AE76: =AD76*(AC76/SUM($AC$69:$AC$80)) -> 0.42756792 | AF76: =SUM($AE$69:$AE$80) -> 7.9000012 | AG76: 20 | AI76: {=SUM(IF($C$3:$C$122=$AB76,IF($A$3:$A$122=$AB$66,$F$3:$F$122)))} -> 0.13844961 | AJ76: =AE76/SUM($AE$36:$AE$47) -> 0.062670011
A77: Kendall | B77: Arrival_to_Provider_Patients | C77: Aug | D77: =Arrival_to_Provider!$AT$380 -> 6450 | E77: 893 | F77: =IF(ISERROR(E77/D77),0,E77/D77) -> 0.13844961 | G77: =Arrival_to_Provider!$AU$380 -> 5.2795689 | H77: =G77*(D77/SUM(D$73:D$82)) -> 1.0729817 | I77: =SUM(H$73:H$82) -> 5.3007442 | AB77: Sep | AC77: {=SUM(IF($C$3:$C$122=$AB77,IF($A$3:$A$122=$AB$66,$D$3:$D$122)))} -> 6361 | AD77: {=SUM(IF($C$3:$C$122=$AB77,IF($A$3:$A$122=$AB$66,$G$3:$G$122)))} -> 21.205015 | AE77: =AD77*(AC77/SUM($AC$69:$AC$80)) -> 1.6936003 | AF77: =SUM($AE$69:$AE$80) -> 7.9000012 | AG77: 20 | AI77: {=SUM(IF($C$3:$C$122=$AB77,IF($A$3:$A$122=$AB$66,$F$3:$F$122)))} -> 0.15327779 | AJ77: =AE77/SUM($AE$36:$AE$47) -> 0.24823646
A78: Ocala | B78: Arrival_to_Provider_Patients | C78: Aug | D78: =Arrival_to_Provider!$AT$504 -> 3813 | E78: 641 | F78: =IF(ISERROR(E78/D78),0,E78/D78) -> 0.1681091 | G78: =Arrival_to_Provider!$AU$504 -> 4.5460268 | H78: =G78*(D78/SUM(D$73:D$82)) -> 0.54617639 | I78: =SUM(H$73:H$82) -> 5.3007442 | AB78: Oct | AC78: {=SUM(IF($C$3:$C$122=$AB78,IF($A$3:$A$122=$AB$66,$D$3:$D$122)))} -> 6581 | AD78: {=SUM(IF($C$3:$C$122=$AB78,IF($A$3:$A$122=$AB$66,$G$3:$G$122)))} -> 7.660386 | AE78: =AD78*(AC78/SUM($AC$69:$AC$80)) -> 0.63297926 | AF78: =SUM($AE$69:$AE$80) -> 7.9000012 | AG78: 20 | AI78: {=SUM(IF($C$3:$C$122=$AB78,IF($A$3:$A$122=$AB$66,$F$3:$F$122)))} -> 0.14663425 | AJ78: =AE78/SUM($AE$36:$AE$47) -> 0.092777815
A79: Osceola | B79: Arrival_to_Provider_Patients | C79: Aug | D79: =Arrival_to_Provider!$AT$661 -> 5635 | E79: 1526 | F79: =IF(ISERROR(E79/D79),0,E79/D79) -> 0.27080745 | G79: =Arrival_to_Provider!$AU$661 -> 4.6310559 | H79: =G79*(D79/SUM(D$73:D$82)) -> 0.82225793 | I79: =SUM(H$73:H$82) -> 5.3007442 | AB79: Nov | AC79: {=SUM(IF($C$3:$C$122=$AB79,IF($A$3:$A$122=$AB$66,$D$3:$D$122)))} -> 6294 | AD79: {=SUM(IF($C$3:$C$122=$AB79,IF($A$3:$A$122=$AB$66,$G$3:$G$122)))} -> 7.6604703 | AE79: =AD79*(AC79/SUM($AC$69:$AC$80)) -> 0.60538145 | AF79: =SUM($AE$69:$AE$80) -> 7.9000012 | AG79: 20 | AI79: {=SUM(IF($C$3:$C$122=$AB79,IF($A$3:$A$122=$AB$66,$F$3:$F$122)))} -> 0.12615189 | AJ79: =AE79/SUM($AE$36:$AE$47) -> 0.088732715
A80: Osceola PEDS (Loc 3) | B80: Arrival_to_Provider_Patients | C80: Aug | D80: =Arrival_to_Provider!$AT$728 -> 0 | E80: 0 | F80: =IF(ISERROR(E80/D80),0,E80/D80) -> 0 | G80: =Arrival_to_Provider!$AU$728 -> 0 | H80: =G80*(D80/SUM(D$73:D$82)) -> 0 | I80: =SUM(H$73:H$82) -> 5.3007442 | AB80: Dec | AC80: {=SUM(IF($C$3:$C$122=$AB80,IF($A$3:$A$122=$AB$66,$D$3:$D$122)))} -> 6768 | AD80: {=SUM(IF($C$3:$C$122=$AB80,IF($A$3:$A$122=$AB$66,$G$3:$G$122)))} -> 7.6814421 | AE80: =AD80*(AC80/SUM($AC$69:$AC$80)) -> 0.65275476 | AF80: =SUM($AE$69:$AE$80) -> 7.9000012 | AG80: 20 | AI80: {=SUM(IF($C$3:$C$122=$AB80,IF($A$3:$A$122=$AB$66,$F$3:$F$122)))} -> 0.1285461 | AJ80: =AE80/SUM($AE$36:$AE$47) -> 0.095676374
A81: Summerfield | B81: Arrival_to_Provider_Patients | C81: Aug | D81: =Arrival_to_Provider!$AT$805 -> 2147 | E81: 366 | F81: =IF(ISERROR(E81/D81),0,E81/D81) -> 0.17047042 | G81: =Arrival_to_Provider!$AU$805 -> 5.7356777 | H81: =G81*(D81/SUM(D$73:D$82)) -> 0.38801714 | I81: =SUM(H$73:H$82) -> 5.3007442
A82: West Marion | B82: Arrival_to_Provider_Patients | C82: Aug | D82: =Arrival_to_Provider!$AT$889 -> 3921 | E82: 1571 | F82: =IF(ISERROR(E82/D82),0,E82/D82) -> 0.4006631 | G82: =Arrival_to_Provider!$AU$889 -> 4.8306554 | H82: =G82*(D82/SUM(D$73:D$82)) -> 0.59681129 | I82: =SUM(H$73:H$82) -> 5.3007442 | AB82: YTD Mean | AC82: =AVERAGE(AC69:AC80) -> 6637 | AF82: =AF80 -> 7.9000012 | AG82: =AG80 -> 20 | AH82: =AG82 -> 20 | AI82: =(AI69*(AC69/SUM($AC$69:$AC$80)))+(AI70*(AC70/SUM($AC$69:$AC$80)))+(AI71*(AC71/SUM($AC$69:$AC$80)))+(AI72*(AC72/SUM($AC$69:$AC$80)))+(AI73*(AC73/SUM($AC$69:$AC$80)))+(AI74*(AC74/SUM($AC$69:$AC$80)))+(AI75*(AC75/SUM($AC$69:$AC$80)))+(AI76*(AC76/SUM($AC$69:$AC$80)))+(AI77*(AC77/SUM($AC$69:$AC$80)))+(AI78*(AC78/SUM($AC$69:$AC$80)))+(AI79*(AC79/SUM($AC$69:$AC$80)))+(AI80*(AC80/SUM($AC$69:$AC$80))) -> 0.16428105
A83: Hunters Creek | B83: Arrival_to_Provider_Patients | C83: Sep | D83: =Arrival_to_Provider!$AZ$83 -> 1892 | E83: 882 | F83: =IF(ISERROR(E83/D83),0,E83/D83) -> 0.46617336 | G83: =Arrival_to_Provider!$BA$83 -> 4.7315011 | H83: =G83*(D83/SUM(D$83:D$92)) -> 0.29170061 | I83: =SUM(H$83:H$92) -> 8.6980941
A84: JFK-BB | B84: Arrival_to_Provider_Patients | C84: Sep | D84: =Arrival_to_Provider!$AZ$128 -> 563 | E84: 172 | F84: =IF(ISERROR(E84/D84),0,E84/D84) -> 0.30550622 | G84: =Arrival_to_Provider!$BA$128 -> 5.6802842 | H84: =G84*(D84/SUM(D$83:D$92)) -> 0.10420672 | I84: =SUM(H$83:H$92) -> 8.6980941 | AB84: ρ = | AC84: =CORREL(AD69:AD80,AI69:AI80) -> -0.19241943
A85: JFK-Main | B85: Arrival_to_Provider_Patients | C85: Sep | D85: =Arrival_to_Provider!$AZ$219 -> 6622 | E85: 893 | F85: =IF(ISERROR(E85/D85),0,E85/D85) -> 0.13485352 | G85: =Arrival_to_Provider!$BA$219 -> 6.974026 | H85: =G85*(D85/SUM(D$83:D$92)) -> 1.5048389 | I85: =SUM(H$83:H$92) -> 8.6980941
A86: JFK-PBG | B86: Arrival_to_Provider_Patients | C86: Sep | D86: =Arrival_to_Provider!$AZ$243 -> 298 | E86: 113 | F86: =IF(ISERROR(E86/D86),0,E86/D86) -> 0.37919463 | G86: =Arrival_to_Provider!$BA$243 -> 4.2986577 | H86: =G86*(D86/SUM(D$83:D$92)) -> 0.041741341 | I86: =SUM(H$83:H$92) -> 8.6980941
A87: Kendall | B87: Arrival_to_Provider_Patients | C87: Sep | D87: =Arrival_to_Provider!$AZ$380 -> 6361 | E87: 975 | F87: =IF(ISERROR(E87/D87),0,E87/D87) -> 0.15327779 | G87: =Arrival_to_Provider!$BA$380 -> 21.205015 | H87: =G87*(D87/SUM(D$83:D$92)) -> 4.3952263 | I87: =SUM(H$83:H$92) -> 8.6980941
A88: Ocala | B88: Arrival_to_Provider_Patients | C88: Sep | D88: =Arrival_to_Provider!$AZ$504 -> 3715 | E88: 627 | F88: =IF(ISERROR(E88/D88),0,E88/D88) -> 0.16877524 | G88: =Arrival_to_Provider!$BA$504 -> 4.2657143 | H88: =G88*(D88/SUM(D$83:D$92)) -> 0.51637813 | I88: =SUM(H$83:H$92) -> 8.6980941
A89: Osceola | B89: Arrival_to_Provider_Patients | C89: Sep | D89: =Arrival_to_Provider!$AZ$661 -> 5369 | E89: 1491 | F89: =IF(ISERROR(E89/D89),0,E89/D89) -> 0.27770535 | G89: =Arrival_to_Provider!$BA$661 -> 5.0445148 | H89: =G89*(D89/SUM(D$83:D$92)) -> 0.8825312 | I89: =SUM(H$83:H$92) -> 8.6980941
A90: Osceola PEDS (Loc 3) | B90: Arrival_to_Provider_Patients | C90: Sep | D90: =Arrival_to_Provider!$AZ$728 -> 0 | E90: 0 | F90: =IF(ISERROR(E90/D90),0,E90/D90) -> 0 | G90: =Arrival_to_Provider!$BA$728 -> 0 | H90: =G90*(D90/SUM(D$83:D$92)) -> 0 | I90: =SUM(H$83:H$92) -> 8.6980941
A91: Summerfield | B91: Arrival_to_Provider_Patients | C91: Sep | D91: =Arrival_to_Provider!$AZ$805 -> 1941 | E91: 285 | F91: =IF(ISERROR(E91/D91),0,E91/D91) -> 0.14683153 | G91: =Arrival_to_Provider!$BA$805 -> 4.6517259 | H91: =G91*(D91/SUM(D$83:D$92)) -> 0.29420965 | I91: =SUM(H$83:H$92) -> 8.6980941
A92: West Marion | B92: Arrival_to_Provider_Patients | C92: Sep | D92: =Arrival_to_Provider!$AZ$889 -> 3928 | E92: 1713 | F92: =IF(ISERROR(E92/D92),0,E92/D92) -> 0.4360998 | G92: =Arrival_to_Provider!$BA$889 -> 5.2132338 | H92: =G92*(D92/SUM(D$83:D$92)) -> 0.66726131 | I92: =SUM(H$83:H$92) -> 8.6980941
A93: Hunters Creek | B93: Arrival_to_Provider_Patients | C93: Oct | D93: =Arrival_to_Provider!$BF$83 -> 2004 | E93: 844 | F93: =IF(ISERROR(E93/D93),0,E93/D93) -> 0.42115768 | G93: =Arrival_to_Provider!$BG$83 -> 3.9354395 | H93: =G93*(D93/SUM(D$93:D$102)) -> 0.24403183 | I93: =SUM(H$93:H$102) -> 5.796665
A94: JFK-BB | B94: Arrival_to_Provider_Patients | C94: Oct | D94: =Arrival_to_Provider!$BF$128 -> 593 | E94: 155 | F94: =IF(ISERROR(E94/D94),0,E94/D94) -> 0.2613828 | G94: =Arrival_to_Provider!$BG$128 -> 5.2462057 | H94: =G94*(D94/SUM(D$93:D$102)) -> 0.096262145 | I94: =SUM(H$93:H$102) -> 5.796665
A95: JFK-Main | B95: Arrival_to_Provider_Patients | C95: Oct | D95: =Arrival_to_Provider!$BF$219 -> 6906 | E95: 902 | F95: =IF(ISERROR(E95/D95),0,E95/D95) -> 0.13061106 | G95: =Arrival_to_Provider!$BG$219 -> 6.5432957 | H95: =G95*(D95/SUM(D$93:D$102)) -> 1.3982301 | I95: =SUM(H$93:H$102) -> 5.796665
A96: JFK-PBG | B96: Arrival_to_Provider_Patients | C96: Oct | D96: =Arrival_to_Provider!$BF$243 -> 292 | E96: 100 | F96: =IF(ISERROR(E96/D96),0,E96/D96) -> 0.34246575 | G96: =Arrival_to_Provider!$BG$243 -> 3.8184932 | H96: =G96*(D96/SUM(D$93:D$102)) -> 0.034500897 | I96: =SUM(H$93:H$102) -> 5.796665
A97: Kendall | B97: Arrival_to_Provider_Patients | C97: Oct | D97: =Arrival_to_Provider!$BF$380 -> 6581 | E97: 965 | F97: =IF(ISERROR(E97/D97),0,E97/D97) -> 0.14663425 | G97: =Arrival_to_Provider!$BG$380 -> 7.660386 | H97: =G97*(D97/SUM(D$93:D$102)) -> 1.5599047 | I97: =SUM(H$93:H$102) -> 5.796665
A98: Ocala | B98: Arrival_to_Provider_Patients | C98: Oct | D98: =Arrival_to_Provider!$BF$504 -> 3889 | E98: 538 | F98: =IF(ISERROR(E98/D98),0,E98/D98) -> 0.1383389 | G98: =Arrival_to_Provider!$BG$504 -> 4.6304963 | H98: =G98*(D98/SUM(D$93:D$102)) -> 0.5572127 | I98: =SUM(H$93:H$102) -> 5.796665
A99: Osceola | B99: Arrival_to_Provider_Patients | C99: Oct | D99: =Arrival_to_Provider!$BF$661 -> 5719 | E99: 1575 | F99: =IF(ISERROR(E99/D99),0,E99/D99) -> 0.2753978 | G99: =Arrival_to_Provider!$BG$661 -> 5.4371394 | H99: =G99*(D99/SUM(D$93:D$102)) -> 0.96215731 | I99: =SUM(H$93:H$102) -> 5.796665
A100: Osceola PEDS (Loc 3) | B100: Arrival_to_Provider_Patients | C100: Oct | D100: =Arrival_to_Provider!$BF$728 -> 0 | E100: 0 | F100: =IF(ISERROR(E100/D100),0,E100/D100) -> 0 | G100: =Arrival_to_Provider!$BG$728 -> 0 | H100: =G100*(D100/SUM(D$93:D$102)) -> 0 | I100: =SUM(H$93:H$102) -> 5.796665
...

Sheet Arrival_to_Provider
A1: ED Physician Metrics: Arrival to Provider
D2: Jan | J2: Feb | P2: =LEFT(P3,3) -> Mar | V2: =LEFT(V3,3) -> Apr | AB2: =LEFT(AB3,3) -> May | AH2: =LEFT(AH3,3) -> Jun | AN2: =LEFT(AN3,3) -> Jul | AT2: =LEFT(AT3,3) -> Aug | AZ2: =LEFT(AZ3,3) -> Sep | BF2: =LEFT(BF3,3) -> Oct | BL2: Nov | BR2: Dec
D3: Jan | J3: Feb | P3: Mar | V3: Apr | AB3: May | AH3: Jun | AN3: Jul | AT3: Aug | AZ3: Sep | BF3: Oct | BL3: Nov | BR3: Dec
D4: Patients | E4: Avg Wait | F4: Med Wait | G4: SITE_WT | H4: PER_WT | J4: Patients | K4: Avg Wait | L4: Med Wait | M4: SITE_WT | N4: PER_WT | P4: Patients | Q4: Avg Wait | R4: Med Wait | S4: SITE_WT | T4: PER_WT | V4: Patients | W4: Avg Wait | X4: Med Wait | Y4: SITE_WT | Z4: PER_WT | AB4: Patients | AC4: Avg Wait | AD4: Med Wait | AE4: SITE_WT | AF4: PER_WT | AH4: Patients | AI4: Avg Wait | AJ4: Med Wait | AK4: SITE_WT | AL4: PER_WT | AN4: Patients | AO4: Avg Wait | AP4: Med Wait | AQ4: SITE_WT | AR4: PER_WT | AT4: Patients | AU4: Avg Wait | AV4: Med Wait | AW4: SITE_WT | AX4: PER_WT | AZ4: Patients | BA4: Avg Wait | BB4: Med Wait | BC4: SITE_WT | BD4: PER_WT | BF4: Patients | BG4: Avg Wait | BH4: Med Wait | BI4: SITE_WT | BJ4: PER_WT | BL4: Patients | BM4: Avg Wait | BN4: Med Wait | BO4: SITE_WT | BP4: PER_WT | BR4: Patients | BS4: Avg Wait | BT4: Med Wait | BU4: SITE_WT | BV4: PER_WT
A5: Hunters Creek
B6: AMICO MD, KENDRA L | D6: {=SUM(IF(Period=$D$2,IF(Site=$A$5,IF(Provider=$B6,I))))} -> 41 | E6: {=SUM(IF(Period=$D$2,IF(Site=$A$5,IF(Provider=$B6,J))))} -> 12.707317 | G6: =E6*(D6/D$83) -> 0.24042455 | H6: =E6*(D6/D$891) -> 0.01508964 | J6: {=SUM(IF(Period=$J$2,IF(Site=$A$5,IF(Provider=$B6,I))))} -> 15 | K6: {=SUM(IF(Period=$J$2,IF(Site=$A$5,IF(Provider=$B6,J))))} -> 4.6666667 | M6: =K6*(J6/J$83) -> 0.035017509 | N6: =K6*(J6/J$891) -> 0.002168727 | P6: {=SUM(IF(Period=$P$2,IF(Site=$A$5,IF(Provider=$B6,I))))} -> 13 | Q6: {=SUM(IF(Period=$P$2,IF(Site=$A$5,IF(Provider=$B6,J))))} -> 3.3076923 | S6: =Q6*(P6/P$83) -> 0.019972132 | T6: =Q6*(P6/P$891) -> 0.0012391217 | V6: {=SUM(IF(Period=$V$2,IF(Site=$A$5,IF(Provider=$B6,I))))} -> 0 | W6: {=SUM(IF(Period=$V$2,IF(Site=$A$5,IF(Provider=$B6,J))))} -> 0 | Y6: =W6*(V6/V$83) -> 0 | Z6: =W6*(V6/V$891) -> 0 | AB6: {=SUM(IF(Period=$AB$2,IF(Site=$A$5,IF(Provider=$B6,I))))} -> 0 | AC6: {=SUM(IF(Period=$AB$2,IF(Site=$A$5,IF(Provider=$B6,J))))} -> 0 | AE6: =AC6*(AB6/AB$83) -> 0 | AF6: =AC6*(AB6/AB$891) -> 0 | AH6: {=SUM(IF(Period=$AH$2,IF(Site=$A$5,IF(Provider=$B6,I))))} -> 0 | AI6: {=SUM(IF(Period=$AH$2,IF(Site=$A$5,IF(Provider=$B6,J))))} -> 0 | AK6: =AI6*(AH6/AH$83) -> 0 | AL6: =AI6*(AH6/AH$891) -> 0 | AN6: {=SUM(IF(Period=$AN$2,IF(Site=$A$5,IF(Provider=$B6,I))))} -> 1 | AO6: {=SUM(IF(Period=$AN$2,IF(Site=$A$5,IF(Provider=$B6,J))))} -> 6 | AQ6: =AO6*(AN6/AN$83) -> 0.0030643514 | AR6: =AO6*(AN6/AN$891) -> 0.0001918772 | AT6: {=SUM(IF(Period=$AT$2,IF(Site=$A$5,IF(Provider=$B6,I))))} -> 1 | AU6: {=SUM(IF(Period=$AT$2,IF(Site=$A$5,IF(Provider=$B6,J))))} -> 2 | AW6: =AU6*(AT6/AT$83) -> 0.00098135427 | AX6: =AU6*(AT6/AT$891) -> 6.3017929e-05 | AZ6: {=SUM(IF(Period=$AZ$2,IF(Site=$A$5,IF(Provider=$B6,I))))} -> 19 | BA6: {=SUM(IF(Period=$AZ$2,IF(Site=$A$5,IF(Provider=$B6,J))))} -> 3.2631579 | BC6: =BA6*(AZ6/AZ$83) -> 0.032769556 | BD6: =BA6*(AZ6/AZ$891) -> 0.0020202678 | BF6: {=SUM(IF(Period=$BF$2,IF(Site=$A$5,IF(Provider=$B6,I))))} -> 1 | BG6: {=SUM(IF(Period=$BF$2,IF(Site=$A$5,IF(Provider=$B6,J))))} -> 9 | BI6: =BG6*(BF6/BF$83) -> 0.004491018 | BJ6: =BG6*(BF6/BF$891) -> 0.00027848258 | BL6: {=SUM(IF(Period=$BL$2,IF(Site=$A$5,IF(Provider=$B6,I))))} -> 2 | BM6: {=SUM(IF(Period=$BL$2,IF(Site=$A$5,IF(Provider=$B6,J))))} -> 2 | BO6: =BM6*(BL6/BL$83) -> 0.0018604651 | BP6: =BM6*(BL6/BL$891) -> 0.00012436651 | BR6: {=SUM(IF(Period=$BR$2,IF(Site=$A$5,IF(Provider=$B6,I))))} -> 1 | BS6: {=SUM(IF(Period=$BR$2,IF(Site=$A$5,IF(Provider=$B6,J))))} -> 6 | BU6: =BS6*(BR6/BR$83) -> 0.0024174053 | BV6: =BS6*(BR6/BR$891) -> 0.00017599953
B7: BABB ARNP, LISA J | D7: {=SUM(IF(Period=$D$2,IF(Site=$A$5,IF(Provider=$B7,I))))} -> 30 | E7: {=SUM(IF(Period=$D$2,IF(Site=$A$5,IF(Provider=$B7,J))))} -> 3.0333333 | G7: =E7*(D7/D$83) -> 0.041993539 | H7: =E7*(D7/D$891) -> 0.0026356185 | J7: {=SUM(IF(Period=$J$2,IF(Site=$A$5,IF(Provider=$B7,I))))} -> 36 | K7: {=SUM(IF(Period=$J$2,IF(Site=$A$5,IF(Provider=$B7,J))))} -> 7.3333333 | M7: =K7*(J7/J$83) -> 0.13206603 | N7: =K7*(J7/J$891) -> 0.0081791988 | P7: {=SUM(IF(Period=$P$2,IF(Site=$A$5,IF(Provider=$B7,I))))} -> 0 | Q7: {=SUM(IF(Period=$P$2,IF(Site=$A$5,IF(Provider=$B7,J))))} -> 0 | S7: =Q7*(P7/P$83) -> 0 | T7: =Q7*(P7/P$891) -> 0 | V7: {=SUM(IF(Period=$V$2,IF(Site=$A$5,IF(Provider=$B7,I))))} -> 62 | W7: {=SUM(IF(Period=$V$2,IF(Site=$A$5,IF(Provider=$B7,J))))} -> 3.9193548 | Y7: =W7*(V7/V$83) -> 0.11516588 | Z7: =W7*(V7/V$891) -> 0.0073489385 | AB7: {=SUM(IF(Period=$AB$2,IF(Site=$A$5,IF(Provider=$B7,I))))} -> 39 | AC7: {=SUM(IF(Period=$AB$2,IF(Site=$A$5,IF(Provider=$B7,J))))} -> 2.9487179 | AE7: =AC7*(AB7/AB$83) -> 0.055825243 | AF7: =AC7*(AB7/AB$891) -> 0.003459583 | AH7: {=SUM(IF(Period=$AH$2,IF(Site=$A$5,IF(Provider=$B7,I))))} -> 39 | AI7: {=SUM(IF(Period=$AH$2,IF(Site=$A$5,IF(Provider=$B7,J))))} -> 5.1794872 | AK7: =AI7*(AH7/AH$83) -> 0.10171198 | AL7: =AI7*(AH7/AH$891) -> 0.0068787033 | AN7: {=SUM(IF(Period=$AN$2,IF(Site=$A$5,IF(Provider=$B7,I))))} -> 42 | AO7: {=SUM(IF(Period=$AN$2,IF(Site=$A$5,IF(Provider=$B7,J))))} -> 4.1666667 | AQ7: =AO7*(AN7/AN$83) -> 0.089376915 | AR7: =AO7*(AN7/AN$891) -> 0.0055964183 | AT7: {=SUM(IF(Period=$AT$2,IF(Site=$A$5,IF(Provider=$B7,I))))} -> 0 | AU7: {=SUM(IF(Period=$AT$2,IF(Site=$A$5,IF(Provider=$B7,J))))} -> 0 | AW7: =AU7*(AT7/AT$83) -> 0 | AX7: =AU7*(AT7/AT$891) -> 0 | AZ7: {=SUM(IF(Period=$AZ$2,IF(Site=$A$5,IF(Provider=$B7,I))))} -> 0 | BA7: {=SUM(IF(Period=$AZ$2,IF(Site=$A$5,IF(Provider=$B7,J))))} -> 0 | BC7: =BA7*(AZ7/AZ$83) -> 0 | BD7: =BA7*(AZ7/AZ$891) -> 0 | BF7: {=SUM(IF(Period=$BF$2,IF(Site=$A$5,IF(Provider=$B7,I))))} -> 0 | BG7: {=SUM(IF(Period=$BF$2,IF(Site=$A$5,IF(Provider=$B7,J))))} -> 0 | BI7: =BG7*(BF7/BF$83) -> 0 | BJ7: =BG7*(BF7/BF$891) -> 0 | BL7: {=SUM(IF(Period=$BL$2,IF(Site=$A$5,IF(Provider=$B7,I))))} -> 61 | BM7: {=SUM(IF(Period=$BL$2,IF(Site=$A$5,IF(Provider=$B7,J))))} -> 2.9836066 | BO7: =BM7*(BL7/BL$83) -> 0.084651163 | BP7: =BM7*(BL7/BL$891) -> 0.0056586761 | BR7: {=SUM(IF(Period=$BR$2,IF(Site=$A$5,IF(Provider=$B7,I))))} -> 28 | BS7: {=SUM(IF(Period=$BR$2,IF(Site=$A$5,IF(Provider=$B7,J))))} -> 9.3214286 | BU7: =BS7*(BR7/BR$83) -> 0.10515713 | BV7: =BS7*(BR7/BR$891) -> 0.0076559796
B8: BALLINGER MD, BETHANY LUCILLE | D8: {=SUM(IF(Period=$D$2,IF(Site=$A$5,IF(Provider=$B8,I))))} -> 0 | E8: {=SUM(IF(Period=$D$2,IF(Site=$A$5,IF(Provider=$B8,J))))} -> 0 | G8: =E8*(D8/D$83) -> 0 | H8: =E8*(D8/D$891) -> 0 | J8: {=SUM(IF(Period=$J$2,IF(Site=$A$5,IF(Provider=$B8,I))))} -> 0 | K8: {=SUM(IF(Period=$J$2,IF(Site=$A$5,IF(Provider=$B8,J))))} -> 0 | M8: =K8*(J8/J$83) -> 0 | N8: =K8*(J8/J$891) -> 0 | P8: {=SUM(IF(Period=$P$2,IF(Site=$A$5,IF(Provider=$B8,I))))} -> 0 | Q8: {=SUM(IF(Period=$P$2,IF(Site=$A$5,IF(Provider=$B8,J))))} -> 0 | S8: =Q8*(P8/P$83) -> 0 | T8: =Q8*(P8/P$891) -> 0 | V8: {=SUM(IF(Period=$V$2,IF(Site=$A$5,IF(Provider=$B8,I))))} -> 0 | W8: {=SUM(IF(Period=$V$2,IF(Site=$A$5,IF(Provider=$B8,J))))} -> 0 | Y8: =W8*(V8/V$83) -> 0 | Z8: =W8*(V8/V$891) -> 0 | AB8: {=SUM(IF(Period=$AB$2,IF(Site=$A$5,IF(Provider=$B8,I))))} -> 0 | AC8: {=SUM(IF(Period=$AB$2,IF(Site=$A$5,IF(Provider=$B8,J))))} -> 0 | AE8: =AC8*(AB8/AB$83) -> 0 | AF8: =AC8*(AB8/AB$891) -> 0 | AH8: {=SUM(IF(Period=$AH$2,IF(Site=$A$5,IF(Provider=$B8,I))))} -> 0 | AI8: {=SUM(IF(Period=$AH$2,IF(Site=$A$5,IF(Provider=$B8,J))))} -> 0 | AK8: =AI8*(AH8/AH$83) -> 0 | AL8: =AI8*(AH8/AH$891) -> 0 | AN8: {=SUM(IF(Period=$AN$2,IF(Site=$A$5,IF(Provider=$B8,I))))} -> 0 | AO8: {=SUM(IF(Period=$AN$2,IF(Site=$A$5,IF(Provider=$B8,J))))} -> 0 | AQ8: =AO8*(AN8/AN$83) -> 0 | AR8: =AO8*(AN8/AN$891) -> 0 | AT8: {=SUM(IF(Period=$AT$2,IF(Site=$A$5,IF(Provider=$B8,I))))} -> 2 | AU8: {=SUM(IF(Period=$AT$2,IF(Site=$A$5,IF(Provider=$B8,J))))} -> 3 | AW8: =AU8*(AT8/AT$83) -> 0.0029440628 | AX8: =AU8*(AT8/AT$891) -> 0.00018905379 | AZ8: {=SUM(IF(Period=$AZ$2,IF(Site=$A$5,IF(Provider=$B8,I))))} -> 0 | BA8: {=SUM(IF(Period=$AZ$2,IF(Site=$A$5,IF(Provider=$B8,J))))} -> 0 | BC8: =BA8*(AZ8/AZ$83) -> 0 | BD8: =BA8*(AZ8/AZ$891) -> 0 | BF8: {=SUM(IF(Period=$BF$2,IF(Site=$A$5,IF(Provider=$B8,I))))} -> 0 | BG8: {=SUM(IF(Period=$BF$2,IF(Site=$A$5,IF(Provider=$B8,J))))} -> 0 | BI8: =BG8*(BF8/BF$83) -> 0 | BJ8: =BG8*(BF8/BF$891) -> 0 | BL8: {=SUM(IF(Period=$BL$2,IF(Site=$A$5,IF(Provider=$B8,I))))} -> 0 | BM8: {=SUM(IF(Period=$BL$2,IF(Site=$A$5,IF(Provider=$B8,J))))} -> 0 | BO8: =BM8*(BL8/BL$83) -> 0 | BP8: =BM8*(BL8/BL$891) -> 0 | BR8: {=SUM(IF(Period=$BR$2,IF(Site=$A$5,IF(Provider=$B8,I))))} -> 0 | BS8: {=SUM(IF(Period=$BR$2,IF(Site=$A$5,IF(Provider=$B8,J))))} -> 0 | BU8: =BS8*(BR8/BR$83) -> 0 | BV8: =BS8*(BR8/BR$891) -> 0
B9: BANERJEE DO, PUSHPAL R | D9: {=SUM(IF(Period=$D$2,IF(Site=$A$5,IF(Provider=$B9,I))))} -> 0 | E9: {=SUM(IF(Period=$D$2,IF(Site=$A$5,IF(Provider=$B9,J))))} -> 0 | G9: =E9*(D9/D$83) -> 0 | H9: =E9*(D9/D$891) -> 0 | J9: {=SUM(IF(Period=$J$2,IF(Site=$A$5,IF(Provider=$B9,I))))} -> 41 | K9: {=SUM(IF(Period=$J$2,IF(Site=$A$5,IF(Provider=$B9,J))))} -> 3.5365854 | M9: =K9*(J9/J$83) -> 0.072536268 | N9: =K9*(J9/J$891) -> 0.004492363 | P9: {=SUM(IF(Period=$P$2,IF(Site=$A$5,IF(Provider=$B9,I))))} -> 0 | Q9: {=SUM(IF(Period=$P$2,IF(Site=$A$5,IF(Provider=$B9,J))))} -> 0 | S9: =Q9*(P9/P$83) -> 0 | T9: =Q9*(P9/P$891) -> 0 | V9: {=SUM(IF(Period=$V$2,IF(Site=$A$5,IF(Provider=$B9,I))))} -> 0 | W9: {=SUM(IF(Period=$V$2,IF(Site=$A$5,IF(Provider=$B9,J))))} -> 0 | Y9: =W9*(V9/V$83) -> 0 | Z9: =W9*(V9/V$891) -> 0 | AB9: {=SUM(IF(Period=$AB$2,IF(Site=$A$5,IF(Provider=$B9,I))))} -> 0 | AC9: {=SUM(IF(Period=$AB$2,IF(Site=$A$5,IF(Provider=$B9,J))))} -> 0 | AE9: =AC9*(AB9/AB$83) -> 0 | AF9: =AC9*(AB9/AB$891) -> 0 | AH9: {=SUM(IF(Period=$AH$2,IF(Site=$A$5,IF(Provider=$B9,I))))} -> 0 | AI9: {=SUM(IF(Period=$AH$2,IF(Site=$A$5,IF(Provider=$B9,J))))} -> 0 | AK9: =AI9*(AH9/AH$83) -> 0 | AL9: =AI9*(AH9/AH$891) -> 0 | AN9: {=SUM(IF(Period=$AN$2,IF(Site=$A$5,IF(Provider=$B9,I))))} -> 0 | AO9: {=SUM(IF(Period=$AN$2,IF(Site=$A$5,IF(Provider=$B9,J))))} -> 0 | AQ9: =AO9*(AN9/AN$83) -> 0 | AR9: =AO9*(AN9/AN$891) -> 0 | AT9: {=SUM(IF(Period=$AT$2,IF(Site=$A$5,IF(Provider=$B9,I))))} -> 16 | AU9: {=SUM(IF(Period=$AT$2,IF(Site=$A$5,IF(Provider=$B9,J))))} -> 2.6875 | AW9: =AU9*(AT9/AT$83) -> 0.021099117 | AX9: =AU9*(AT9/AT$891) -> 0.0013548855 | AZ9: {=SUM(IF(Period=$AZ$2,IF(Site=$A$5,IF(Provider=$B9,I))))} -> 23 | BA9: {=SUM(IF(Period=$AZ$2,IF(Site=$A$5,IF(Provider=$B9,J))))} -> 3.3478261 | BC9: =BA9*(AZ9/AZ$83) -> 0.040697674 | BD9: =BA9*(AZ9/AZ$891) -> 0.0025090423 | BF9: {=SUM(IF(Period=$BF$2,IF(Site=$A$5,IF(Provider=$B9,I))))} -> 0 | BG9: {=SUM(IF(Period=$BF$2,IF(Site=$A$5,IF(Provider=$B9,J))))} -> 0 | BI9: =BG9*(BF9/BF$83) -> 0 | BJ9: =BG9*(BF9/BF$891) -> 0 | BL9: {=SUM(IF(Period=$BL$2,IF(Site=$A$5,IF(Provider=$B9,I))))} -> 34 | BM9: {=SUM(IF(Period=$BL$2,IF(Site=$A$5,IF(Provider=$B9,J))))} -> 4.4411765 | BO9: =BM9*(BL9/BL$83) -> 0.070232558 | BP9: =BM9*(BL9/BL$891) -> 0.0046948357 | BR9: {=SUM(IF(Period=$BR$2,IF(Site=$A$5,IF(Provider=$B9,I))))} -> 2 | BS9: {=SUM(IF(Period=$BR$2,IF(Site=$A$5,IF(Provider=$B9,J))))} -> 2.5 | BU9: =BS9*(BR9/BR$83) -> 0.0020145044 | BV9: =BS9*(BR9/BR$891) -> 0.00014666628
B10: BENZING MD, ADAM C | D10: {=SUM(IF(Period=$D$2,IF(Site=$A$5,IF(Provider=$B10,I))))} -> 0 | E10: {=SUM(IF(Period=$D$2,IF(Site=$A$5,IF(Provider=$B10,J))))} -> 0 | G10: =E10*(D10/D$83) -> 0 | H10: =E10*(D10/D$891) -> 0 | J10: {=SUM(IF(Period=$J$2,IF(Site=$A$5,IF(Provider=$B10,I))))} -> 0 | K10: {=SUM(IF(Period=$J$2,IF(Site=$A$5,IF(Provider=$B10,J))))} -> 0 | M10: =K10*(J10/J$83) -> 0 | N10: =K10*(J10/J$891) -> 0 | P10: {=SUM(IF(Period=$P$2,IF(Site=$A$5,IF(Provider=$B10,I))))} -> 0 | Q10: {=SUM(IF(Period=$P$2,IF(Site=$A$5,IF(Provider=$B10,J))))} -> 0 | S10: =Q10*(P10/P$83) -> 0 | T10: =Q10*(P10/P$891) -> 0 | V10: {=SUM(IF(Period=$V$2,IF(Site=$A$5,IF(Provider=$B10,I))))} -> 0 | W10: {=SUM(IF(Period=$V$2,IF(Site=$A$5,IF(Provider=$B10,J))))} -> 0 | Y10: =W10*(V10/V$83) -> 0 | Z10: =W10*(V10/V$891) -> 0 | AB10: {=SUM(IF(Period=$AB$2,IF(Site=$A$5,IF(Provider=$B10,I))))} -> 0 | AC10: {=SUM(IF(Period=$AB$2,IF(Site=$A$5,IF(Provider=$B10,J))))} -> 0 | AE10: =AC10*(AB10/AB$83) -> 0 | AF10: =AC10*(AB10/AB$891) -> 0 | AH10: {=SUM(IF(Period=$AH$2,IF(Site=$A$5,IF(Provider=$B10,I))))} -> 0 | AI10: {=SUM(IF(Period=$AH$2,IF(Site=$A$5,IF(Provider=$B10,J))))} -> 0 | AK10: =AI10*(AH10/AH$83) -> 0 | AL10: =AI10*(AH10/AH$891) -> 0 | AN10: {=SUM(IF(Period=$AN$2,IF(Site=$A$5,IF(Provider=$B10,I))))} -> 0 | AO10: {=SUM(IF(Period=$AN$2,IF(Site=$A$5,IF(Provider=$B10,J))))} -> 0 | AQ10: =AO10*(AN10/AN$83) -> 0 | AR10: =AO10*(AN10/AN$891) -> 0 | AT10: {=SUM(IF(Period=$AT$2,IF(Site=$A$5,IF(Provider=$B10,I))))} -> 1 | AU10: {=SUM(IF(Period=$AT$2,IF(Site=$A$5,IF(Provider=$B10,J))))} -> 6 | AW10: =AU10*(AT10/AT$83) -> 0.0029440628 | AX10: =AU10*(AT10/AT$891) -> 0.00018905379 | AZ10: {=SUM(IF(Period=$AZ$2,IF(Site=$A$5,IF(Provider=$B10,I))))} -> 0 | BA10: {=SUM(IF(Period=$AZ$2,IF(Site=$A$5,IF(Provider=$B10,J))))} -> 0 | BC10: =BA10*(AZ10/AZ$83) -> 0 | BD10: =BA10*(AZ10/AZ$891) -> 0 | BF10: {=SUM(IF(Period=$BF$2,IF(Site=$A$5,IF(Provider=$B10,I))))} -> 0 | BG10: {=SUM(IF(Period=$BF$2,IF(Site=$A$5,IF(Provider=$B10,J))))} -> 0 | BI10: =BG10*(BF10/BF$83) -> 0 | BJ10: =BG10*(BF10/BF$891) -> 0 | BL10: {=SUM(IF(Period=$BL$2,IF(Site=$A$5,IF(Provider=$B10,I))))} -> 1 | BM10: {=SUM(IF(Period=$BL$2,IF(Site=$A$5,IF(Provider=$B10,J))))} -> 13 | BO10: =BM10*(BL10/BL$83) -> 0.0060465116 | BP10: =BM10*(BL10/BL$891) -> 0.00040419115 | BR10: {=SUM(IF(Period=$BR$2,IF(Site=$A$5,IF(Provider=$B10,I))))} -> 0 | BS10: {=SUM(IF(Period=$BR$2,IF(Site=$A$5,IF(Provider=$B10,J))))} -> 0 | BU10: =BS10*(BR10/BR$83) -> 0 | BV10: =BS10*(BR10/BR$891) -> 0
B11: CABRERA DO, ROLANDO G | D11: {=SUM(IF(Period=$D$2,IF(Site=$A$5,IF(Provider=$B11,I))))} -> 0 | E11: {=SUM(IF(Period=$D$2,IF(Site=$A$5,IF(Provider=$B11,J))))} -> 0 | G11: =E11*(D11/D$83) -> 0 | H11: =E11*(D11/D$891) -> 0 | J11: {=SUM(IF(Period=$J$2,IF(Site=$A$5,IF(Provider=$B11,I))))} -> 0 | K11: {=SUM(IF(Period=$J$2,IF(Site=$A$5,IF(Provider=$B11,J))))} -> 0 | M11: =K11*(J11/J$83) -> 0 | N11: =K11*(J11/J$891) -> 0 | P11: {=SUM(IF(Period=$P$2,IF(Site=$A$5,IF(Provider=$B11,I))))} -> 0 | Q11: {=SUM(IF(Period=$P$2,IF(Site=$A$5,IF(Provider=$B11,J))))} -> 0 | S11: =Q11*(P11/P$83) -> 0 | T11: =Q11*(P11/P$891) -> 0 | V11: {=SUM(IF(Period=$V$2,IF(Site=$A$5,IF(Provider=$B11,I))))} -> 0 | W11: {=SUM(IF(Period=$V$2,IF(Site=$A$5,IF(Provider=$B11,J))))} -> 0 | Y11: =W11*(V11/V$83) -> 0 | Z11: =W11*(V11/V$891) -> 0 | AB11: {=SUM(IF(Period=$AB$2,IF(Site=$A$5,IF(Provider=$B11,I))))} -> 0 | AC11: {=SUM(IF(Period=$AB$2,IF(Site=$A$5,IF(Provider=$B11,J))))} -> 0 | AE11: =AC11*(AB11/AB$83) -> 0 | AF11: =AC11*(AB11/AB$891) -> 0 | AH11: {=SUM(IF(Period=$AH$2,IF(Site=$A$5,IF(Provider=$B11,I))))} -> 1 | AI11: {=SUM(IF(Period=$AH$2,IF(Site=$A$5,IF(Provider=$B11,J))))} -> 8 | AK11: =AI11*(AH11/AH$83) -> 0.0040281974 | AL11: =AI11*(AH11/AH$891) -> 0.00027242389 | AN11: {=SUM(IF(Period=$AN$2,IF(Site=$A$5,IF(Provider=$B11,I))))} -> 0 | AO11: {=SUM(IF(Period=$AN$2,IF(Site=$A$5,IF(Provider=$B11,J))))} -> 0 | AQ11: =AO11*(AN11/AN$83) -> 0 | AR11: =AO11*(AN11/AN$891) -> 0 | AT11: {=SUM(IF(Period=$AT$2,IF(Site=$A$5,IF(Provider=$B11,I))))} -> 0 | AU11: {=SUM(IF(Period=$AT$2,IF(Site=$A$5,IF(Provider=$B11,J))))} -> 0 | AW11: =AU11*(AT11/AT$83) -> 0 | AX11: =AU11*(AT11/AT$891) -> 0 | AZ11: {=SUM(IF(Period=$AZ$2,IF(Site=$A$5,IF(Provider=$B11,I))))} -> 1 | BA11: {=SUM(IF(Period=$AZ$2,IF(Site=$A$5,IF(Provider=$B11,J))))} -> 1 | BC11: =BA11*(AZ11/AZ$83) -> 0.00052854123 | BD11: =BA11*(AZ11/AZ$891) -> 3.2584965e-05 | BF11: {=SUM(IF(Period=$BF$2,IF(Site=$A$5,IF(Provider=$B11,I))))} -> 2 | BG11: {=SUM(IF(Period=$BF$2,IF(Site=$A$5,IF(Provider=$B11,J))))} -> 4 | BI11: =BG11*(BF11/BF$83) -> 0.003992016 | BJ11: =BG11*(BF11/BF$891) -> 0.00024754007 | BL11: {=SUM(IF(Period=$BL$2,IF(Site=$A$5,IF(Provider=$B11,I))))} -> 1 | BM11: {=SUM(IF(Period=$BL$2,IF(Site=$A$5,IF(Provider=$B11,J))))} -> 7 | BO11: =BM11*(BL11/BL$83) -> 0.003255814 | BP11: =BM11*(BL11/BL$891) -> 0.00021764139 | BR11: {=SUM(IF(Period=$BR$2,IF(Site=$A$5,IF(Provider=$B11,I))))} -> 1 | BS11: {=SUM(IF(Period=$BR$2,IF(Site=$A$5,IF(Provider=$B11,J))))} -> 3 | BU11: =BS11*(BR11/BR$83) -> 0.0012087027 | BV11: =BS11*(BR11/BR$891) -> 8.7999765e-05
B12: CHANDLER MD, MARK R | D12: {=SUM(IF(Period=$D$2,IF(Site=$A$5,IF(Provider=$B12,I))))} -> 219 | E12: {=SUM(IF(Period=$D$2,IF(Site=$A$5,IF(Provider=$B12,J))))} -> 9.5753425 | G12: =E12*(D12/D$83) -> 0.96769728 | H12: =E12*(D12/D$891) -> 0.060735077 | J12: {=SUM(IF(Period=$J$2,IF(Site=$A$5,IF(Provider=$B12,I))))} -> 132 | K12: {=SUM(IF(Period=$J$2,IF(Site=$A$5,IF(Provider=$B12,J))))} -> 6.3484848 | M12: =K12*(J12/J$83) -> 0.4192096 | N12: =K12*(J12/J$891) -> 0.02596276 | P12: {=SUM(IF(Period=$P$2,IF(Site=$A$5,IF(Provider=$B12,I))))} -> 232 | Q12: {=SUM(IF(Period=$P$2,IF(Site=$A$5,IF(Provider=$B12,J))))} -> 6.6163793 | S12: =Q12*(P12/P$83) -> 0.71295866 | T12: =Q12*(P12/P$891) -> 0.044233762 | V12: {=SUM(IF(Period=$V$2,IF(Site=$A$5,IF(Provider=$B12,I))))} -> 210 | W12: {=SUM(IF(Period=$V$2,IF(Site=$A$5,IF(Provider=$B12,J))))} -> 5.0333333 | Y12: =W12*(V12/V$83) -> 0.50094787 | Z12: =W12*(V12/V$891) -> 0.03196637 | AB12: {=SUM(IF(Period=$AB$2,IF(Site=$A$5,IF(Provider=$B12,I))))} -> 248 | AC12: {=SUM(IF(Period=$AB$2,IF(Site=$A$5,IF(Provider=$B12,J))))} -> 4.5766129 | AE12: =AC12*(AB12/AB$83) -> 0.55097087 | AF12: =AC12*(AB12/AB$891) -> 0.03414458 | AH12: {=SUM(IF(Period=$AH$2,IF(Site=$A$5,IF(Provider=$B12,I))))} -> 250 | AI12: {=SUM(IF(Period=$AH$2,IF(Site=$A$5,IF(Provider=$B12,J))))} -> 4.26 | AK12: =AI12*(AH12/AH$83) -> 0.53625378 | AL12: =AI12*(AH12/AH$891) -> 0.036266431 | AN12: {=SUM(IF(Period=$AN$2,IF(Site=$A$5,IF(Provider=$B12,I))))} -> 161 | AO12: {=SUM(IF(Period=$AN$2,IF(Site=$A$5,IF(Provider=$B12,J))))} -> 4.8695652 | AQ12: =AO12*(AN12/AN$83) -> 0.40040858 | AR12: =AO12*(AN12/AN$891) -> 0.025071954 | AT12: {=SUM(IF(Period=$AT$2,IF(Site=$A$5,IF(Provider=$B12,I))))} -> 162 | AU12: {=SUM(IF(Period=$AT$2,IF(Site=$A$5,IF(Provider=$B12,J))))} -> 4.6358025 | AW12: =AU12*(AT12/AT$83) -> 0.36849853 | AX12: =AU12*(AT12/AT$891) -> 0.023663232 | AZ12: {=SUM(IF(Period=$AZ$2,IF(Site=$A$5,IF(Provider=$B12,I))))} -> 199 | BA12: {=SUM(IF(Period=$AZ$2,IF(Site=$A$5,IF(Provider=$B12,J))))} -> 5.201005 | BC12: =BA12*(AZ12/AZ$83) -> 0.54704017 | BD12: =BA12*(AZ12/AZ$891) -> 0.033725439 | BF12: {=SUM(IF(Period=$BF$2,IF(Site=$A$5,IF(Provider=$B12,I))))} -> 200 | BG12: {=SUM(IF(Period=$BF$2,IF(Site=$A$5,IF(Provider=$B12,J))))} -> 3.835 | BI12: =BG12*(BF12/BF$83) -> 0.38273453 | BJ12: =BG12*(BF12/BF$891) -> 0.023732904 | BL12: {=SUM(IF(Period=$BL$2,IF(Site=$A$5,IF(Provider=$B12,I))))} -> 211 | BM12: {=SUM(IF(Period=$BL$2,IF(Site=$A$5,IF(Provider=$B12,J))))} -> 4.4597156 | BO12: =BM12*(BL12/BL$83) -> 0.43767442 | BP12: =BM12*(BL12/BL$891) -> 0.029257221 | BR12: {=SUM(IF(Period=$BR$2,IF(Site=$A$5,IF(Provider=$B12,I))))} -> 196 | BS12: {=SUM(IF(Period=$BR$2,IF(Site=$A$5,IF(Provider=$B12,J))))} -> 5.6428571 | BU12: =BS12*(BR12/BR$83) -> 0.44560838 | BV12: =BS12*(BR12/BR$891) -> 0.03244258
B13: CHIANG MD, JAMES | D13: {=SUM(IF(Period=$D$2,IF(Site=$A$5,IF(Provider=$B13,I))))} -> 0 | E13: {=SUM(IF(Period=$D$2,IF(Site=$A$5,IF(Provider=$B13,J))))} -> 0 | G13: =E13*(D13/D$83) -> 0 | H13: =E13*(D13/D$891) -> 0 | J13: {=SUM(IF(Period=$J$2,IF(Site=$A$5,IF(Provider=$B13,I))))} -> 0 | K13: {=SUM(IF(Period=$J$2,IF(Site=$A$5,IF(Provider=$B13,J))))} -> 0 | M13: =K13*(J13/J$83) -> 0 | N13: =K13*(J13/J$891) -> 0 | P13: {=SUM(IF(Period=$P$2,IF(Site=$A$5,IF(Provider=$B13,I))))} -> 0 | Q13: {=SUM(IF(Period=$P$2,IF(Site=$A$5,IF(Provider=$B13,J))))} -> 0 | S13: =Q13*(P13/P$83) -> 0 | T13: =Q13*(P13/P$891) -> 0 | V13: {=SUM(IF(Period=$V$2,IF(Site=$A$5,IF(Provider=$B13,I))))} -> 0 | W13: {=SUM(IF(Period=$V$2,IF(Site=$A$5,IF(Provider=$B13,J))))} -> 0 | Y13: =W13*(V13/V$83) -> 0 | Z13: =W13*(V13/V$891) -> 0 | AB13: {=SUM(IF(Period=$AB$2,IF(Site=$A$5,IF(Provider=$B13,I))))} -> 0 | AC13: {=SUM(IF(Period=$AB$2,IF(Site=$A$5,IF(Provider=$B13,J))))} -> 0 | AE13: =AC13*(AB13/AB$83) -> 0 | AF13: =AC13*(AB13/AB$891) -> 0 | AH13: {=SUM(IF(Period=$AH$2,IF(Site=$A$5,IF(Provider=$B13,I))))} -> 0 | AI13: {=SUM(IF(Period=$AH$2,IF(Site=$A$5,IF(Provider=$B13,J))))} -> 0 | AK13: =AI13*(AH13/AH$83) -> 0 | AL13: =AI13*(AH13/AH$891) -> 0 | AN13: {=SUM(IF(Period=$AN$2,IF(Site=$A$5,IF(Provider=$B13,I))))} -> 0 | AO13: {=SUM(IF(Period=$AN$2,IF(Site=$A$5,IF(Provider=$B13,J))))} -> 0 | AQ13: =AO13*(AN13/AN$83) -> 0 | AR13: =AO13*(AN13/AN$891) -> 0 | AT13: {=SUM(IF(Period=$AT$2,IF(Site=$A$5,IF(Provider=$B13,I))))} -> 0 | AU13: {=SUM(IF(Period=$AT$2,IF(Site=$A$5,IF(Provider=$B13,J))))} -> 0 | AW13: =AU13*(AT13/AT$83) -> 0 | AX13: =AU13*(AT13/AT$891) -> 0 | AZ13: {=SUM(IF(Period=$AZ$2,IF(Site=$A$5,IF(Provider=$B13,I))))} -> 0 | BA13: {=SUM(IF(Period=$AZ$2,IF(Site=$A$5,IF(Provider=$B13,J))))} -> 0 | BC13: =BA13*(AZ13/AZ$83) -> 0 | BD13: =BA13*(AZ13/AZ$891) -> 0 | BF13: {=SUM(IF(Period=$BF$2,IF(Site=$A$5,IF(Provider=$B13,I))))} -> 0 | BG13: {=SUM(IF(Period=$BF$2,IF(Site=$A$5,IF(Provider=$B13,J))))} -> 0 | BI13: =BG13*(BF13/BF$83) -> 0 | BJ13: =BG13*(BF13/BF$891) -> 0 | BL13: {=SUM(IF(Period=$BL$2,IF(Site=$A$5,IF(Provider=$B13,I))))} -> 3 | BM13: {=SUM(IF(Period=$BL$2,IF(Site=$A$5,IF(Provider=$B13,J))))} -> 3.3333333 | BO13: =BM13*(BL13/BL$83) -> 0.0046511628 | BP13: =BM13*(BL13/BL$891) -> 0.00031091627 | BR13: {=SUM(IF(Period=$BR$2,IF(Site=$A$5,IF(Provider=$B13,I))))} -> 0 | BS13: {=SUM(IF(Period=$BR$2,IF(Site=$A$5,IF(Provider=$B13,J))))} -> 0 | BU13: =BS13*(BR13/BR$83) -> 0 | BV13: =BS13*(BR13/BR$891) -> 0
B14: COLARIC MD, KENNETH B | D14: {=SUM(IF(Period=$D$2,IF(Site=$A$5,IF(Provider=$B14,I))))} -> 0 | E14: {=SUM(IF(Period=$D$2,IF(Site=$A$5,IF(Provider=$B14,J))))} -> 0 | G14: =E14*(D14/D$83) -> 0 | H14: =E14*(D14/D$891) -> 0 | J14: {=SUM(IF(Period=$J$2,IF(Site=$A$5,IF(Provider=$B14,I))))} -> 0 | K14: {=SUM(IF(Period=$J$2,IF(Site=$A$5,IF(Provider=$B14,J))))} -> 0 | M14: =K14*(J14/J$83) -> 0 | N14: =K14*(J14/J$891) -> 0 | P14: {=SUM(IF(Period=$P$2,IF(Site=$A$5,IF(Provider=$B14,I))))} -> 0 | Q14: {=SUM(IF(Period=$P$2,IF(Site=$A$5,IF(Provider=$B14,J))))} -> 0 | S14: =Q14*(P14/P$83) -> 0 | T14: =Q14*(P14/P$891) -> 0 | V14: {=SUM(IF(Period=$V$2,IF(Site=$A$5,IF(Provider=$B14,I))))} -> 0 | W14: {=SUM(IF(Period=$V$2,IF(Site=$A$5,IF(Provider=$B14,J))))} -> 0 | Y14: =W14*(V14/V$83) -> 0 | Z14: =W14*(V14/V$891) -> 0 | AB14: {=SUM(IF(Period=$AB$2,IF(Site=$A$5,IF(Provider=$B14,I))))} -> 0 | AC14: {=SUM(IF(Period=$AB$2,IF(Site=$A$5,IF(Provider=$B14,J))))} -> 0 | AE14: =AC14*(AB14/AB$83) -> 0 | AF14: =AC14*(AB14/AB$891) -> 0 | AH14: {=SUM(IF(Period=$AH$2,IF(Site=$A$5,IF(Provider=$B14,I))))} -> 8 | AI14: {=SUM(IF(Period=$AH$2,IF(Site=$A$5,IF(Provider=$B14,J))))} -> 3.125 | AK14: =AI14*(AH14/AH$83) -> 0.012588117 | AL14: =AI14*(AH14/AH$891) -> 0.00085132466 | AN14: {=SUM(IF(Period=$AN$2,IF(Site=$A$5,IF(Provider=$B14,I))))} -> 74 | AO14: {=SUM(IF(Period=$AN$2,IF(Site=$A$5,IF(Provider=$B14,J))))} -> 4.5540541 | AQ14: =AO14*(AN14/AN$83) -> 0.1721144 | AR14: =AO14*(AN14/AN$891) -> 0.010777103 | AT14: {=SUM(IF(Period=$AT$2,IF(Site=$A$5,IF(Provider=$B14,I))))} -> 13 | AU14: {=SUM(IF(Period=$AT$2,IF(Site=$A$5,IF(Provider=$B14,J))))} -> 7.0769231 | AW14: =AU14*(AT14/AT$83) -> 0.045142296 | AX14: =AU14*(AT14/AT$891) -> 0.0028988247 | AZ14: {=SUM(IF(Period=$AZ$2,IF(Site=$A$5,IF(Provider=$B14,I))))} -> 73 | BA14: {=SUM(IF(Period=$AZ$2,IF(Site=$A$5,IF(Provider=$B14,J))))} -> 4.9589041 | BC14: =BA14*(AZ14/AZ$83) -> 0.19133192 | BD14: =BA14*(AZ14/AZ$891) -> 0.011795757 | BF14: {=SUM(IF(Period=$BF$2,IF(Site=$A$5,IF(Provider=$B14,I))))} -> 0 | BG14: {=SUM(IF(Period=$BF$2,IF(Site=$A$5,IF(Provider=$B14,J))))} -> 0 | BI14: =BG14*(BF14/BF$83) -> 0 | BJ14: =BG14*(BF14/BF$891) -> 0 | BL14: {=SUM(IF(Period=$BL$2,IF(Site=$A$5,IF(Provider=$B14,I))))} -> 24 | BM14: {=SUM(IF(Period=$BL$2,IF(Site=$A$5,IF(Provider=$B14,J))))} -> 10.041667 | BO14: =BM14*(BL14/BL$83) -> 0.11209302 | BP14: =BM14*(BL14/BL$891) -> 0.0074930821 | BR14: {=SUM(IF(Period=$BR$2,IF(Site=$A$5,IF(Provider=$B14,I))))} -> 0 | BS14: {=SUM(IF(Period=$BR$2,IF(Site=$A$5,IF(Provider=$B14,J))))} -> 0 | BU14: =BS14*(BR14/BR$83) -> 0 | BV14: =BS14*(BR14/BR$891) -> 0
B15: COLON CRUZ MD, EDDID | D15: {=SUM(IF(Period=$D$2,IF(Site=$A$5,IF(Provider=$B15,I))))} -> 0 | E15: {=SUM(IF(Period=$D$2,IF(Site=$A$5,IF(Provider=$B15,J))))} -> 0 | G15: =E15*(D15/D$83) -> 0 | H15: =E15*(D15/D$891) -> 0 | J15: {=SUM(IF(Period=$J$2,IF(Site=$A$5,IF(Provider=$B15,I))))} -> 0 | K15: {=SUM(IF(Period=$J$2,IF(Site=$A$5,IF(Provider=$B15,J))))} -> 0 | M15: =K15*(J15/J$83) -> 0 | N15: =K15*(J15/J$891) -> 0 | P15: {=SUM(IF(Period=$P$2,IF(Site=$A$5,IF(Provider=$B15,I))))} -> 0 | Q15: {=SUM(IF(Period=$P$2,IF(Site=$A$5,IF(Provider=$B15,J))))} -> 0 | S15: =Q15*(P15/P$83) -> 0 | T15: =Q15*(P15/P$891) -> 0 | V15: {=SUM(IF(Period=$V$2,IF(Site=$A$5,IF(Provider=$B15,I))))} -> 0 | W15: {=SUM(IF(Period=$V$2,IF(Site=$A$5,IF(Provider=$B15,J))))} -> 0 | Y15: =W15*(V15/V$83) -> 0 | Z15: =W15*(V15/V$891) -> 0 | AB15: {=SUM(IF(Period=$AB$2,IF(Site=$A$5,IF(Provider=$B15,I))))} -> 0 | AC15: {=SUM(IF(Period=$AB$2,IF(Site=$A$5,IF(Provider=$B15,J))))} -> 0 | AE15: =AC15*(AB15/AB$83) -> 0 | AF15: =AC15*(AB15/AB$891) -> 0 | AH15: {=SUM(IF(Period=$AH$2,IF(Site=$A$5,IF(Provider=$B15,I))))} -> 0 | AI15: {=SUM(IF(Period=$AH$2,IF(Site=$A$5,IF(Provider=$B15,J))))} -> 0 | AK15: =AI15*(AH15/AH$83) -> 0 | AL15: =AI15*(AH15/AH$891) -> 0 | AN15: {=SUM(IF(Period=$AN$2,IF(Site=$A$5,IF(Provider=$B15,I))))} -> 0 | AO15: {=SUM(IF(Period=$AN$2,IF(Site=$A$5,IF(Provider=$B15,J))))} -> 0 | AQ15: =AO15*(AN15/AN$83) -> 0 | AR15: =AO15*(AN15/AN$891) -> 0 | AT15: {=SUM(IF(Period=$AT$2,IF(Site=$A$5,IF(Provider=$B15,I))))} -> 0 | AU15: {=SUM(IF(Period=$AT$2,IF(Site=$A$5,IF(Provider=$B15,J))))} -> 0 | AW15: =AU15*(AT15/AT$83) -> 0 | AX15: =AU15*(AT15/AT$891) -> 0 | AZ15: {=SUM(IF(Period=$AZ$2,IF(Site=$A$5,IF(Provider=$B15,I))))} -> 1 | BA15: {=SUM(IF(Period=$AZ$2,IF(Site=$A$5,IF(Provider=$B15,J))))} -> 1 | BC15: =BA15*(AZ15/AZ$83) -> 0.00052854123 | BD15: =BA15*(AZ15/AZ$891) -> 3.2584965e-05 | BF15: {=SUM(IF(Period=$BF$2,IF(Site=$A$5,IF(Provider=$B15,I))))} -> 0 | BG15: {=SUM(IF(Period=$BF$2,IF(Site=$A$5,IF(Provider=$B15,J))))} -> 0 | BI15: =BG15*(BF15/BF$83) -> 0 | BJ15: =BG15*(BF15/BF$891) -> 0 | BL15: {=SUM(IF(Period=$BL$2,IF(Site=$A$5,IF(Provider=$B15,I))))} -> 0 | BM15: {=SUM(IF(Period=$BL$2,IF(Site=$A$5,IF(Provider=$B15,J))))} -> 0 | BO15: =BM15*(BL15/BL$83) -> 0 | BP15: =BM15*(BL15/BL$891) -> 0 | BR15: {=SUM(IF(Period=$BR$2,IF(Site=$A$5,IF(Provider=$B15,I))))} -> 0 | BS15: {=SUM(IF(Period=$BR$2,IF(Site=$A$5,IF(Provider=$B15,J))))} -> 0 | BU15: =BS15*(BR15/BR$83) -> 0 | BV15: =BS15*(BR15/BR$891) -> 0
B16: CONTI PA, LORETTA M | D16: {=SUM(IF(Period=$D$2,IF(Site=$A$5,IF(Provider=$B16,I))))} -> 0 | E16: {=SUM(IF(Period=$D$2,IF(Site=$A$5,IF(Provider=$B16,J))))} -> 0 | G16: =E16*(D16/D$83) -> 0 | H16: =E16*(D16/D$891) -> 0 | J16: {=SUM(IF(Period=$J$2,IF(Site=$A$5,IF(Provider=$B16,I))))} -> 0 | K16: {=SUM(IF(Period=$J$2,IF(Site=$A$5,IF(Provider=$B16,J))))} -> 0 | M16: =K16*(J16/J$83) -> 0 | N16: =K16*(J16/J$891) -> 0 | P16: {=SUM(IF(Period=$P$2,IF(Site=$A$5,IF(Provider=$B16,I))))} -> 0 | Q16: {=SUM(IF(Period=$P$2,IF(Site=$A$5,IF(Provider=$B16,J))))} -> 0 | S16: =Q16*(P16/P$83) -> 0 | T16: =Q16*(P16/P$891) -> 0 | V16: {=SUM(IF(Period=$V$2,IF(Site=$A$5,IF(Provider=$B16,I))))} -> 0 | W16: {=SUM(IF(Period=$V$2,IF(Site=$A$5,IF(Provider=$B16,J))))} -> 0 | Y16: =W16*(V16/V$83) -> 0 | Z16: =W16*(V16/V$891) -> 0 | AB16: {=SUM(IF(Period=$AB$2,IF(Site=$A$5,IF(Provider=$B16,I))))} -> 0 | AC16: {=SUM(IF(Period=$AB$2,IF(Site=$A$5,IF(Provider=$B16,J))))} -> 0 | AE16: =AC16*(AB16/AB$83) -> 0 | AF16: =AC16*(AB16/AB$891) -> 0 | AH16: {=SUM(IF(Period=$AH$2,IF(Site=$A$5,IF(Provider=$B16,I))))} -> 0 | AI16: {=SUM(IF(Period=$AH$2,IF(Site=$A$5,IF(Provider=$B16,J))))} -> 0 | AK16: =AI16*(AH16/AH$83) -> 0 | AL16: =AI16*(AH16/AH$891) -> 0 | AN16: {=SUM(IF(Period=$AN$2,IF(Site=$A$5,IF(Provider=$B16,I))))} -> 0 | AO16: {=SUM(IF(Period=$AN$2,IF(Site=$A$5,IF(Provider=$B16,J))))} -> 0 | AQ16: =AO16*(AN16/AN$83) -> 0 | AR16: =AO16*(AN16/AN$891) -> 0 | AT16: {=SUM(IF(Period=$AT$2,IF(Site=$A$5,IF(Provider=$B16,I))))} -> 14 | AU16: {=SUM(IF(Period=$AT$2,IF(Site=$A$5,IF(Provider=$B16,J))))} -> 4.2142857 | AW16: =AU16*(AT16/AT$83) -> 0.028949951 | AX16: =AU16*(AT16/AT$891) -> 0.0018590289 | AZ16: {=SUM(IF(Period=$AZ$2,IF(Site=$A$5,IF(Provider=$B16,I))))} -> 37 | BA16: {=SUM(IF(Period=$AZ$2,IF(Site=$A$5,IF(Provider=$B16,J))))} -> 3.2162162 | BC16: =BA16*(AZ16/AZ$83) -> 0.062896406 | BD16: =BA16*(AZ16/AZ$891) -> 0.0038776109 | BF16: {=SUM(IF(Period=$BF$2,IF(Site=$A$5,IF(Provider=$B16,I))))} -> 38 | BG16: {=SUM(IF(Period=$BF$2,IF(Site=$A$5,IF(Provider=$B16,J))))} -> 3.7368421 | BI16: =BG16*(BF16/BF$83) -> 0.070858283 | BJ16: =BG16*(BF16/BF$891) -> 0.0043938363 | BL16: {=SUM(IF(Period=$BL$2,IF(Site=$A$5,IF(Provider=$B16,I))))} -> 62 | BM16: {=SUM(IF(Period=$BL$2,IF(Site=$A$5,IF(Provider=$B16,J))))} -> 3.3225806 | BO16: =BM16*(BL16/BL$83) -> 0.095813953 | BP16: =BM16*(BL16/BL$891) -> 0.0064048752 | BR16: {=SUM(IF(Period=$BR$2,IF(Site=$A$5,IF(Provider=$B16,I))))} -> 119 | BS16: {=SUM(IF(Period=$BR$2,IF(Site=$A$5,IF(Provider=$B16,J))))} -> 5.8907563 | BU16: =BS16*(BR16/BR$83) -> 0.28243352 | BV16: =BS16*(BR16/BR$891) -> 0.020562612
B17: CRAEN MD, ALEXANDRA | D17: {=SUM(IF(Period=$D$2,IF(Site=$A$5,IF(Provider=$B17,I))))} -> 0 | E17: {=SUM(IF(Period=$D$2,IF(Site=$A$5,IF(Provider=$B17,J))))} -> 0 | G17: =E17*(D17/D$83) -> 0 | H17: =E17*(D17/D$891) -> 0 | J17: {=SUM(IF(Period=$J$2,IF(Site=$A$5,IF(Provider=$B17,I))))} -> 0 | K17: {=SUM(IF(Period=$J$2,IF(Site=$A$5,IF(Provider=$B17,J))))} -> 0 | M17: =K17*(J17/J$83) -> 0 | N17: =K17*(J17/J$891) -> 0 | P17: {=SUM(IF(Period=$P$2,IF(Site=$A$5,IF(Provider=$B17,I))))} -> 0 | Q17: {=SUM(IF(Period=$P$2,IF(Site=$A$5,IF(Provider=$B17,J))))} -> 0 | S17: =Q17*(P17/P$83) -> 0 | T17: =Q17*(P17/P$891) -> 0 | V17: {=SUM(IF(Period=$V$2,IF(Site=$A$5,IF(Provider=$B17,I))))} -> 0 | W17: {=SUM(IF(Period=$V$2,IF(Site=$A$5,IF(Provider=$B17,J))))} -> 0 | Y17: =W17*(V17/V$83) -> 0 | Z17: =W17*(V17/V$891) -> 0 | AB17: {=SUM(IF(Period=$AB$2,IF(Site=$A$5,IF(Provider=$B17,I))))} -> 0 | AC17: {=SUM(IF(Period=$AB$2,IF(Site=$A$5,IF(Provider=$B17,J))))} -> 0 | AE17: =AC17*(AB17/AB$83) -> 0 | AF17: =AC17*(AB17/AB$891) -> 0 | AH17: {=SUM(IF(Period=$AH$2,IF(Site=$A$5,IF(Provider=$B17,I))))} -> 0 | AI17: {=SUM(IF(Period=$AH$2,IF(Site=$A$5,IF(Provider=$B17,J))))} -> 0 | AK17: =AI17*(AH17/AH$83) -> 0 | AL17: =AI17*(AH17/AH$891) -> 0 | AN17: {=SUM(IF(Period=$AN$2,IF(Site=$A$5,IF(Provider=$B17,I))))} -> 0 | AO17: {=SUM(IF(Period=$AN$2,IF(Site=$A$5,IF(Provider=$B17,J))))} -> 0 | AQ17: =AO17*(AN17/AN$83) -> 0 | AR17: =AO17*(AN17/AN$891) -> 0 | AT17: {=SUM(IF(Period=$AT$2,IF(Site=$A$5,IF(Provider=$B17,I))))} -> 0 | AU17: {=SUM(IF(Period=$AT$2,IF(Site=$A$5,IF(Provider=$B17,J))))} -> 0 | AW17: =AU17*(AT17/AT$83) -> 0 | AX17: =AU17*(AT17/AT$891) -> 0 | AZ17: {=SUM(IF(Period=$AZ$2,IF(Site=$A$5,IF(Provider=$B17,I))))} -> 1 | BA17: {=SUM(IF(Period=$AZ$2,IF(Site=$A$5,IF(Provider=$B17,J))))} -> 3 | BC17: =BA17*(AZ17/AZ$83) -> 0.0015856237 | BD17: =BA17*(AZ17/AZ$891) -> 9.7754896e-05 | BF17: {=SUM(IF(Period=$BF$2,IF(Site=$A$5,IF(Provider=$B17,I))))} -> 0 | BG17: {=SUM(IF(Period=$BF$2,IF(Site=$A$5,IF(Provider=$B17,J))))} -> 0 | BI17: =BG17*(BF17/BF$83) -> 0 | BJ17: =BG17*(BF17/BF$891) -> 0 | BL17: {=SUM(IF(Period=$BL$2,IF(Site=$A$5,IF(Provider=$B17,I))))} -> 0 | BM17: {=SUM(IF(Period=$BL$2,IF(Site=$A$5,IF(Provider=$B17,J))))} -> 0 | BO17: =BM17*(BL17/BL$83) -> 0 | BP17: =BM17*(BL17/BL$891) -> 0 | BR17: {=SUM(IF(Period=$BR$2,IF(Site=$A$5,IF(Provider=$B17,I))))} -> 0 | BS17: {=SUM(IF(Period=$BR$2,IF(Site=$A$5,IF(Provider=$B17,J))))} -> 0 | BU17: =BS17*(BR17/BR$83) -> 0 | BV17: =BS17*(BR17/BR$891) -> 0
... B82: WILLIS MD, SCOTT | D82: {=SUM(IF(Period=$D$2,IF(Site=$A$5,IF(Provider=$B82,I))))} -> 37 | E82: {=SUM(IF(Period=$D$2,IF(Site=$A$5,IF(Provider=$B82,J))))} -> 5.8648649 | G82: =E82*(D82/D$83) -> 0.10013844 | H82: =E82*(D82/D$891) -> 0.0062849364 | J82: {=SUM(IF(Period=$J$2,IF(Site=$A$5,IF(Provider=$B82,I))))} -> 87 | K82: {=SUM(IF(Period=$J$2,IF(Site=$A$5,IF(Provider=$B82,J))))} -> 4.3333333 | M82: =K82*(J82/J$83) -> 0.1885943 | N82: =K82*(J82/J$891) -> 0.011680144 | P82: {=SUM(IF(Period=$P$2,IF(Site=$A$5,IF(Provider=$B82,I))))} -> 23 | Q82: {=SUM(IF(Period=$P$2,IF(Site=$A$5,IF(Provider=$B82,J))))} -> 4.7391304 | S82: =Q82*(P82/P$83) -> 0.050627032 | T82: =Q82*(P82/P$891) -> 0.0031410293 | V82: {=SUM(IF(Period=$V$2,IF(Site=$A$5,IF(Provider=$B82,I))))} -> 1 | W82: {=SUM(IF(Period=$V$2,IF(Site=$A$5,IF(Provider=$B82,J))))} -> 2 | Y82: =W82*(V82/V$83) -> 0.0009478673 | Z82: =W82*(V82/V$891) -> 6.048509e-05 | AB82: {=SUM(IF(Period=$AB$2,IF(Site=$A$5,IF(Provider=$B82,I))))} -> 0 | AC82: {=SUM(IF(Period=$AB$2,IF(Site=$A$5,IF(Provider=$B82,J))))} -> 0 | AE82: =AC82*(AB82/AB$83) -> 0 | AF82: =AC82*(AB82/AB$891) -> 0 | AH82: {=SUM(IF(Period=$AH$2,IF(Site=$A$5,IF(Provider=$B82,I))))} -> 22 | AI82: {=SUM(IF(Period=$AH$2,IF(Site=$A$5,IF(Provider=$B82,J))))} -> 3.5909091 | AK82: =AI82*(AH82/AH$83) -> 0.039778449 | AL82: =AI82*(AH82/AH$891) -> 0.0026901859 | AN82: {=SUM(IF(Period=$AN$2,IF(Site=$A$5,IF(Provider=$B82,I))))} -> 60 | AO82: {=SUM(IF(Period=$AN$2,IF(Site=$A$5,IF(Provider=$B82,J))))} -> 5.75 | AQ82: =AO82*(AN82/AN$83) -> 0.1762002 | AR82: =AO82*(AN82/AN$891) -> 0.011032939 | AT82: {=SUM(IF(Period=$AT$2,IF(Site=$A$5,IF(Provider=$B82,I))))} -> 38 | AU82: {=SUM(IF(Period=$AT$2,IF(Site=$A$5,IF(Provider=$B82,J))))} -> 4.5263158 | AW82: =AU82*(AT82/AT$83) -> 0.084396467 | AX82: =AU82*(AT82/AT$891) -> 0.0054195419 | AZ82: {=SUM(IF(Period=$AZ$2,IF(Site=$A$5,IF(Provider=$B82,I))))} -> 0 | BA82: {=SUM(IF(Period=$AZ$2,IF(Site=$A$5,IF(Provider=$B82,J))))} -> 0 | BC82: =BA82*(AZ82/AZ$83) -> 0 | BD82: =BA82*(AZ82/AZ$891) -> 0 | BF82: {=SUM(IF(Period=$BF$2,IF(Site=$A$5,IF(Provider=$B82,I))))} -> 0 | BG82: {=SUM(IF(Period=$BF$2,IF(Site=$A$5,IF(Provider=$B82,J))))} -> 0 | BI82: =BG82*(BF82/BF$83) -> 0 | BJ82: =BG82*(BF82/BF$891) -> 0 | BL82: {=SUM(IF(Period=$BL$2,IF(Site=$A$5,IF(Provider=$B82,I))))} -> 277 | BM82: {=SUM(IF(Period=$BL$2,IF(Site=$A$5,IF(Provider=$B82,J))))} -> 3.8844765 | BO82: =BM82*(BL82/BL$83) -> 0.50046512 | BP82: =BM82*(BL82/BL$891) -> 0.033454591 | BR82: {=SUM(IF(Period=$BR$2,IF(Site=$A$5,IF(Provider=$B82,I))))} -> 335 | BS82: {=SUM(IF(Period=$BR$2,IF(Site=$A$5,IF(Provider=$B82,J))))} -> 5.9402985 | BU82: =BS82*(BR82/BR$83) -> 0.80177276 | BV82: =BS82*(BR82/BR$891) -> 0.058373178
B83: Subtotal | D83: =SUM(D6:D82) -> 2167 | E83: =SUM(G6:G82) -> 8.2505768 | F83: =MEDIAN(E6,E7,E12,E18,E25,E27,E28,E29,E30,E31,E34,E41,E43,E44,E49,E50,E52,E53,E56,E60,E61,E62,E71,E76,E82) -> 6.5333333 | J83: =SUM(J6:J82) -> 1999 | K83: =SUM(M6:M82) -> 5.9304652 | L83: =MEDIAN(K6,K7,K9,K12,K18,K20,K25,K27,K28,K30,K31,K33,K34,K38,K40,K41,K43,K44,K48,K50,K52,K53,K56,K60,K61,K62,K75,K76,K82) -> 5 | P83: =SUM(P6:P82) -> 2153 | Q83: =SUM(S6:S82) -> 5.3896888 | R83: =MEDIAN(Q6,Q12,Q18,Q25,Q27,Q28,Q30,Q31,Q33,Q34,Q41,Q43,Q47,Q50,Q52,Q53,Q56,Q59,Q61,Q62,Q71,Q76,Q78,Q82) -> 4.7758065 | V83: =SUM(V6:V82) -> 2110 | W83: =SUM(Y6:Y82) -> 4.8118483 | X83: =MEDIAN(W7,W12,W18,W25,W27,W28,W29,W30,W31,W33,W34,W35,W43,W50,W52,W53,W56,W59,W60,W61,W62,W71,W76,W78,W82) -> 4.1428571 | AB83: =SUM(AB6:AB82) -> 2060 | AC83: =SUM(AE6:AE82) -> 4.238835 | AD83: =MEDIAN(AC7,AC12,AC18,AC21,AC25,AC27,AC28,AC30,AC31,AC34,AC42,AC43,AC47,AC49,AC50,AC52,AC53,AC56,AC59,AC61,AC65,AC71,AC75,AC76) -> 3.7760417 | AH83: =SUM(AH6:AH82) -> 1986 | AI83: =SUM(AK6:AK82) -> 5.7507849 | AJ83: =MEDIAN(AI7,AI11,AI12,AI14,AI18,AI21:AI25,AI27:AI34,AI42:AI44,AI50,AI53,AI56:AI57,AI60:AI61,AI66:AI67,AI71,AI74:AI76,AI78,AI82) -> 4.26 | AN83: =SUM(AN6:AN82) -> 1958 | AO83: =SUM(AQ6:AQ82) -> 4.9550562 | AP83: =MEDIAN(AO6:AO7,AO12,AO14,AO18:AO19,AO21,AO23,AO25,AO27:AO28,AO30:AO31,AO33:AO34,AO36,AO39,AO42:AO44,AO49:AO51,AO53,AO56,AO59,AO61,AO65:AO66,AO71,AO74:AO78,AO82) -> 4.4880952 | AT83: =SUM(AT6:AT82) -> 2038 | AU83: =SUM(AW6:AW82) -> 5.0613346 | AV83: =MEDIAN(AU6,AU8:AU10,AU12,AU14,AU16,AU18,AU21,AU23,AU25,AU27:AU29,AU31:AU35,AU43,AU45,AU47,AU49:AU51,AU53,AU56,AU58:AU59,AU61,AU69,AU71:AU73,AU76:AU77,AU82) -> 4.6358025 | AZ83: =SUM(AZ6:AZ82) -> 1892 | BA83: =SUM(BC6:BC82) -> 4.7315011 | BB83: =MEDIAN(BA6,BA9,BA11:BA12,BA14:BA18,BA23,BA28:BA29,BA33:BA34,BA43:BA44,BA46,BA50:BA51,BA53,BA55:BA56,BA59,BA61,BA63,BA65:BA66,BA68,BA71,BA77:BA78) -> 4 | BF83: =SUM(BF6:BF82) -> 2004 | BG83: =SUM(BI6:BI82) -> 3.9354395 | BH83: =MEDIAN(BG6,BG11:BG12,BG16,BG18,BG21,BG23:BG28,BG31,BG33:BG34,BG37:BG38,BG43:BG44,BG46:BG47,BG50,BG53,BG56,BG58:BG59,BG61,BG64,BG71:BG72,BG77:BG78) -> 3.8284589 | BL83: =SUM(BL6:BL82) -> 2150 | BM83: =SUM(BO6:BO82) -> 4.9781999 | BN83: =MEDIAN(BM6:BM7,BM9:BM14,BM16,BM18:BM19,BM23,BM27:BM29,BM31,BM33:BM35,BM37,BM43,BM46:BM47,BM50,BM53:BM54,BM56,BM59,BM66,BM71,BM76,BM79:BM80,BM82) -> 4.2684192 | BR83: =SUM(BR6:BR82) -> 2482 | BS83: =SUM(BU6:BU82) -> 6.3136896 | BT83: =MEDIAN(BS6:BS7,BS9,BS11:BS12,BS16,BS18:BS19,BS23,BS25,BS27,BS31,BS33:BS34,BS36:BS38,BS43:BS44,BS46,BS50,BS53,BS56,BS59,BS61,BS64,BS66,BS70:BS71,BS76:BS77,BS79,BS81:BS82) -> 5.6547619
A85: JFK-BB
B86: ALEMAN-BRIZUELA MD, VLADANA | D86: {=SUM(IF(Period=$D$2,IF(Site=$A$85,IF(Provider=$B86,I))))} -> 0 | E86: {=SUM(IF(Period=$D$2,IF(Site=$A$85,IF(Provider=$B86,J))))} -> 0 | G86: =E86*(D86/D$128) -> 0 | H86: =E86*(D86/D$891) -> 0 | J86: {=SUM(IF(Period=$J$2,IF(Site=$A$85,IF(Provider=$B86,I))))} -> 0 | K86: {=SUM(IF(Period=$J$2,IF(Site=$A$85,IF(Provider=$B86,J))))} -> 0 | M86: =K86*(J86/J$128) -> 0 | N86: =K86*(J86/J$891) -> 0 | P86: {=SUM(IF(Period=$P$2,IF(Site=$A$85,IF(Provider=$B86,I))))} -> 0 | Q86: {=SUM(IF(Period=$P$2,IF(Site=$A$85,IF(Provider=$B86,J))))} -> 0 | S86: =Q86*(P86/P$128) -> 0 | T86: =Q86*(P86/P$891) -> 0 | V86: {=SUM(IF(Period=$V$2,IF(Site=$A$85,IF(Provider=$B86,I))))} -> 57 | W86: {=SUM(IF(Period=$V$2,IF(Site=$A$85,IF(Provider=$B86,J))))} -> 8.245614 | Y86: =W86*(V86/V$128) -> 0.62583222 | Z86: =W86*(V86/V$891) -> 0.014213996 | AB86: {=SUM(IF(Period=$AB$2,IF(Site=$A$85,IF(Provider=$B86,I))))} -> 31 | AC86: {=SUM(IF(Period=$AB$2,IF(Site=$A$85,IF(Provider=$B86,J))))} -> 3.0645161 | AE86: =AC86*(AB86/AB$128) -> 0.16435986 | AF86: =AC86*(AB86/AB$891) -> 0.0028579164 | AH86: {=SUM(IF(Period=$AH$2,IF(Site=$A$85,IF(Provider=$B86,I))))} -> 0 | AI86: {=SUM(IF(Period=$AH$2,IF(Site=$A$85,IF(Provider=$B86,J))))} -> 0 | AK86: =AI86*(AH86/AH$128) -> 0 | AL86: =AI86*(AH86/AH$891) -> 0 | AN86: {=SUM(IF(Period=$AN$2,IF(Site=$A$85,IF(Provider=$B86,I))))} -> 0 | AO86: {=SUM(IF(Period=$AN$2,IF(Site=$A$85,IF(Provider=$B86,J))))} -> 0 | AQ86: =AO86*(AN86/AN$128) -> 0 | AR86: =AO86*(AN86/AN$891) -> 0 | AT86: {=SUM(IF(Period=$AT$2,IF(Site=$A$85,IF(Provider=$B86,I))))} -> 0 | AU86: {=SUM(IF(Period=$AT$2,IF(Site=$A$85,IF(Provider=$B86,J))))} -> 0 | AW86: =AU86*(AT86/AT$128) -> 0 | AX86: =AU86*(AT86/AT$891) -> 0 | AZ86: {=SUM(IF(Period=$AZ$2,IF(Site=$A$85,IF(Provider=$B86,I))))} -> 0 | BA86: {=SUM(IF(Period=$AZ$2,IF(Site=$A$85,IF(Provider=$B86,J))))} -> 0 | BC86: =BA86*(AZ86/AZ$128) -> 0 | BD86: =BA86*(AZ86/AZ$891) -> 0 | BF86: {=SUM(IF(Period=$BF$2,IF(Site=$A$85,IF(Provider=$B86,I))))} -> 0 | BG86: {=SUM(IF(Period=$BF$2,IF(Site=$A$85,IF(Provider=$B86,J))))} -> 0 | BI86: =BG86*(BF86/BF$128) -> 0 | BJ86: =BG86*(BF86/BF$891) -> 0 | BL86: {=SUM(IF(Period=$BL$2,IF(Site=$A$85,IF(Provider=$B86,I))))} -> 0 | BM86: {=SUM(IF(Period=$BL$2,IF(Site=$A$85,IF(Provider=$B86,J))))} -> 0 | BO86: =BM86*(BL86/BL$128) -> 0 | BP86: =BM86*(BL86/BL$891) -> 0 | BR86: {=SUM(IF(Period=$BR$2,IF(Site=$A$85,IF(Provider=$B86,I))))} -> 0 | BS86: {=SUM(IF(Period=$BR$2,IF(Site=$A$85,IF(Provider=$B86,J))))} -> 0 | BU86: =BS86*(BR86/BR$128) -> 0 | BV86: =BS86*(BR86/BR$891) -> 0
B87: AVERBACH MD, JOSEPH B | D87: {=SUM(IF(Period=$D$2,IF(Site=$A$85,IF(Provider=$B87,I))))} -> 0 | E87: {=SUM(IF(Period=$D$2,IF(Site=$A$85,IF(Provider=$B87,J))))} -> 0 | G87: =E87*(D87/D$128) -> 0 | H87: =E87*(D87/D$891) -> 0 | J87: {=SUM(IF(Period=$J$2,IF(Site=$A$85,IF(Provider=$B87,I))))} -> 0 | K87: {=SUM(IF(Period=$J$2,IF(Site=$A$85,IF(Provider=$B87,J))))} -> 0 | M87: =K87*(J87/J$128) -> 0 | N87: =K87*(J87/J$891) -> 0 | P87: {=SUM(IF(Period=$P$2,IF(Site=$A$85,IF(Provider=$B87,I))))} -> 0 | Q87: {=SUM(IF(Period=$P$2,IF(Site=$A$85,IF(Provider=$B87,J))))} -> 0 | S87: =Q87*(P87/P$128) -> 0 | T87: =Q87*(P87/P$891) -> 0 | V87: {=SUM(IF(Period=$V$2,IF(Site=$A$85,IF(Provider=$B87,I))))} -> 0 | W87: {=SUM(IF(Period=$V$2,IF(Site=$A$85,IF(Provider=$B87,J))))} -> 0 | Y87: =W87*(V87/V$128) -> 0 | Z87: =W87*(V87/V$891) -> 0 | AB87: {=SUM(IF(Period=$AB$2,IF(Site=$A$85,IF(Provider=$B87,I))))} -> 0 | AC87: {=SUM(IF(Period=$AB$2,IF(Site=$A$85,IF(Provider=$B87,J))))} -> 0 | AE87: =AC87*(AB87/AB$128) -> 0 | AF87: =AC87*(AB87/AB$891) -> 0 | AH87: {=SUM(IF(Period=$AH$2,IF(Site=$A$85,IF(Provider=$B87,I))))} -> 0 | AI87: {=SUM(IF(Period=$AH$2,IF(Site=$A$85,IF(Provider=$B87,J))))} -> 0 | AK87: =AI87*(AH87/AH$128) -> 0 | AL87: =AI87*(AH87/AH$891) -> 0 | AN87: {=SUM(IF(Period=$AN$2,IF(Site=$A$85,IF(Provider=$B87,I))))} -> 0 | AO87: {=SUM(IF(Period=$AN$2,IF(Site=$A$85,IF(Provider=$B87,J))))} -> 0 | AQ87: =AO87*(AN87/AN$128) -> 0 | AR87: =AO87*(AN87/AN$891) -> 0 | AT87: {=SUM(IF(Period=$AT$2,IF(Site=$A$85,IF(Provider=$B87,I))))} -> 0 | AU87: {=SUM(IF(Period=$AT$2,IF(Site=$A$85,IF(Provider=$B87,J))))} -> 0 | AW87: =AU87*(AT87/AT$128) -> 0 | AX87: =AU87*(AT87/AT$891) -> 0 | AZ87: {=SUM(IF(Period=$AZ$2,IF(Site=$A$85,IF(Provider=$B87,I))))} -> 15 | BA87: {=SUM(IF(Period=$AZ$2,IF(Site=$A$85,IF(Provider=$B87,J))))} -> 7.4666667 | BC87: =BA87*(AZ87/AZ$128) -> 0.19893428 | BD87: =BA87*(AZ87/AZ$891) -> 0.0036495161 | BF87: {=SUM(IF(Period=$BF$2,IF(Site=$A$85,IF(Provider=$B87,I))))} -> 27 | BG87: {=SUM(IF(Period=$BF$2,IF(Site=$A$85,IF(Provider=$B87,J))))} -> 7.1851852 | BI87: =BG87*(BF87/BF$128) -> 0.32715008 | BJ87: =BG87*(BF87/BF$891) -> 0.0060028467 | BL87: {=SUM(IF(Period=$BL$2,IF(Site=$A$85,IF(Provider=$B87,I))))} -> 0 | BM87: {=SUM(IF(Period=$BL$2,IF(Site=$A$85,IF(Provider=$B87,J))))} -> 0 | BO87: =BM87*(BL87/BL$128) -> 0 | BP87: =BM87*(BL87/BL$891) -> 0 | BR87: {=SUM(IF(Period=$BR$2,IF(Site=$A$85,IF(Provider=$B87,I))))} -> 0 | BS87: {=SUM(IF(Period=$BR$2,IF(Site=$A$85,IF(Provider=$B87,J))))} -> 0 | BU87: =BS87*(BR87/BR$128) -> 0 | BV87: =BS87*(BR87/BR$891) -> 0
B88: BOWRY MD, RIDDHI | D88: {=SUM(IF(Period=$D$2,IF(Site=$A$85,IF(Provider=$B88,I))))} -> 0 | E88: {=SUM(IF(Period=$D$2,IF(Site=$A$85,IF(Provider=$B88,J))))} -> 0 | G88: =E88*(D88/D$128) -> 0 | H88: =E88*(D88/D$891) -> 0 | J88: {=SUM(IF(Period=$J$2,IF(Site=$A$85,IF(Provider=$B88,I))))} -> 0 | K88: {=SUM(IF(Period=$J$2,IF(Site=$A$85,IF(Provider=$B88,J))))} -> 0 | M88: =K88*(J88/J$128) -> 0 | N88: =K88*(J88/J$891) -> 0 | P88: {=SUM(IF(Period=$P$2,IF(Site=$A$85,IF(Provider=$B88,I))))} -> 0 | Q88: {=SUM(IF(Period=$P$2,IF(Site=$A$85,IF(Provider=$B88,J))))} -> 0 | S88: =Q88*(P88/P$128) -> 0 | T88: =Q88*(P88/P$891) -> 0 | V88: {=SUM(IF(Period=$V$2,IF(Site=$A$85,IF(Provider=$B88,I))))} -> 0 | W88: {=SUM(IF(Period=$V$2,IF(Site=$A$85,IF(Provider=$B88,J))))} -> 0 | Y88: =W88*(V88/V$128) -> 0 | Z88: =W88*(V88/V$891) -> 0 | AB88: {=SUM(IF(Period=$AB$2,IF(Site=$A$85,IF(Provider=$B88,I))))} -> 0 | AC88: {=SUM(IF(Period=$AB$2,IF(Site=$A$85,IF(Provider=$B88,J))))} -> 0 | AE88: =AC88*(AB88/AB$128) -> 0 | AF88: =AC88*(AB88/AB$891) -> 0 | AH88: {=SUM(IF(Period=$AH$2,IF(Site=$A$85,IF(Provider=$B88,I))))} -> 6 | AI88: {=SUM(IF(Period=$AH$2,IF(Site=$A$85,IF(Provider=$B88,J))))} -> 3.8333333 | AK88: =AI88*(AH88/AH$128) -> 0.045275591 | AL88: =AI88*(AH88/AH$891) -> 0.00078321869 | AN88: {=SUM(IF(Period=$AN$2,IF(Site=$A$85,IF(Provider=$B88,I))))} -> 1 | AO88: {=SUM(IF(Period=$AN$2,IF(Site=$A$85,IF(Provider=$B88,J))))} -> 3 | AQ88: =AO88*(AN88/AN$128) -> 0.0052816901 | AR88: =AO88*(AN88/AN$891) -> 9.5938599e-05 | AT88: {=SUM(IF(Period=$AT$2,IF(Site=$A$85,IF(Provider=$B88,I))))} -> 0 | AU88: {=SUM(IF(Period=$AT$2,IF(Site=$A$85,IF(Provider=$B88,J))))} -> 0 | AW88: =AU88*(AT88/AT$128) -> 0 | AX88: =AU88*(AT88/AT$891) -> 0 | AZ88: {=SUM(IF(Period=$AZ$2,IF(Site=$A$85,IF(Provider=$B88,I))))} -> 0 | BA88: {=SUM(IF(Period=$AZ$2,IF(Site=$A$85,IF(Provider=$B88,J))))} -> 0 | BC88: =BA88*(AZ88/AZ$128) -> 0 | BD88: =BA88*(AZ88/AZ$891) -> 0 | BF88: {=SUM(IF(Period=$BF$2,IF(Site=$A$85,IF(Provider=$B88,I))))} -> 0 | BG88: {=SUM(IF(Period=$BF$2,IF(Site=$A$85,IF(Provider=$B88,J))))} -> 0 | BI88: =BG88*(BF88/BF$128) -> 0 | BJ88: =BG88*(BF88/BF$891) -> 0 | BL88: {=SUM(IF(Period=$BL$2,IF(Site=$A$85,IF(Provider=$B88,I))))} -> 0 | BM88: {=SUM(IF(Period=$BL$2,IF(Site=$A$85,IF(Provider=$B88,J))))} -> 0 | BO88: =BM88*(BL88/BL$128) -> 0 | BP88: =BM88*(BL88/BL$891) -> 0 | BR88: {=SUM(IF(Period=$BR$2,IF(Site=$A$85,IF(Provider=$B88,I))))} -> 0 | BS88: {=SUM(IF(Period=$BR$2,IF(Site=$A$85,IF(Provider=$B88,J))))} -> 0 | BU88: =BS88*(BR88/BR$128) -> 0 | BV88: =BS88*(BR88/BR$891) -> 0
B89: BUI DO, TRIMINH H | D89: {=SUM(IF(Period=$D$2,IF(Site=$A$85,IF(Provider=$B89,I))))} -> 0 | E89: {=SUM(IF(Period=$D$2,IF(Site=$A$85,IF(Provider=$B89,J))))} -> 0 | G89: =E89*(D89/D$128) -> 0 | H89: =E89*(D89/D$891) -> 0 | J89: {=SUM(IF(Period=$J$2,IF(Site=$A$85,IF(Provider=$B89,I))))} -> 0 | K89: {=SUM(IF(Period=$J$2,IF(Site=$A$85,IF(Provider=$B89,J))))} -> 0 | M89: =K89*(J89/J$128) -> 0 | N89: =K89*(J89/J$891) -> 0 | P89: {=SUM(IF(Period=$P$2,IF(Site=$A$85,IF(Provider=$B89,I))))} -> 0 | Q89: {=SUM(IF(Period=$P$2,IF(Site=$A$85,IF(Provider=$B89,J))))} -> 0 | S89: =Q89*(P89/P$128) -> 0 | T89: =Q89*(P89/P$891) -> 0 | V89: {=SUM(IF(Period=$V$2,IF(Site=$A$85,IF(Provider=$B89,I))))} -> 0 | W89: {=SUM(IF(Period=$V$2,IF(Site=$A$85,IF(Provider=$B89,J))))} -> 0 | Y89: =W89*(V89/V$128) -> 0 | Z89: =W89*(V89/V$891) -> 0 | AB89: {=SUM(IF(Period=$AB$2,IF(Site=$A$85,IF(Provider=$B89,I))))} -> 0 | AC89: {=SUM(IF(Period=$AB$2,IF(Site=$A$85,IF(Provider=$B89,J))))} -> 0 | AE89: =AC89*(AB89/AB$128) -> 0 | AF89: =AC89*(AB89/AB$891) -> 0 | AH89: {=SUM(IF(Period=$AH$2,IF(Site=$A$85,IF(Provider=$B89,I))))} -> 0 | AI89: {=SUM(IF(Period=$AH$2,IF(Site=$A$85,IF(Provider=$B89,J))))} -> 0 | AK89: =AI89*(AH89/AH$128) -> 0 | AL89: =AI89*(AH89/AH$891) -> 0 | AN89: {=SUM(IF(Period=$AN$2,IF(Site=$A$85,IF(Provider=$B89,I))))} -> 1 | AO89: {=SUM(IF(Period=$AN$2,IF(Site=$A$85,IF(Provider=$B89,J))))} -> 2 | AQ89: =AO89*(AN89/AN$128) -> 0.0035211268 | AR89: =AO89*(AN89/AN$891) -> 6.3959066e-05 | AT89: {=SUM(IF(Period=$AT$2,IF(Site=$A$85,IF(Provider=$B89,I))))} -> 0 | AU89: {=SUM(IF(Period=$AT$2,IF(Site=$A$85,IF(Provider=$B89,J))))} -> 0 | AW89: =AU89*(AT89/AT$128) -> 0 | AX89: =AU89*(AT89/AT$891) -> 0 | AZ89: {=SUM(IF(Period=$AZ$2,IF(Site=$A$85,IF(Provider=$B89,I))))} -> 0 | BA89: {=SUM(IF(Period=$AZ$2,IF(Site=$A$85,IF(Provider=$B89,J))))} -> 0 | BC89: =BA89*(AZ89/AZ$128) -> 0 | BD89: =BA89*(AZ89/AZ$891) -> 0 | BF89: {=SUM(IF(Period=$BF$2,IF(Site=$A$85,IF(Provider=$B89,I))))} -> 0 | BG89: {=SUM(IF(Period=$BF$2,IF(Site=$A$85,IF(Provider=$B89,J))))} -> 0 | BI89: =BG89*(BF89/BF$128) -> 0 | BJ89: =BG89*(BF89/BF$891) -> 0 | BL89: {=SUM(IF(Period=$BL$2,IF(Site=$A$85,IF(Provider=$B89,I))))} -> 0 | BM89: {=SUM(IF(Period=$BL$2,IF(Site=$A$85,IF(Provider=$B89,J))))} -> 0 | BO89: =BM89*(BL89/BL$128) -> 0 | BP89: =BM89*(BL89/BL$891) -> 0 | BR89: {=SUM(IF(Period=$BR$2,IF(Site=$A$85,IF(Provider=$B89,I))))} -> 0 | BS89: {=SUM(IF(Period=$BR$2,IF(Site=$A$85,IF(Provider=$B89,J))))} -> 0 | BU89: =BS89*(BR89/BR$128) -> 0 | BV89: =BS89*(BR89/BR$891) -> 0
B90: CHAPIN MD, ETHAN ADAIR | D90: {=SUM(IF(Period=$D$2,IF(Site=$A$85,IF(Provider=$B90,I))))} -> 0 | E90: {=SUM(IF(Period=$D$2,IF(Site=$A$85,IF(Provider=$B90,J))))} -> 0 | G90: =E90*(D90/D$128) -> 0 | H90: =E90*(D90/D$891) -> 0 | J90: {=SUM(IF(Period=$J$2,IF(Site=$A$85,IF(Provider=$B90,I))))} -> 0 | K90: {=SUM(IF(Period=$J$2,IF(Site=$A$85,IF(Provider=$B90,J))))} -> 0 | M90: =K90*(J90/J$128) -> 0 | N90: =K90*(J90/J$891) -> 0 | P90: {=SUM(IF(Period=$P$2,IF(Site=$A$85,IF(Provider=$B90,I))))} -> 0 | Q90: {=SUM(IF(Period=$P$2,IF(Site=$A$85,IF(Provider=$B90,J))))} -> 0 | S90: =Q90*(P90/P$128) -> 0 | T90: =Q90*(P90/P$891) -> 0 | V90: {=SUM(IF(Period=$V$2,IF(Site=$A$85,IF(Provider=$B90,I))))} -> 0 | W90: {=SUM(IF(Period=$V$2,IF(Site=$A$85,IF(Provider=$B90,J))))} -> 0 | Y90: =W90*(V90/V$128) -> 0 | Z90: =W90*(V90/V$891) -> 0 | AB90: {=SUM(IF(Period=$AB$2,IF(Site=$A$85,IF(Provider=$B90,I))))} -> 0 | AC90: {=SUM(IF(Period=$AB$2,IF(Site=$A$85,IF(Provider=$B90,J))))} -> 0 | AE90: =AC90*(AB90/AB$128) -> 0 | AF90: =AC90*(AB90/AB$891) -> 0 | AH90: {=SUM(IF(Period=$AH$2,IF(Site=$A$85,IF(Provider=$B90,I))))} -> 0 | AI90: {=SUM(IF(Period=$AH$2,IF(Site=$A$85,IF(Provider=$B90,J))))} -> 0 | AK90: =AI90*(AH90/AH$128) -> 0 | AL90: =AI90*(AH90/AH$891) -> 0 | AN90: {=SUM(IF(Period=$AN$2,IF(Site=$A$85,IF(Provider=$B90,I))))} -> 27 | AO90: {=SUM(IF(Period=$AN$2,IF(Site=$A$85,IF(Provider=$B90,J))))} -> 3.5185185 | AQ90: =AO90*(AN90/AN$128) -> 0.16725352 | AR90: =AO90*(AN90/AN$891) -> 0.0030380556 | AT90: {=SUM(IF(Period=$AT$2,IF(Site=$A$85,IF(Provider=$B90,I))))} -> 0 | AU90: {=SUM(IF(Period=$AT$2,IF(Site=$A$85,IF(Provider=$B90,J))))} -> 0 | AW90: =AU90*(AT90/AT$128) -> 0 | AX90: =AU90*(AT90/AT$891) -> 0 | AZ90: {=SUM(IF(Period=$AZ$2,IF(Site=$A$85,IF(Provider=$B90,I))))} -> 0 | BA90: {=SUM(IF(Period=$AZ$2,IF(Site=$A$85,IF(Provider=$B90,J))))} -> 0 | BC90: =BA90*(AZ90/AZ$128) -> 0 | BD90: =BA90*(AZ90/AZ$891) -> 0 | BF90: {=SUM(IF(Period=$BF$2,IF(Site=$A$85,IF(Provider=$B90,I))))} -> 0 | BG90: {=SUM(IF(Period=$BF$2,IF(Site=$A$85,IF(Provider=$B90,J))))} -> 0 | BI90: =BG90*(BF90/BF$128) -> 0 | BJ90: =BG90*(BF90/BF$891) -> 0 | BL90: {=SUM(IF(Period=$BL$2,IF(Site=$A$85,IF(Provider=$B90,I))))} -> 0 | BM90: {=SUM(IF(Period=$BL$2,IF(Site=$A$85,IF(Provider=$B90,J))))} -> 0 | BO90: =BM90*(BL90/BL$128) -> 0 | BP90: =BM90*(BL90/BL$891) -> 0 | BR90: {=SUM(IF(Period=$BR$2,IF(Site=$A$85,IF(Provider=$B90,I))))} -> 0 | BS90: {=SUM(IF(Period=$BR$2,IF(Site=$A$85,IF(Provider=$B90,J))))} -> 0 | BU90: =BS90*(BR90/BR$128) -> 0 | BV90: =BS90*(BR90/BR$891) -> 0
B91: CLOHESSY DO, BRIAN J | D91: {=SUM(IF(Period=$D$2,IF(Site=$A$85,IF(Provider=$B91,I))))} -> 114 | E91: {=SUM(IF(Period=$D$2,IF(Site=$A$85,IF(Provider=$B91,J))))} -> 3.9035088 | G91: =E91*(D91/D$128) -> 0.47239915 | H91: =E91*(D91/D$891) -> 0.012888464 | J91: {=SUM(IF(Period=$J$2,IF(Site=$A$85,IF(Provider=$B91,I))))} -> 89 | K91: {=SUM(IF(Period=$J$2,IF(Site=$A$85,IF(Provider=$B91,J))))} -> 3.505618 | M91: =K91*(J91/J$128) -> 0.42333786 | N91: =K91*(J91/J$891) -> 0.0096663259 | P91: {=SUM(IF(Period=$P$2,IF(Site=$A$85,IF(Provider=$B91,I))))} -> 109 | Q91: {=SUM(IF(Period=$P$2,IF(Site=$A$85,IF(Provider=$B91,J))))} -> 2.8807339 | S91: =Q91*(P91/P$128) -> 0.40568475 | T91: =Q91*(P91/P$891) -> 0.0090484698 | V91: {=SUM(IF(Period=$V$2,IF(Site=$A$85,IF(Provider=$B91,I))))} -> 100 | W91: {=SUM(IF(Period=$V$2,IF(Site=$A$85,IF(Provider=$B91,J))))} -> 3.12 | Y91: =W91*(V91/V$128) -> 0.41544607 | Z91: =W91*(V91/V$891) -> 0.0094356741 | AB91: {=SUM(IF(Period=$AB$2,IF(Site=$A$85,IF(Provider=$B91,I))))} -> 65 | AC91: {=SUM(IF(Period=$AB$2,IF(Site=$A$85,IF(Provider=$B91,J))))} -> 2.8307692 | AE91: =AC91*(AB91/AB$128) -> 0.3183391 | AF91: =AC91*(AB91/AB$891) -> 0.0055353329 | AH91: {=SUM(IF(Period=$AH$2,IF(Site=$A$85,IF(Provider=$B91,I))))} -> 69 | AI91: {=SUM(IF(Period=$AH$2,IF(Site=$A$85,IF(Provider=$B91,J))))} -> 2.7681159 | AK91: =AI91*(AH91/AH$128) -> 0.37598425 | AL91: =AI91*(AH91/AH$891) -> 0.0065041204 | AN91: {=SUM(IF(Period=$AN$2,IF(Site=$A$85,IF(Provider=$B91,I))))} -> 66 | AO91: {=SUM(IF(Period=$AN$2,IF(Site=$A$85,IF(Provider=$B91,J))))} -> 3.2575758 | AQ91: =AO91*(AN91/AN$128) -> 0.37852113 | AR91: =AO91*(AN91/AN$891) -> 0.0068755996 | AT91: {=SUM(IF(Period=$AT$2,IF(Site=$A$85,IF(Provider=$B91,I))))} -> 73 | AU91: {=SUM(IF(Period=$AT$2,IF(Site=$A$85,IF(Provider=$B91,J))))} -> 3.5342466 | AW91: =AU91*(AT91/AT$128) -> 0.52226721 | AX91: =AU91*(AT91/AT$891) -> 0.0081293128 | AZ91: {=SUM(IF(Period=$AZ$2,IF(Site=$A$85,IF(Provider=$B91,I))))} -> 49 | BA91: {=SUM(IF(Period=$AZ$2,IF(Site=$A$85,IF(Provider=$B91,J))))} -> 2.9183673 | BC91: =BA91*(AZ91/AZ$128) -> 0.25399645 | BD91: =BA91*(AZ91/AZ$891) -> 0.00465965 | BF91: {=SUM(IF(Period=$BF$2,IF(Site=$A$85,IF(Provider=$B91,I))))} -> 70 | BG91: {=SUM(IF(Period=$BF$2,IF(Site=$A$85,IF(Provider=$B91,J))))} -> 3.4428571 | BI91: =BG91*(BF91/BF$128) -> 0.40640809 | BJ91: =BG91*(BF91/BF$891) -> 0.0074571446 | BL91: {=SUM(IF(Period=$BL$2,IF(Site=$A$85,IF(Provider=$B91,I))))} -> 81 | BM91: {=SUM(IF(Period=$BL$2,IF(Site=$A$85,IF(Provider=$B91,J))))} -> 2.9382716 | BO91: =BM91*(BL91/BL$128) -> 0.36115326 | BP91: =BM91*(BL91/BL$891) -> 0.0073998072 | BR91: {=SUM(IF(Period=$BR$2,IF(Site=$A$85,IF(Provider=$B91,I))))} -> 60 | BS91: {=SUM(IF(Period=$BR$2,IF(Site=$A$85,IF(Provider=$B91,J))))} -> 4.3 | BU91: =BS91*(BR91/BR$128) -> 0.30105018 | BV91: =BS91*(BR91/BR$891) -> 0.0075679798
B92: COBA MD, JOSE V | D92: {=SUM(IF(Period=$D$2,IF(Site=$A$85,IF(Provider=$B92,I))))} -> 0 | E92: {=SUM(IF(Period=$D$2,IF(Site=$A$85,IF(Provider=$B92,J))))} -> 0 | G92: =E92*(D92/D$128) -> 0 | H92: =E92*(D92/D$891) -> 0 | J92: {=SUM(IF(Period=$J$2,IF(Site=$A$85,IF(Provider=$B92,I))))} -> 0 | K92: {=SUM(IF(Period=$J$2,IF(Site=$A$85,IF(Provider=$B92,J))))} -> 0 | M92: =K92*(J92/J$128) -> 0 | N92: =K92*(J92/J$891) -> 0 | P92: {=SUM(IF(Period=$P$2,IF(Site=$A$85,IF(Provider=$B92,I))))} -> 0 | Q92: {=SUM(IF(Period=$P$2,IF(Site=$A$85,IF(Provider=$B92,J))))} -> 0 | S92: =Q92*(P92/P$128) -> 0 | T92: =Q92*(P92/P$891) -> 0 | V92: {=SUM(IF(Period=$V$2,IF(Site=$A$85,IF(Provider=$B92,I))))} -> 1 | W92: {=SUM(IF(Period=$V$2,IF(Site=$A$85,IF(Provider=$B92,J))))} -> 1 | Y92: =W92*(V92/V$128) -> 0.0013315579 | Z92: =W92*(V92/V$891) -> 3.0242545e-05 | AB92: {=SUM(IF(Period=$AB$2,IF(Site=$A$85,IF(Provider=$B92,I))))} -> 0 | AC92: {=SUM(IF(Period=$AB$2,IF(Site=$A$85,IF(Provider=$B92,J))))} -> 0 | AE92: =AC92*(AB92/AB$128) -> 0 | AF92: =AC92*(AB92/AB$891) -> 0 | AH92: {=SUM(IF(Period=$AH$2,IF(Site=$A$85,IF(Provider=$B92,I))))} -> 0 | AI92: {=SUM(IF(Period=$AH$2,IF(Site=$A$85,IF(Provider=$B92,J))))} -> 0 | AK92: =AI92*(AH92/AH$128) -> 0 | AL92: =AI92*(AH92/AH$891) -> 0 | AN92: {=SUM(IF(Period=$AN$2,IF(Site=$A$85,IF(Provider=$B92,I))))} -> 0 | AO92: {=SUM(IF(Period=$AN$2,IF(Site=$A$85,IF(Provider=$B92,J))))} -> 0 | AQ92: =AO92*(AN92/AN$128) -> 0 | AR92: =AO92*(AN92/AN$891) -> 0 | AT92: {=SUM(IF(Period=$AT$2,IF(Site=$A$85,IF(Provider=$B92,I))))} -> 0 | AU92: {=SUM(IF(Period=$AT$2,IF(Site=$A$85,IF(Provider=$B92,J))))} -> 0 | AW92: =AU92*(AT92/AT$128) -> 0 | AX92: =AU92*(AT92/AT$891) -> 0 | AZ92: {=SUM(IF(Period=$AZ$2,IF(Site=$A$85,IF(Provider=$B92,I))))} -> 0 | BA92: {=SUM(IF(Period=$AZ$2,IF(Site=$A$85,IF(Provider=$B92,J))))} -> 0 | BC92: =BA92*(AZ92/AZ$128) -> 0 | BD92: =BA92*(AZ92/AZ$891) -> 0 | BF92: {=SUM(IF(Period=$BF$2,IF(Site=$A$85,IF(Provider=$B92,I))))} -> 0 | BG92: {=SUM(IF(Period=$BF$2,IF(Site=$A$85,IF(Provider=$B92,J))))} -> 0 | BI92: =BG92*(BF92/BF$128) -> 0 | BJ92: =BG92*(BF92/BF$891) -> 0 | BL92: {=SUM(IF(Period=$BL$2,IF(Site=$A$85,IF(Provider=$B92,I))))} -> 0 | BM92: {=SUM(IF(Period=$BL$2,IF(Site=$A$85,IF(Provider=$B92,J))))} -> 0 | BO92: =BM92*(BL92/BL$128) -> 0 | BP92: =BM92*(BL92/BL$891) -> 0 | BR92: {=SUM(IF(Period=$BR$2,IF(Site=$A$85,IF(Provider=$B92,I))))} -> 0 | BS92: {=SUM(IF(Period=$BR$2,IF(Site=$A$85,IF(Provider=$B92,J))))} -> 0 | BU92: =BS92*(BR92/BR$128) -> 0 | BV92: =BS92*(BR92/BR$891) -> 0
B93: COCHRAN MD, JAMES M | D93: {=SUM(IF(Period=$D$2,IF(Site=$A$85,IF(Provider=$B93,I))))} -> 0 | E93: {=SUM(IF(Period=$D$2,IF(Site=$A$85,IF(Provider=$B93,J))))} -> 0 | G93: =E93*(D93/D$128) -> 0 | H93: =E93*(D93/D$891) -> 0 | J93: {=SUM(IF(Period=$J$2,IF(Site=$A$85,IF(Provider=$B93,I))))} -> 0 | K93: {=SUM(IF(Period=$J$2,IF(Site=$A$85,IF(Provider=$B93,J))))} -> 0 | M93: =K93*(J93/J$128) -> 0 | N93: =K93*(J93/J$891) -> 0 | P93: {=SUM(IF(Period=$P$2,IF(Site=$A$85,IF(Provider=$B93,I))))} -> 1 | Q93: {=SUM(IF(Period=$P$2,IF(Site=$A$85,IF(Provider=$B93,J))))} -> 3 | S93: =Q93*(P93/P$128) -> 0.003875969 | T93: =Q93*(P93/P$891) -> 8.6450349e-05 | V93: {=SUM(IF(Period=$V$2,IF(Site=$A$85,IF(Provider=$B93,I))))} -> 0 | W93: {=SUM(IF(Period=$V$2,IF(Site=$A$85,IF(Provider=$B93,J))))} -> 0 | Y93: =W93*(V93/V$128) -> 0 | Z93: =W93*(V93/V$891) -> 0 | AB93: {=SUM(IF(Period=$AB$2,IF(Site=$A$85,IF(Provider=$B93,I))))} -> 0 | AC93: {=SUM(IF(Period=$AB$2,IF(Site=$A$85,IF(Provider=$B93,J))))} -> 0 | AE93: =AC93*(AB93/AB$128) -> 0 | AF93: =AC93*(AB93/AB$891) -> 0 | AH93: {=SUM(IF(Period=$AH$2,IF(Site=$A$85,IF(Provider=$B93,I))))} -> 0 | AI93: {=SUM(IF(Period=$AH$2,IF(Site=$A$85,IF(Provider=$B93,J))))} -> 0 | AK93: =AI93*(AH93/AH$128) -> 0 | AL93: =AI93*(AH93/AH$891) -> 0 | AN93: {=SUM(IF(Period=$AN$2,IF(Site=$A$85,IF(Provider=$B93,I))))} -> 0 | AO93: {=SUM(IF(Period=$AN$2,IF(Site=$A$85,IF(Provider=$B93,J))))} -> 0 | AQ93: =AO93*(AN93/AN$128) -> 0 | AR93: =AO93*(AN93/AN$891) -> 0 | AT93: {=SUM(IF(Period=$AT$2,IF(Site=$A$85,IF(Provider=$B93,I))))} -> 0 | AU93: {=SUM(IF(Period=$AT$2,IF(Site=$A$85,IF(Provider=$B93,J))))} -> 0 | AW93: =AU93*(AT93/AT$128) -> 0 | AX93: =AU93*(AT93/AT$891) -> 0 | AZ93: {=SUM(IF(Period=$AZ$2,IF(Site=$A$85,IF(Provider=$B93,I))))} -> 0 | BA93: {=SUM(IF(Period=$AZ$2,IF(Site=$A$85,IF(Provider=$B93,J))))} -> 0 | BC93: =BA93*(AZ93/AZ$128) -> 0 | BD93: =BA93*(AZ93/AZ$891) -> 0 | BF93: {=SUM(IF(Period=$BF$2,IF(Site=$A$85,IF(Provider=$B93,I))))} -> 0 | BG93: {=SUM(IF(Period=$BF$2,IF(Site=$A$85,IF(Provider=$B93,J))))} -> 0 | BI93: =BG93*(BF93/BF$128) -> 0 | BJ93: =BG93*(BF93/BF$891) -> 0 | BL93: {=SUM(IF(Period=$BL$2,IF(Site=$A$85,IF(Provider=$B93,I))))} -> 0 | BM93: {=SUM(IF(Period=$BL$2,IF(Site=$A$85,IF(Provider=$B93,J))))} -> 0 | BO93: =BM93*(BL93/BL$128) -> 0 | BP93: =BM93*(BL93/BL$891) -> 0 | BR93: {=SUM(IF(Period=$BR$2,IF(Site=$A$85,IF(Provider=$B93,I))))} -> 0 | BS93: {=SUM(IF(Period=$BR$2,IF(Site=$A$85,IF(Provider=$B93,J))))} -> 0 | BU93: =BS93*(BR93/BR$128) -> 0 | BV93: =BS93*(BR93/BR$891) -> 0
B94: CRANE MD, JOSEPH T | D94: {=SUM(IF(Period=$D$2,IF(Site=$A$85,IF(Provider=$B94,I))))} -> 0 | E94: {=SUM(IF(Period=$D$2,IF(Site=$A$85,IF(Provider=$B94,J))))} -> 0 | G94: =E94*(D94/D$128) -> 0 | H94: =E94*(D94/D$891) -> 0 | J94: {=SUM(IF(Period=$J$2,IF(Site=$A$85,IF(Provider=$B94,I))))} -> 0 | K94: {=SUM(IF(Period=$J$2,IF(Site=$A$85,IF(Provider=$B94,J))))} -> 0 | M94: =K94*(J94/J$128) -> 0 | N94: =K94*(J94/J$891) -> 0 | P94: {=SUM(IF(Period=$P$2,IF(Site=$A$85,IF(Provider=$B94,I))))} -> 0 | Q94: {=SUM(IF(Period=$P$2,IF(Site=$A$85,IF(Provider=$B94,J))))} -> 0 | S94: =Q94*(P94/P$128) -> 0 | T94: =Q94*(P94/P$891) -> 0 | V94: {=SUM(IF(Period=$V$2,IF(Site=$A$85,IF(Provider=$B94,I))))} -> 43 | W94: {=SUM(IF(Period=$V$2,IF(Site=$A$85,IF(Provider=$B94,J))))} -> 4.1162791 | Y94: =W94*(V94/V$128) -> 0.23568575 | Z94: =W94*(V94/V$891) -> 0.0053529305 | AB94: {=SUM(IF(Period=$AB$2,IF(Site=$A$85,IF(Provider=$B94,I))))} -> 0 | AC94: {=SUM(IF(Period=$AB$2,IF(Site=$A$85,IF(Provider=$B94,J))))} -> 0 | AE94: =AC94*(AB94/AB$128) -> 0 | AF94: =AC94*(AB94/AB$891) -> 0 | AH94: {=SUM(IF(Period=$AH$2,IF(Site=$A$85,IF(Provider=$B94,I))))} -> 0 | AI94: {=SUM(IF(Period=$AH$2,IF(Site=$A$85,IF(Provider=$B94,J))))} -> 0 | AK94: =AI94*(AH94/AH$128) -> 0 | AL94: =AI94*(AH94/AH$891) -> 0 | AN94: {=SUM(IF(Period=$AN$2,IF(Site=$A$85,IF(Provider=$B94,I))))} -> 0 | AO94: {=SUM(IF(Period=$AN$2,IF(Site=$A$85,IF(Provider=$B94,J))))} -> 0 | AQ94: =AO94*(AN94/AN$128) -> 0 | AR94: =AO94*(AN94/AN$891) -> 0 | AT94: {=SUM(IF(Period=$AT$2,IF(Site=$A$85,IF(Provider=$B94,I))))} -> 0 | AU94: {=SUM(IF(Period=$AT$2,IF(Site=$A$85,IF(Provider=$B94,J))))} -> 0 | AW94: =AU94*(AT94/AT$128) -> 0 | AX94: =AU94*(AT94/AT$891) -> 0 | AZ94: {=SUM(IF(Period=$AZ$2,IF(Site=$A$85,IF(Provider=$B94,I))))} -> 0 | BA94: {=SUM(IF(Period=$AZ$2,IF(Site=$A$85,IF(Provider=$B94,J))))} -> 0 | BC94: =BA94*(AZ94/AZ$128) -> 0 | BD94: =BA94*(AZ94/AZ$891) -> 0 | BF94: {=SUM(IF(Period=$BF$2,IF(Site=$A$85,IF(Provider=$B94,I))))} -> 0 | BG94: {=SUM(IF(Period=$BF$2,IF(Site=$A$85,IF(Provider=$B94,J))))} -> 0 | BI94: =BG94*(BF94/BF$128) -> 0 | BJ94: =BG94*(BF94/BF$891) -> 0 | BL94: {=SUM(IF(Period=$BL$2,IF(Site=$A$85,IF(Provider=$B94,I))))} -> 0 | BM94: {=SUM(IF(Period=$BL$2,IF(Site=$A$85,IF(Provider=$B94,J))))} -> 0 | BO94: =BM94*(BL94/BL$128) -> 0 | BP94: =BM94*(BL94/BL$891) -> 0 | BR94: {=SUM(IF(Period=$BR$2,IF(Site=$A$85,IF(Provider=$B94,I))))} -> 0 | BS94: {=SUM(IF(Period=$BR$2,IF(Site=$A$85,IF(Provider=$B94,J))))} -> 0 | BU94: =BS94*(BR94/BR$128) -> 0 | BV94: =BS94*(BR94/BR$891) -> 0
B95: CUPID MD, AISHA J | D95: {=SUM(IF(Period=$D$2,IF(Site=$A$85,IF(Provider=$B95,I))))} -> 0 | E95: {=SUM(IF(Period=$D$2,IF(Site=$A$85,IF(Provider=$B95,J))))} -> 0 | G95: =E95*(D95/D$128) -> 0 | H95: =E95*(D95/D$891) -> 0 | J95: {=SUM(IF(Period=$J$2,IF(Site=$A$85,IF(Provider=$B95,I))))} -> 0 | K95: {=SUM(IF(Period=$J$2,IF(Site=$A$85,IF(Provider=$B95,J))))} -> 0 | M95: =K95*(J95/J$128) -> 0 | N95: =K95*(J95/J$891) -> 0 | P95: {=SUM(IF(Period=$P$2,IF(Site=$A$85,IF(Provider=$B95,I))))} -> 0 | Q95: {=SUM(IF(Period=$P$2,IF(Site=$A$85,IF(Provider=$B95,J))))} -> 0 | S95: =Q95*(P95/P$128) -> 0 | T95: =Q95*(P95/P$891) -> 0 | V95: {=SUM(IF(Period=$V$2,IF(Site=$A$85,IF(Provider=$B95,I))))} -> 0 | W95: {=SUM(IF(Period=$V$2,IF(Site=$A$85,IF(Provider=$B95,J))))} -> 0 | Y95: =W95*(V95/V$128) -> 0 | Z95: =W95*(V95/V$891) -> 0 | AB95: {=SUM(IF(Period=$AB$2,IF(Site=$A$85,IF(Provider=$B95,I))))} -> 0 | AC95: {=SUM(IF(Period=$AB$2,IF(Site=$A$85,IF(Provider=$B95,J))))} -> 0 | AE95: =AC95*(AB95/AB$128) -> 0 | AF95: =AC95*(AB95/AB$891) -> 0 | AH95: {=SUM(IF(Period=$AH$2,IF(Site=$A$85,IF(Provider=$B95,I))))} -> 0 | AI95: {=SUM(IF(Period=$AH$2,IF(Site=$A$85,IF(Provider=$B95,J))))} -> 0 | AK95: =AI95*(AH95/AH$128) -> 0 | AL95: =AI95*(AH95/AH$891) -> 0 | AN95: {=SUM(IF(Period=$AN$2,IF(Site=$A$85,IF(Provider=$B95,I))))} -> 0 | AO95: {=SUM(IF(Period=$AN$2,IF(Site=$A$85,IF(Provider=$B95,J))))} -> 0 | AQ95: =AO95*(AN95/AN$128) -> 0 | AR95: =AO95*(AN95/AN$891) -> 0 | AT95: {=SUM(IF(Period=$AT$2,IF(Site=$A$85,IF(Provider=$B95,I))))} -> 0 | AU95: {=SUM(IF(Period=$AT$2,IF(Site=$A$85,IF(Provider=$B95,J))))} -> 0 | AW95: =AU95*(AT95/AT$128) -> 0 | AX95: =AU95*(AT95/AT$891) -> 0 | AZ95: {=SUM(IF(Period=$AZ$2,IF(Site=$A$85,IF(Provider=$B95,I))))} -> 1 | BA95: {=SUM(IF(Period=$AZ$2,IF(Site=$A$85,IF(Provider=$B95,J))))} -> 1 | BC95: =BA95*(AZ95/AZ$128) -> 0.0017761989 | BD95: =BA95*(AZ95/AZ$891) -> 3.2584965e-05 | BF95: {=SUM(IF(Period=$BF$2,IF(Site=$A$85,IF(Provider=$B95,I))))} -> 0 | BG95: {=SUM(IF(Period=$BF$2,IF(Site=$A$85,IF(Provider=$B95,J))))} -> 0 | BI95: =BG95*(BF95/BF$128) -> 0 | BJ95: =BG95*(BF95/BF$891) -> 0 | BL95: {=SUM(IF(Period=$BL$2,IF(Site=$A$85,IF(Provider=$B95,I))))} -> 0 | BM95: {=SUM(IF(Period=$BL$2,IF(Site=$A$85,IF(Provider=$B95,J))))} -> 0 | BO95: =BM95*(BL95/BL$128) -> 0 | BP95: =BM95*(BL95/BL$891) -> 0 | BR95: {=SUM(IF(Period=$BR$2,IF(Site=$A$85,IF(Provider=$B95,I))))} -> 0 | BS95: {=SUM(IF(Period=$BR$2,IF(Site=$A$85,IF(Provider=$B95,J))))} -> 0 | BU95: =BS95*(BR95/BR$128) -> 0 | BV95: =BS95*(BR95/BR$891) -> 0
B96: EDDOC-GENERIC MD FOR EDM | D96: {=SUM(IF(Period=$D$2,IF(Site=$A$85,IF(Provider=$B96,I))))} -> 0 | E96: {=SUM(IF(Period=$D$2,IF(Site=$A$85,IF(Provider=$B96,J))))} -> 0 | G96: =E96*(D96/D$128) -> 0 | H96: =E96*(D96/D$891) -> 0 | J96: {=SUM(IF(Period=$J$2,IF(Site=$A$85,IF(Provider=$B96,I))))} -> 0 | K96: {=SUM(IF(Period=$J$2,IF(Site=$A$85,IF(Provider=$B96,J))))} -> 0 | M96: =K96*(J96/J$128) -> 0 | N96: =K96*(J96/J$891) -> 0 | P96: {=SUM(IF(Period=$P$2,IF(Site=$A$85,IF(Provider=$B96,I))))} -> 0 | Q96: {=SUM(IF(Period=$P$2,IF(Site=$A$85,IF(Provider=$B96,J))))} -> 0 | S96: =Q96*(P96/P$128) -> 0 | T96: =Q96*(P96/P$891) -> 0 | V96: {=SUM(IF(Period=$V$2,IF(Site=$A$85,IF(Provider=$B96,I))))} -> 0 | W96: {=SUM(IF(Period=$V$2,IF(Site=$A$85,IF(Provider=$B96,J))))} -> 0 | Y96: =W96*(V96/V$128) -> 0 | Z96: =W96*(V96/V$891) -> 0 | AB96: {=SUM(IF(Period=$AB$2,IF(Site=$A$85,IF(Provider=$B96,I))))} -> 0 | AC96: {=SUM(IF(Period=$AB$2,IF(Site=$A$85,IF(Provider=$B96,J))))} -> 0 | AE96: =AC96*(AB96/AB$128) -> 0 | AF96: =AC96*(AB96/AB$891) -> 0 | AH96: {=SUM(IF(Period=$AH$2,IF(Site=$A$85,IF(Provider=$B96,I))))} -> 0 | AI96: {=SUM(IF(Period=$AH$2,IF(Site=$A$85,IF(Provider=$B96,J))))} -> 0 | AK96: =AI96*(AH96/AH$128) -> 0 | AL96: =AI96*(AH96/AH$891) -> 0 | AN96: {=SUM(IF(Period=$AN$2,IF(Site=$A$85,IF(Provider=$B96,I))))} -> 0 | AO96: {=SUM(IF(Period=$AN$2,IF(Site=$A$85,IF(Provider=$B96,J))))} -> 0 | AQ96: =AO96*(AN96/AN$128) -> 0 | AR96: =AO96*(AN96/AN$891) -> 0 | AT96: {=SUM(IF(Period=$AT$2,IF(Site=$A$85,IF(Provider=$B96,I))))} -> 0 | AU96: {=SUM(IF(Period=$AT$2,IF(Site=$A$85,IF(Provider=$B96,J))))} -> 0 | AW96: =AU96*(AT96/AT$128) -> 0 | AX96: =AU96*(AT96/AT$891) -> 0 | AZ96: {=SUM(IF(Period=$AZ$2,IF(Site=$A$85,IF(Provider=$B96,I))))} -> 0 | BA96: {=SUM(IF(Period=$AZ$2,IF(Site=$A$85,IF(Provider=$B96,J))))} -> 0 | BC96: =BA96*(AZ96/AZ$128) -> 0 | BD96: =BA96*(AZ96/AZ$891) -> 0 | BF96: {=SUM(IF(Period=$BF$2,IF(Site=$A$85,IF(Provider=$B96,I))))} -> 1 | BG96: {=SUM(IF(Period=$BF$2,IF(Site=$A$85,IF(Provider=$B96,J))))} -> 12 | BI96: =BG96*(BF96/BF$128) -> 0.020236088 | BJ96: =BG96*(BF96/BF$891) -> 0.00037131011 | BL96: {=SUM(IF(Period=$BL$2,IF(Site=$A$85,IF(Provider=$B96,I))))} -> 0 | BM96: {=SUM(IF(Period=$BL$2,IF(Site=$A$85,IF(Provider=$B96,J))))} -> 0 | BO96: =BM96*(BL96/BL$128) -> 0 | BP96: =BM96*(BL96/BL$891) -> 0 | BR96: {=SUM(IF(Period=$BR$2,IF(Site=$A$85,IF(Provider=$B96,I))))} -> 0 | BS96: {=SUM(IF(Period=$BR$2,IF(Site=$A$85,IF(Provider=$B96,J))))} -> 0 | BU96: =BS96*(BR96/BR$128) -> 0 | BV96: =BS96*(BR96/BR$891) -> 0
B97: FELD MD, DAVID W | D97: {=SUM(IF(Period=$D$2,IF(Site=$A$85,IF(Provider=$B97,I))))} -> 1 | E97: {=SUM(IF(Period=$D$2,IF(Site=$A$85,IF(Provider=$B97,J))))} -> 4 | G97: =E97*(D97/D$128) -> 0.0042462845 | H97: =E97*(D97/D$891) -> 0.00011585136 | J97: {=SUM(IF(Period=$J$2,IF(Site=$A$85,IF(Provider=$B97,I))))} -> 0 | K97: {=SUM(IF(Period=$J$2,IF(Site=$A$85,IF(Provider=$B97,J))))} -> 0 | M97: =K97*(J97/J$128) -> 0 | N97: =K97*(J97/J$891) -> 0 | P97: {=SUM(IF(Period=$P$2,IF(Site=$A$85,IF(Provider=$B97,I))))} -> 0 | Q97: {=SUM(IF(Period=$P$2,IF(Site=$A$85,IF(Provider=$B97,J))))} -> 0 | S97: =Q97*(P97/P$128) -> 0 | T97: =Q97*(P97/P$891) -> 0 | V97: {=SUM(IF(Period=$V$2,IF(Site=$A$85,IF(Provider=$B97,I))))} -> 0 | W97: {=SUM(IF(Period=$V$2,IF(Site=$A$85,IF(Provider=$B97,J))))} -> 0 | Y97: =W97*(V97/V$128) -> 0 | Z97: =W97*(V97/V$891) -> 0 | AB97: {=SUM(IF(Period=$AB$2,IF(Site=$A$85,IF(Provider=$B97,I))))} -> 0 | AC97: {=SUM(IF(Period=$AB$2,IF(Site=$A$85,IF(Provider=$B97,J))))} -> 0 | AE97: =AC97*(AB97/AB$128) -> 0 | AF97: =AC97*(AB97/AB$891) -> 0 | AH97: {=SUM(IF(Period=$AH$2,IF(Site=$A$85,IF(Provider=$B97,I))))} -> 0 | AI97: {=SUM(IF(Period=$AH$2,IF(Site=$A$85,IF(Provider=$B97,J))))} -> 0 | AK97: =AI97*(AH97/AH$128) -> 0 | AL97: =AI97*(AH97/AH$891) -> 0 | AN97: {=SUM(IF(Period=$AN$2,IF(Site=$A$85,IF(Provider=$B97,I))))} -> 0 | AO97: {=SUM(IF(Period=$AN$2,IF(Site=$A$85,IF(Provider=$B97,J))))} -> 0 | AQ97: =AO97*(AN97/AN$128) -> 0 | AR97: =AO97*(AN97/AN$891) -> 0 | AT97: {=SUM(IF(Period=$AT$2,IF(Site=$A$85,IF(Provider=$B97,I))))} -> 0 | AU97: {=SUM(IF(Period=$AT$2,IF(Site=$A$85,IF(Provider=$B97,J))))} -> 0 | AW97: =AU97*(AT97/AT$128) -> 0 | AX97: =AU97*(AT97/AT$891) -> 0 | AZ97: {=SUM(IF(Period=$AZ$2,IF(Site=$A$85,IF(Provider=$B97,I))))} -> 0 | BA97: {=SUM(IF(Period=$AZ$2,IF(Site=$A$85,IF(Provider=$B97,J))))} -> 0 | BC97: =BA97*(AZ97/AZ$128) -> 0 | BD97: =BA97*(AZ97/AZ$891) -> 0 | BF97: {=SUM(IF(Period=$BF$2,IF(Site=$A$85,IF(Provider=$B97,I))))} -> 0 | BG97: {=SUM(IF(Period=$BF$2,IF(Site=$A$85,IF(Provider=$B97,J))))} -> 0 | BI97: =BG97*(BF97/BF$128) -> 0 | BJ97: =BG97*(BF97/BF$891) -> 0 | BL97: {=SUM(IF(Period=$BL$2,IF(Site=$A$85,IF(Provider=$B97,I))))} -> 0 | BM97: {=SUM(IF(Period=$BL$2,IF(Site=$A$85,IF(Provider=$B97,J))))} -> 0 | BO97: =BM97*(BL97/BL$128) -> 0 | BP97: =BM97*(BL97/BL$891) -> 0 | BR97: {=SUM(IF(Period=$BR$2,IF(Site=$A$85,IF(Provider=$B97,I))))} -> 0 | BS97: {=SUM(IF(Period=$BR$2,IF(Site=$A$85,IF(Provider=$B97,J))))} -> 0 | BU97: =BS97*(BR97/BR$128) -> 0 | BV97: =BS97*(BR97/BR$891) -> 0
... B127: ZALACAIN MD, JOAQUIN F | D127: {=SUM(IF(Period=$D$2,IF(Site=$A$85,IF(Provider=$B127,I))))} -> 0 | E127: {=SUM(IF(Period=$D$2,IF(Site=$A$85,IF(Provider=$B127,J))))} -> 0 | G127: =E127*(D127/D$128) -> 0 | H127: =E127*(D127/D$891) -> 0 | J127: {=SUM(IF(Period=$J$2,IF(Site=$A$85,IF(Provider=$B127,I))))} -> 0 | K127: {=SUM(IF(Period=$J$2,IF(Site=$A$85,IF(Provider=$B127,J))))} -> 0 | M127: =K127*(J127/J$128) -> 0 | N127: =K127*(J127/J$891) -> 0 | P127: {=SUM(IF(Period=$P$2,IF(Site=$A$85,IF(Provider=$B127,I))))} -> 0 | Q127: {=SUM(IF(Period=$P$2,IF(Site=$A$85,IF(Provider=$B127,J))))} -> 0 | S127: =Q127*(P127/P$128) -> 0 | T127: =Q127*(P127/P$891) -> 0 | V127: {=SUM(IF(Period=$V$2,IF(Site=$A$85,IF(Provider=$B127,I))))} -> 0 | W127: {=SUM(IF(Period=$V$2,IF(Site=$A$85,IF(Provider=$B127,J))))} -> 0 | Y127: =W127*(V127/V$128) -> 0 | Z127: =W127*(V127/V$891) -> 0 | AB127: {=SUM(IF(Period=$AB$2,IF(Site=$A$85,IF(Provider=$B127,I))))} -> 0 | AC127: {=SUM(IF(Period=$AB$2,IF(Site=$A$85,IF(Provider=$B127,J))))} -> 0 | AE127: =AC127*(AB127/AB$128) -> 0 | AF127: =AC127*(AB127/AB$891) -> 0 | AH127: {=SUM(IF(Period=$AH$2,IF(Site=$A$85,IF(Provider=$B127,I))))} -> 0 | AI127: {=SUM(IF(Period=$AH$2,IF(Site=$A$85,IF(Provider=$B127,J))))} -> 0 | AK127: =AI127*(AH127/AH$128) -> 0 | AL127: =AI127*(AH127/AH$891) -> 0 | AN127: {=SUM(IF(Period=$AN$2,IF(Site=$A$85,IF(Provider=$B127,I))))} -> 0 | AO127: {=SUM(IF(Period=$AN$2,IF(Site=$A$85,IF(Provider=$B127,J))))} -> 0 | AQ127: =AO127*(AN127/AN$128) -> 0 | AR127: =AO127*(AN127/AN$891) -> 0 | AT127: {=SUM(IF(Period=$AT$2,IF(Site=$A$85,IF(Provider=$B127,I))))} -> 0 | AU127: {=SUM(IF(Period=$AT$2,IF(Site=$A$85,IF(Provider=$B127,J))))} -> 0 | AW127: =AU127*(AT127/AT$128) -> 0 | AX127: =AU127*(AT127/AT$891) -> 0 | AZ127: {=SUM(IF(Period=$AZ$2,IF(Site=$A$85,IF(Provider=$B127,I))))} -> 0 | BA127: {=SUM(IF(Period=$AZ$2,IF(Site=$A$85,IF(Provider=$B127,J))))} -> 0 | BC127: =BA127*(AZ127/AZ$128) -> 0 | BD127: =BA127*(AZ127/AZ$891) -> 0 | BF127: {=SUM(IF(Period=$BF$2,IF(Site=$A$85,IF(Provider=$B127,I))))} -> 1 | BG127: {=SUM(IF(Period=$BF$2,IF(Site=$A$85,IF(Provider=$B127,J))))} -> 1 | BI127: =BG127*(BF127/BF$128) -> 0.0016863406 | BJ127: =BG127*(BF127/BF$891) -> 3.0942509e-05 | BL127: {=SUM(IF(Period=$BL$2,IF(Site=$A$85,IF(Provider=$B127,I))))} -> 0 | BM127: {=SUM(IF(Period=$BL$2,IF(Site=$A$85,IF(Provider=$B127,J))))} -> 0 | BO127: =BM127*(BL127/BL$128) -> 0 | BP127: =BM127*(BL127/BL$891) -> 0 | BR127: {=SUM(IF(Period=$BR$2,IF(Site=$A$85,IF(Provider=$B127,I))))} -> 0 | BS127: {=SUM(IF(Period=$BR$2,IF(Site=$A$85,IF(Provider=$B127,J))))} -> 0 | BU127: =BS127*(BR127/BR$128) -> 0 | BV127: =BS127*(BR127/BR$891) -> 0
B128: Subtotal | D128: =SUM(D86:D127) -> 942 | E128: =SUM(G86:G127) -> 6.0360934 | F128: =MEDIAN(E91,E97:E101,E105,E110:E112,E114,E122:E123) -> 4 | J128: =SUM(J86:J127) -> 737 | K128: =SUM(M86:M127) -> 5.5712347 | L128: =MEDIAN(K91,K98,K100:K102,K111,K113:K114,K122:K124) -> 4.1176471 | P128: =SUM(P86:P127) -> 774 | Q128: =SUM(S86:S127) -> 4.8591731 | R128: =MEDIAN(Q91,Q93,Q98:Q103,Q105,Q108,Q111,Q114,Q122:Q123,Q126) -> 3.9130435 | V128: =SUM(V86:V127) -> 751 | W128: =SUM(Y86:Y127) -> 5.8189081 | X128: =MEDIAN(W86,W91,W92,W94,W98,W100,W101,W103,W105,W109,W111,W113:W114,W117,W122:W123,W125,W126) -> 4.9875 | AB128: =SUM(AB86:AB127) -> 578 | AC128: =SUM(AE86:AE127) -> 4.8460208 | AD128: =MEDIAN(AC86,AC91,AC98,AC100:AC101,AC105,AC109,AC111,AC114,AC117,AC123,AC126) -> 4.3452381 | AH128: =SUM(AH86:AH127) -> 508 | AI128: =SUM(AK86:AK127) -> 4.730315 | AJ128: =MEDIAN(AI88,AI91,AI98,AI100:AI102,AI105,AI113:AI114,AI117:AI119,AI123,AI126) -> 4.2799145 | AN128: =SUM(AN86:AN127) -> 568 | AO128: =SUM(AQ86:AQ127) -> 5.2887324 | AP128: =MEDIAN(AO88:AO91,AO98,AO100:AO101,AO105,AO108,AO114,AO117:AO119,AO123,AO126) -> 4.3684211 | AT128: =SUM(AT86:AT127) -> 494 | AU128: =SUM(AW86:AW127) -> 4.6983806 | AV128: =MEDIAN(AU91,AU98,AU100:AU101,AU105,AU113:AU114,AU118,AU121:AU123) -> 4.90625 | AZ128: =SUM(AZ86:AZ127) -> 563 | BA128: =SUM(BC86:BC127) -> 5.6802842 | BB128: =MEDIAN(BA87,BA91,BA95,BA98,BA100:BA102,BA104:BA105,BA107,BA113:BA114,BA118:BA119,BA121,BA123) -> 3.9662985 | BF128: =SUM(BF86:BF127) -> 593 | BG128: =SUM(BI86:BI127) -> 5.2462057 | BH128: =MEDIAN(BG87,BG91,BG96,BG98,BG100,BG101,BG104:BG105,BG113:BG114,BG118:BG119,BG121,BG123,BG127) -> 4.5769231 | BL128: =SUM(BL86:BL127) -> 659 | BM128: =SUM(BO86:BO127) -> 4.5462822 | BN128: =MEDIAN(BM91,BM98,BM100:BM101,BM105,BM119,BM121,BM123) -> 3.65625 | BR128: =SUM(BR86:BR127) -> 857 | BS128: =SUM(BU86:BU127) -> 5.9428238 | BT128: =MEDIAN(BS91,BS98,BS100:BS101,BS104:BS106,BS114,BS117,BS119:BS121,BS123) -> 4.877193
A130: JFK-Main
B131: ABRAHAM PA, VARKEY | D131: {=SUM(IF(Period=$D$2,IF(Site=$A$130,IF(Provider=$B131,I))))} -> 263 | E131: {=SUM(IF(Period=$D$2,IF(Site=$A$130,IF(Provider=$B131,J))))} -> 6.6768061 | G131: =E131*(D131/D$219) -> 0.22864583 | H131: =E131*(D131/D$891) -> 0.050858748 | J131: {=SUM(IF(Period=$J$2,IF(Site=$A$130,IF(Provider=$B131,I))))} -> 266 | K131: {=SUM(IF(Period=$J$2,IF(Site=$A$130,IF(Provider=$B131,J))))} -> 6.3796992 | M131: =K131*(J131/J$219) -> 0.23797504 | N131: =K131*(J131/J$891) -> 0.052576138 | P131: {=SUM(IF(Period=$P$2,IF(Site=$A$130,IF(Provider=$B131,I))))} -> 274 | Q131: {=SUM(IF(Period=$P$2,IF(Site=$A$130,IF(Provider=$B131,J))))} -> 8.7445255 | S131: =Q131*(P131/P$219) -> 0.30549535 | T131: =Q131*(P131/P$891) -> 0.069045012 | V131: {=SUM(IF(Period=$V$2,IF(Site=$A$130,IF(Provider=$B131,I))))} -> 257 | W131: {=SUM(IF(Period=$V$2,IF(Site=$A$130,IF(Provider=$B131,J))))} -> 6.6653696 | Y131: =W131*(V131/V$219) -> 0.23142394 | Z131: =W131*(V131/V$891) -> 0.05180548 | AB131: {=SUM(IF(Period=$AB$2,IF(Site=$A$130,IF(Provider=$B131,I))))} -> 334 | AC131: {=SUM(IF(Period=$AB$2,IF(Site=$A$130,IF(Provider=$B131,J))))} -> 6.6526946 | AE131: =AC131*(AB131/AB$219) -> 0.2917542 | AF131: =AC131*(AB131/AB$891) -> 0.066845161 | AH131: {=SUM(IF(Period=$AH$2,IF(Site=$A$130,IF(Provider=$B131,I))))} -> 187 | AI131: {=SUM(IF(Period=$AH$2,IF(Site=$A$130,IF(Provider=$B131,J))))} -> 6.4812834 | AK131: =AI131*(AH131/AH$219) -> 0.17799971 | AL131: =AI131*(AH131/AH$891) -> 0.04127222 | AN131: {=SUM(IF(Period=$AN$2,IF(Site=$A$130,IF(Provider=$B131,I))))} -> 231 | AO131: {=SUM(IF(Period=$AN$2,IF(Site=$A$130,IF(Provider=$B131,J))))} -> 7.0822511 | AQ131: =AO131*(AN131/AN$219) -> 0.23058492 | AR131: =AO131*(AN131/AN$891) -> 0.052318516 | AT131: {=SUM(IF(Period=$AT$2,IF(Site=$A$130,IF(Provider=$B131,I))))} -> 268 | AU131: {=SUM(IF(Period=$AT$2,IF(Site=$A$130,IF(Provider=$B131,J))))} -> 5.5858209 | AW131: =AU131*(AT131/AT$219) -> 0.21520989 | AX131: =AU131*(AT131/AT$891) -> 0.04716892 | AZ131: {=SUM(IF(Period=$AZ$2,IF(Site=$A$130,IF(Provider=$B131,I))))} -> 174 | BA131: {=SUM(IF(Period=$AZ$2,IF(Site=$A$130,IF(Provider=$B131,J))))} -> 7.0344828 | BC131: =BA131*(AZ131/AZ$219) -> 0.18483842 | BD131: =BA131*(AZ131/AZ$891) -> 0.039883998 | BF131: {=SUM(IF(Period=$BF$2,IF(Site=$A$130,IF(Provider=$B131,I))))} -> 270 | BG131: {=SUM(IF(Period=$BF$2,IF(Site=$A$130,IF(Provider=$B131,J))))} -> 7.1703704 | BI131: =BG131*(BF131/BF$219) -> 0.28033594 | BJ131: =BG131*(BF131/BF$891) -> 0.059904697 | BL131: {=SUM(IF(Period=$BL$2,IF(Site=$A$130,IF(Provider=$B131,I))))} -> 213 | BM131: {=SUM(IF(Period=$BL$2,IF(Site=$A$130,IF(Provider=$B131,J))))} -> 4.5352113 | BO131: =BM131*(BL131/BL$219) -> 0.14243586 | BP131: =BM131*(BL131/BL$891) -> 0.030034512 | BR131: {=SUM(IF(Period=$BR$2,IF(Site=$A$130,IF(Provider=$B131,I))))} -> 198 | BS131: {=SUM(IF(Period=$BR$2,IF(Site=$A$130,IF(Provider=$B131,J))))} -> 4.8333333 | BU131: =BS131*(BR131/BR$219) -> 0.13495981 | BV131: =BS131*(BR131/BR$891) -> 0.028071925
B132: ABRAM MD, ELIZABETH | D132: {=SUM(IF(Period=$D$2,IF(Site=$A$130,IF(Provider=$B132,I))))} -> 0 | E132: {=SUM(IF(Period=$D$2,IF(Site=$A$130,IF(Provider=$B132,J))))} -> 0 | G132: =E132*(D132/D$219) -> 0 | H132: =E132*(D132/D$891) -> 0 | J132: {=SUM(IF(Period=$J$2,IF(Site=$A$130,IF(Provider=$B132,I))))} -> 0 | K132: {=SUM(IF(Period=$J$2,IF(Site=$A$130,IF(Provider=$B132,J))))} -> 0 | M132: =K132*(J132/J$219) -> 0 | N132: =K132*(J132/J$891) -> 0 | P132: {=SUM(IF(Period=$P$2,IF(Site=$A$130,IF(Provider=$B132,I))))} -> 0 | Q132: {=SUM(IF(Period=$P$2,IF(Site=$A$130,IF(Provider=$B132,J))))} -> 0 | S132: =Q132*(P132/P$219) -> 0 | T132: =Q132*(P132/P$891) -> 0 | V132: {=SUM(IF(Period=$V$2,IF(Site=$A$130,IF(Provider=$B132,I))))} -> 0 | W132: {=SUM(IF(Period=$V$2,IF(Site=$A$130,IF(Provider=$B132,J))))} -> 0 | Y132: =W132*(V132/V$219) -> 0 | Z132: =W132*(V132/V$891) -> 0 | AB132: {=SUM(IF(Period=$AB$2,IF(Site=$A$130,IF(Provider=$B132,I))))} -> 0 | AC132: {=SUM(IF(Period=$AB$2,IF(Site=$A$130,IF(Provider=$B132,J))))} -> 0 | AE132: =AC132*(AB132/AB$219) -> 0 | AF132: =AC132*(AB132/AB$891) -> 0 | AH132: {=SUM(IF(Period=$AH$2,IF(Site=$A$130,IF(Provider=$B132,I))))} -> 0 | AI132: {=SUM(IF(Period=$AH$2,IF(Site=$A$130,IF(Provider=$B132,J))))} -> 0 | AK132: =AI132*(AH132/AH$219) -> 0 | AL132: =AI132*(AH132/AH$891) -> 0 | AN132: {=SUM(IF(Period=$AN$2,IF(Site=$A$130,IF(Provider=$B132,I))))} -> 121 | AO132: {=SUM(IF(Period=$AN$2,IF(Site=$A$130,IF(Provider=$B132,J))))} -> 8.5702479 | AQ132: =AO132*(AN132/AN$219) -> 0.14615927 | AR132: =AO132*(AN132/AN$891) -> 0.033162776 | AT132: {=SUM(IF(Period=$AT$2,IF(Site=$A$130,IF(Provider=$B132,I))))} -> 145 | AU132: {=SUM(IF(Period=$AT$2,IF(Site=$A$130,IF(Provider=$B132,J))))} -> 8.8965517 | AW132: =AU132*(AT132/AT$219) -> 0.18545141 | AX132: =AU132*(AT132/AT$891) -> 0.040646564 | AZ132: {=SUM(IF(Period=$AZ$2,IF(Site=$A$130,IF(Provider=$B132,I))))} -> 191 | BA132: {=SUM(IF(Period=$AZ$2,IF(Site=$A$130,IF(Provider=$B132,J))))} -> 8.4502618 | BC132: =BA132*(AZ132/AZ$219) -> 0.24373301 | BD132: =BA132*(AZ132/AZ$891) -> 0.052592134 | BF132: {=SUM(IF(Period=$BF$2,IF(Site=$A$130,IF(Provider=$B132,I))))} -> 187 | BG132: {=SUM(IF(Period=$BF$2,IF(Site=$A$130,IF(Provider=$B132,J))))} -> 9.684492 | BI132: =BG132*(BF132/BF$219) -> 0.26223574 | BJ132: =BG132*(BF132/BF$891) -> 0.056036883 | BL132: {=SUM(IF(Period=$BL$2,IF(Site=$A$130,IF(Provider=$B132,I))))} -> 209 | BM132: {=SUM(IF(Period=$BL$2,IF(Site=$A$130,IF(Provider=$B132,J))))} -> 7.3971292 | BO132: =BM132*(BL132/BL$219) -> 0.22795636 | BP132: =BM132*(BL132/BL$891) -> 0.048067655 | BR132: {=SUM(IF(Period=$BR$2,IF(Site=$A$130,IF(Provider=$B132,I))))} -> 218 | BS132: {=SUM(IF(Period=$BR$2,IF(Site=$A$130,IF(Provider=$B132,J))))} -> 6.0550459 | BU132: =BS132*(BR132/BR$219) -> 0.18615146 | BV132: =BS132*(BR132/BR$891) -> 0.038719897
B133: ADEN MD, DARMAAN O | D133: {=SUM(IF(Period=$D$2,IF(Site=$A$130,IF(Provider=$B133,I))))} -> 0 | E133: {=SUM(IF(Period=$D$2,IF(Site=$A$130,IF(Provider=$B133,J))))} -> 0 | G133: =E133*(D133/D$219) -> 0 | H133: =E133*(D133/D$891) -> 0 | J133: {=SUM(IF(Period=$J$2,IF(Site=$A$130,IF(Provider=$B133,I))))} -> 0 | K133: {=SUM(IF(Period=$J$2,IF(Site=$A$130,IF(Provider=$B133,J))))} -> 0 | M133: =K133*(J133/J$219) -> 0 | N133: =K133*(J133/J$891) -> 0 | P133: {=SUM(IF(Period=$P$2,IF(Site=$A$130,IF(Provider=$B133,I))))} -> 0 | Q133: {=SUM(IF(Period=$P$2,IF(Site=$A$130,IF(Provider=$B133,J))))} -> 0 | S133: =Q133*(P133/P$219) -> 0 | T133: =Q133*(P133/P$891) -> 0 | V133: {=SUM(IF(Period=$V$2,IF(Site=$A$130,IF(Provider=$B133,I))))} -> 0 | W133: {=SUM(IF(Period=$V$2,IF(Site=$A$130,IF(Provider=$B133,J))))} -> 0 | Y133: =W133*(V133/V$219) -> 0 | Z133: =W133*(V133/V$891) -> 0 | AB133: {=SUM(IF(Period=$AB$2,IF(Site=$A$130,IF(Provider=$B133,I))))} -> 0 | AC133: {=SUM(IF(Period=$AB$2,IF(Site=$A$130,IF(Provider=$B133,J))))} -> 0 | AE133: =AC133*(AB133/AB$219) -> 0 | AF133: =AC133*(AB133/AB$891) -> 0 | AH133: {=SUM(IF(Period=$AH$2,IF(Site=$A$130,IF(Provider=$B133,I))))} -> 0 | AI133: {=SUM(IF(Period=$AH$2,IF(Site=$A$130,IF(Provider=$B133,J))))} -> 0 | AK133: =AI133*(AH133/AH$219) -> 0 | AL133: =AI133*(AH133/AH$891) -> 0 | AN133: {=SUM(IF(Period=$AN$2,IF(Site=$A$130,IF(Provider=$B133,I))))} -> 0 | AO133: {=SUM(IF(Period=$AN$2,IF(Site=$A$130,IF(Provider=$B133,J))))} -> 0 | AQ133: =AO133*(AN133/AN$219) -> 0 | AR133: =AO133*(AN133/AN$891) -> 0 | AT133: {=SUM(IF(Period=$AT$2,IF(Site=$A$130,IF(Provider=$B133,I))))} -> 0 | AU133: {=SUM(IF(Period=$AT$2,IF(Site=$A$130,IF(Provider=$B133,J))))} -> 0 | AW133: =AU133*(AT133/AT$219) -> 0 | AX133: =AU133*(AT133/AT$891) -> 0 | AZ133: {=SUM(IF(Period=$AZ$2,IF(Site=$A$130,IF(Provider=$B133,I))))} -> 0 | BA133: {=SUM(IF(Period=$AZ$2,IF(Site=$A$130,IF(Provider=$B133,J))))} -> 0 | BC133: =BA133*(AZ133/AZ$219) -> 0 | BD133: =BA133*(AZ133/AZ$891) -> 0 | BF133: {=SUM(IF(Period=$BF$2,IF(Site=$A$130,IF(Provider=$B133,I))))} -> 0 | BG133: {=SUM(IF(Period=$BF$2,IF(Site=$A$130,IF(Provider=$B133,J))))} -> 0 | BI133: =BG133*(BF133/BF$219) -> 0 | BJ133: =BG133*(BF133/BF$891) -> 0 | BL133: {=SUM(IF(Period=$BL$2,IF(Site=$A$130,IF(Provider=$B133,I))))} -> 0 | BM133: {=SUM(IF(Period=$BL$2,IF(Site=$A$130,IF(Provider=$B133,J))))} -> 0 | BO133: =BM133*(BL133/BL$219) -> 0 | BP133: =BM133*(BL133/BL$891) -> 0 | BR133: {=SUM(IF(Period=$BR$2,IF(Site=$A$130,IF(Provider=$B133,I))))} -> 0 | BS133: {=SUM(IF(Period=$BR$2,IF(Site=$A$130,IF(Provider=$B133,J))))} -> 0 | BU133: =BS133*(BR133/BR$219) -> 0 | BV133: =BS133*(BR133/BR$891) -> 0
B134: ALEMAN-BRIZUELA MD, VLADANA | D134: {=SUM(IF(Period=$D$2,IF(Site=$A$130,IF(Provider=$B134,I))))} -> 0 | E134: {=SUM(IF(Period=$D$2,IF(Site=$A$130,IF(Provider=$B134,J))))} -> 0 | G134: =E134*(D134/D$219) -> 0 | H134: =E134*(D134/D$891) -> 0 | J134: {=SUM(IF(Period=$J$2,IF(Site=$A$130,IF(Provider=$B134,I))))} -> 0 | K134: {=SUM(IF(Period=$J$2,IF(Site=$A$130,IF(Provider=$B134,J))))} -> 0 | M134: =K134*(J134/J$219) -> 0 | N134: =K134*(J134/J$891) -> 0 | P134: {=SUM(IF(Period=$P$2,IF(Site=$A$130,IF(Provider=$B134,I))))} -> 0 | Q134: {=SUM(IF(Period=$P$2,IF(Site=$A$130,IF(Provider=$B134,J))))} -> 0 | S134: =Q134*(P134/P$219) -> 0 | T134: =Q134*(P134/P$891) -> 0 | V134: {=SUM(IF(Period=$V$2,IF(Site=$A$130,IF(Provider=$B134,I))))} -> 0 | W134: {=SUM(IF(Period=$V$2,IF(Site=$A$130,IF(Provider=$B134,J))))} -> 0 | Y134: =W134*(V134/V$219) -> 0 | Z134: =W134*(V134/V$891) -> 0 | AB134: {=SUM(IF(Period=$AB$2,IF(Site=$A$130,IF(Provider=$B134,I))))} -> 37 | AC134: {=SUM(IF(Period=$AB$2,IF(Site=$A$130,IF(Provider=$B134,J))))} -> 9.3243243 | AE134: =AC134*(AB134/AB$219) -> 0.04529937 | AF134: =AC134*(AB134/AB$891) -> 0.010378749 | AH134: {=SUM(IF(Period=$AH$2,IF(Site=$A$130,IF(Provider=$B134,I))))} -> 0 | AI134: {=SUM(IF(Period=$AH$2,IF(Site=$A$130,IF(Provider=$B134,J))))} -> 0 | AK134: =AI134*(AH134/AH$219) -> 0 | AL134: =AI134*(AH134/AH$891) -> 0 | AN134: {=SUM(IF(Period=$AN$2,IF(Site=$A$130,IF(Provider=$B134,I))))} -> 26 | AO134: {=SUM(IF(Period=$AN$2,IF(Site=$A$130,IF(Provider=$B134,J))))} -> 16.692308 | AQ134: =AO134*(AN134/AN$219) -> 0.061169838 | AR134: =AO134*(AN134/AN$891) -> 0.013879117 | AT134: {=SUM(IF(Period=$AT$2,IF(Site=$A$130,IF(Provider=$B134,I))))} -> 18 | AU134: {=SUM(IF(Period=$AT$2,IF(Site=$A$130,IF(Provider=$B134,J))))} -> 6.6111111 | AW134: =AU134*(AT134/AT$219) -> 0.017107533 | AX134: =AU134*(AT134/AT$891) -> 0.0037495668 | AZ134: {=SUM(IF(Period=$AZ$2,IF(Site=$A$130,IF(Provider=$B134,I))))} -> 0 | BA134: {=SUM(IF(Period=$AZ$2,IF(Site=$A$130,IF(Provider=$B134,J))))} -> 0 | BC134: =BA134*(AZ134/AZ$219) -> 0 | BD134: =BA134*(AZ134/AZ$891) -> 0 | BF134: {=SUM(IF(Period=$BF$2,IF(Site=$A$130,IF(Provider=$B134,I))))} -> 0 | BG134: {=SUM(IF(Period=$BF$2,IF(Site=$A$130,IF(Provider=$B134,J))))} -> 0 | BI134: =BG134*(BF134/BF$219) -> 0 | BJ134: =BG134*(BF134/BF$891) -> 0 | BL134: {=SUM(IF(Period=$BL$2,IF(Site=$A$130,IF(Provider=$B134,I))))} -> 0 | BM134: {=SUM(IF(Period=$BL$2,IF(Site=$A$130,IF(Provider=$B134,J))))} -> 0 | BO134: =BM134*(BL134/BL$219) -> 0 | BP134: =BM134*(BL134/BL$891) -> 0 | BR134: {=SUM(IF(Period=$BR$2,IF(Site=$A$130,IF(Provider=$B134,I))))} -> 0 | BS134: {=SUM(IF(Period=$BR$2,IF(Site=$A$130,IF(Provider=$B134,J))))} -> 0 | BU134: =BS134*(BR134/BR$219) -> 0 | BV134: =BS134*(BR134/BR$891) -> 0
B135: AMADOR MD, ELIAS N | D135: {=SUM(IF(Period=$D$2,IF(Site=$A$130,IF(Provider=$B135,I))))} -> 0 | E135: {=SUM(IF(Period=$D$2,IF(Site=$A$130,IF(Provider=$B135,J))))} -> 0 | G135: =E135*(D135/D$219) -> 0 | H135: =E135*(D135/D$891) -> 0 | J135: {=SUM(IF(Period=$J$2,IF(Site=$A$130,IF(Provider=$B135,I))))} -> 0 | K135: {=SUM(IF(Period=$J$2,IF(Site=$A$130,IF(Provider=$B135,J))))} -> 0 | M135: =K135*(J135/J$219) -> 0 | N135: =K135*(J135/J$891) -> 0 | P135: {=SUM(IF(Period=$P$2,IF(Site=$A$130,IF(Provider=$B135,I))))} -> 0 | Q135: {=SUM(IF(Period=$P$2,IF(Site=$A$130,IF(Provider=$B135,J))))} -> 0 | S135: =Q135*(P135/P$219) -> 0 | T135: =Q135*(P135/P$891) -> 0 | V135: {=SUM(IF(Period=$V$2,IF(Site=$A$130,IF(Provider=$B135,I))))} -> 0 | W135: {=SUM(IF(Period=$V$2,IF(Site=$A$130,IF(Provider=$B135,J))))} -> 0 | Y135: =W135*(V135/V$219) -> 0 | Z135: =W135*(V135/V$891) -> 0 | AB135: {=SUM(IF(Period=$AB$2,IF(Site=$A$130,IF(Provider=$B135,I))))} -> 1 | AC135: {=SUM(IF(Period=$AB$2,IF(Site=$A$130,IF(Provider=$B135,J))))} -> 13 | AE135: =AC135*(AB135/AB$219) -> 0.0017069328 | AF135: =AC135*(AB135/AB$891) -> 0.0003910833 | AH135: {=SUM(IF(Period=$AH$2,IF(Site=$A$130,IF(Provider=$B135,I))))} -> 0 | AI135: {=SUM(IF(Period=$AH$2,IF(Site=$A$130,IF(Provider=$B135,J))))} -> 0 | AK135: =AI135*(AH135/AH$219) -> 0 | AL135: =AI135*(AH135/AH$891) -> 0 | AN135: {=SUM(IF(Period=$AN$2,IF(Site=$A$130,IF(Provider=$B135,I))))} -> 0 | AO135: {=SUM(IF(Period=$AN$2,IF(Site=$A$130,IF(Provider=$B135,J))))} -> 0 | AQ135: =AO135*(AN135/AN$219) -> 0 | AR135: =AO135*(AN135/AN$891) -> 0 | AT135: {=SUM(IF(Period=$AT$2,IF(Site=$A$130,IF(Provider=$B135,I))))} -> 0 | AU135: {=SUM(IF(Period=$AT$2,IF(Site=$A$130,IF(Provider=$B135,J))))} -> 0 | AW135: =AU135*(AT135/AT$219) -> 0 | AX135: =AU135*(AT135/AT$891) -> 0 | AZ135: {=SUM(IF(Period=$AZ$2,IF(Site=$A$130,IF(Provider=$B135,I))))} -> 0 | BA135: {=SUM(IF(Period=$AZ$2,IF(Site=$A$130,IF(Provider=$B135,J))))} -> 0 | BC135: =BA135*(AZ135/AZ$219) -> 0 | BD135: =BA135*(AZ135/AZ$891) -> 0 | BF135: {=SUM(IF(Period=$BF$2,IF(Site=$A$130,IF(Provider=$B135,I))))} -> 0 | BG135: {=SUM(IF(Period=$BF$2,IF(Site=$A$130,IF(Provider=$B135,J))))} -> 0 | BI135: =BG135*(BF135/BF$219) -> 0 | BJ135: =BG135*(BF135/BF$891) -> 0 | BL135: {=SUM(IF(Period=$BL$2,IF(Site=$A$130,IF(Provider=$B135,I))))} -> 1 | BM135: {=SUM(IF(Period=$BL$2,IF(Site=$A$130,IF(Provider=$B135,J))))} -> 23 | BO135: =BM135*(BL135/BL$219) -> 0.00339133 | BP135: =BM135*(BL135/BL$891) -> 0.00071510742 | BR135: {=SUM(IF(Period=$BR$2,IF(Site=$A$130,IF(Provider=$B135,I))))} -> 0 | BS135: {=SUM(IF(Period=$BR$2,IF(Site=$A$130,IF(Provider=$B135,J))))} -> 0 | BU135: =BS135*(BR135/BR$219) -> 0 | BV135: =BS135*(BR135/BR$891) -> 0
B136: ANGLADE MD, MOISE W | D136: {=SUM(IF(Period=$D$2,IF(Site=$A$130,IF(Provider=$B136,I))))} -> 0 | E136: {=SUM(IF(Period=$D$2,IF(Site=$A$130,IF(Provider=$B136,J))))} -> 0 | G136: =E136*(D136/D$219) -> 0 | H136: =E136*(D136/D$891) -> 0 | J136: {=SUM(IF(Period=$J$2,IF(Site=$A$130,IF(Provider=$B136,I))))} -> 1 | K136: {=SUM(IF(Period=$J$2,IF(Site=$A$130,IF(Provider=$B136,J))))} -> 38 | M136: =K136*(J136/J$219) -> 0.0053288459 | N136: =K136*(J136/J$891) -> 0.0011773089 | P136: {=SUM(IF(Period=$P$2,IF(Site=$A$130,IF(Provider=$B136,I))))} -> 0 | Q136: {=SUM(IF(Period=$P$2,IF(Site=$A$130,IF(Provider=$B136,J))))} -> 0 | S136: =Q136*(P136/P$219) -> 0 | T136: =Q136*(P136/P$891) -> 0 | V136: {=SUM(IF(Period=$V$2,IF(Site=$A$130,IF(Provider=$B136,I))))} -> 0 | W136: {=SUM(IF(Period=$V$2,IF(Site=$A$130,IF(Provider=$B136,J))))} -> 0 | Y136: =W136*(V136/V$219) -> 0 | Z136: =W136*(V136/V$891) -> 0 | AB136: {=SUM(IF(Period=$AB$2,IF(Site=$A$130,IF(Provider=$B136,I))))} -> 0 | AC136: {=SUM(IF(Period=$AB$2,IF(Site=$A$130,IF(Provider=$B136,J))))} -> 0 | AE136: =AC136*(AB136/AB$219) -> 0 | AF136: =AC136*(AB136/AB$891) -> 0 | AH136: {=SUM(IF(Period=$AH$2,IF(Site=$A$130,IF(Provider=$B136,I))))} -> 0 | AI136: {=SUM(IF(Period=$AH$2,IF(Site=$A$130,IF(Provider=$B136,J))))} -> 0 | AK136: =AI136*(AH136/AH$219) -> 0 | AL136: =AI136*(AH136/AH$891) -> 0 | AN136: {=SUM(IF(Period=$AN$2,IF(Site=$A$130,IF(Provider=$B136,I))))} -> 0 | AO136: {=SUM(IF(Period=$AN$2,IF(Site=$A$130,IF(Provider=$B136,J))))} -> 0 | AQ136: =AO136*(AN136/AN$219) -> 0 | AR136: =AO136*(AN136/AN$891) -> 0 | AT136: {=SUM(IF(Period=$AT$2,IF(Site=$A$130,IF(Provider=$B136,I))))} -> 0 | AU136: {=SUM(IF(Period=$AT$2,IF(Site=$A$130,IF(Provider=$B136,J))))} -> 0 | AW136: =AU136*(AT136/AT$219) -> 0 | AX136: =AU136*(AT136/AT$891) -> 0 | AZ136: {=SUM(IF(Period=$AZ$2,IF(Site=$A$130,IF(Provider=$B136,I))))} -> 0 | BA136: {=SUM(IF(Period=$AZ$2,IF(Site=$A$130,IF(Provider=$B136,J))))} -> 0 | BC136: =BA136*(AZ136/AZ$219) -> 0 | BD136: =BA136*(AZ136/AZ$891) -> 0 | BF136: {=SUM(IF(Period=$BF$2,IF(Site=$A$130,IF(Provider=$B136,I))))} -> 0 | BG136: {=SUM(IF(Period=$BF$2,IF(Site=$A$130,IF(Provider=$B136,J))))} -> 0 | BI136: =BG136*(BF136/BF$219) -> 0 | BJ136: =BG136*(BF136/BF$891) -> 0 | BL136: {=SUM(IF(Period=$BL$2,IF(Site=$A$130,IF(Provider=$B136,I))))} -> 0 | BM136: {=SUM(IF(Period=$BL$2,IF(Site=$A$130,IF(Provider=$B136,J))))} -> 0 | BO136: =BM136*(BL136/BL$219) -> 0 | BP136: =BM136*(BL136/BL$891) -> 0 | BR136: {=SUM(IF(Period=$BR$2,IF(Site=$A$130,IF(Provider=$B136,I))))} -> 0 | BS136: {=SUM(IF(Period=$BR$2,IF(Site=$A$130,IF(Provider=$B136,J))))} -> 0 | BU136: =BS136*(BR136/BR$219) -> 0 | BV136: =BS136*(BR136/BR$891) -> 0
B137: BALINT PA, BRIAN E | D137: {=SUM(IF(Period=$D$2,IF(Site=$A$130,IF(Provider=$B137,I))))} -> 277 | E137: {=SUM(IF(Period=$D$2,IF(Site=$A$130,IF(Provider=$B137,J))))} -> 5.7472924 | G137: =E137*(D137/D$219) -> 0.20729167 | H137: =E137*(D137/D$891) -> 0.046108842 | J137: {=SUM(IF(Period=$J$2,IF(Site=$A$130,IF(Provider=$B137,I))))} -> 288 | K137: {=SUM(IF(Period=$J$2,IF(Site=$A$130,IF(Provider=$B137,J))))} -> 8.875 | M137: =K137*(J137/J$219) -> 0.358435 | N137: =K137*(J137/J$891) -> 0.079189516 | P137: {=SUM(IF(Period=$P$2,IF(Site=$A$130,IF(Provider=$B137,I))))} -> 316 | Q137: {=SUM(IF(Period=$P$2,IF(Site=$A$130,IF(Provider=$B137,J))))} -> 7.0316456 | S137: =Q137*(P137/P$219) -> 0.28330996 | T137: =Q137*(P137/P$891) -> 0.064030892 | V137: {=SUM(IF(Period=$V$2,IF(Site=$A$130,IF(Provider=$B137,I))))} -> 243 | W137: {=SUM(IF(Period=$V$2,IF(Site=$A$130,IF(Provider=$B137,J))))} -> 6.6666667 | Y137: =W137*(V137/V$219) -> 0.21885977 | Z137: =W137*(V137/V$891) -> 0.048992923 | AB137: {=SUM(IF(Period=$AB$2,IF(Site=$A$130,IF(Provider=$B137,I))))} -> 201 | AC137: {=SUM(IF(Period=$AB$2,IF(Site=$A$130,IF(Provider=$B137,J))))} -> 6.9800995 | AE137: =AC137*(AB137/AB$219) -> 0.18421744 | AF137: =AC137*(AB137/AB$891) -> 0.042206913 | AH137: {=SUM(IF(Period=$AH$2,IF(Site=$A$130,IF(Provider=$B137,I))))} -> 190 | AI137: {=SUM(IF(Period=$AH$2,IF(Site=$A$130,IF(Provider=$B137,J))))} -> 5.5578947 | AK137: =AI137*(AH137/AH$219) -> 0.15508885 | AL137: =AI137*(AH137/AH$891) -> 0.035959954 | AN137: {=SUM(IF(Period=$AN$2,IF(Site=$A$130,IF(Provider=$B137,I))))} -> 261 | AO137: {=SUM(IF(Period=$AN$2,IF(Site=$A$130,IF(Provider=$B137,J))))} -> 5.6781609 | AQ137: =AO137*(AN137/AN$219) -> 0.20887949 | AR137: =AO137*(AN137/AN$891) -> 0.047393668 | AT137: {=SUM(IF(Period=$AT$2,IF(Site=$A$130,IF(Provider=$B137,I))))} -> 258 | AU137: {=SUM(IF(Period=$AT$2,IF(Site=$A$130,IF(Provider=$B137,J))))} -> 5.2248062 | AW137: =AU137*(AT137/AT$219) -> 0.19378953 | AX137: =AU137*(AT137/AT$891) -> 0.042474084 | AZ137: {=SUM(IF(Period=$AZ$2,IF(Site=$A$130,IF(Provider=$B137,I))))} -> 238 | BA137: {=SUM(IF(Period=$AZ$2,IF(Site=$A$130,IF(Provider=$B137,J))))} -> 5.8781513 | BC137: =BA137*(AZ137/AZ$219) -> 0.21126548 | BD137: =BA137*(AZ137/AZ$891) -> 0.045586366 | BF137: {=SUM(IF(Period=$BF$2,IF(Site=$A$130,IF(Provider=$B137,I))))} -> 210 | BG137: {=SUM(IF(Period=$BF$2,IF(Site=$A$130,IF(Provider=$B137,J))))} -> 4.6142857 | BI137: =BG137*(BF137/BF$219) -> 0.14031277 | BJ137: =BG137*(BF137/BF$891) -> 0.029983291 | BL137: {=SUM(IF(Period=$BL$2,IF(Site=$A$130,IF(Provider=$B137,I))))} -> 194 | BM137: {=SUM(IF(Period=$BL$2,IF(Site=$A$130,IF(Provider=$B137,J))))} -> 5.7731959 | BO137: =BM137*(BL137/BL$219) -> 0.16514303 | BP137: =BM137*(BL137/BL$891) -> 0.034822622 | BR137: {=SUM(IF(Period=$BR$2,IF(Site=$A$130,IF(Provider=$B137,I))))} -> 227 | BS137: {=SUM(IF(Period=$BR$2,IF(Site=$A$130,IF(Provider=$B137,J))))} -> 5.3436123 | BU137: =BS137*(BR137/BR$219) -> 0.17106191 | BV137: =BS137*(BR137/BR$891) -> 0.035581238
B138: BATASKOV MD, KARRIE L | D138: {=SUM(IF(Period=$D$2,IF(Site=$A$130,IF(Provider=$B138,I))))} -> 0 | E138: {=SUM(IF(Period=$D$2,IF(Site=$A$130,IF(Provider=$B138,J))))} -> 0 | G138: =E138*(D138/D$219) -> 0 | H138: =E138*(D138/D$891) -> 0 | J138: {=SUM(IF(Period=$J$2,IF(Site=$A$130,IF(Provider=$B138,I))))} -> 0 | K138: {=SUM(IF(Period=$J$2,IF(Site=$A$130,IF(Provider=$B138,J))))} -> 0 | M138: =K138*(J138/J$219) -> 0 | N138: =K138*(J138/J$891) -> 0 | P138: {=SUM(IF(Period=$P$2,IF(Site=$A$130,IF(Provider=$B138,I))))} -> 0 | Q138: {=SUM(IF(Period=$P$2,IF(Site=$A$130,IF(Provider=$B138,J))))} -> 0 | S138: =Q138*(P138/P$219) -> 0 | T138: =Q138*(P138/P$891) -> 0 | V138: {=SUM(IF(Period=$V$2,IF(Site=$A$130,IF(Provider=$B138,I))))} -> 0 | W138: {=SUM(IF(Period=$V$2,IF(Site=$A$130,IF(Provider=$B138,J))))} -> 0 | Y138: =W138*(V138/V$219) -> 0 | Z138: =W138*(V138/V$891) -> 0 | AB138: {=SUM(IF(Period=$AB$2,IF(Site=$A$130,IF(Provider=$B138,I))))} -> 0 | AC138: {=SUM(IF(Period=$AB$2,IF(Site=$A$130,IF(Provider=$B138,J))))} -> 0 | AE138: =AC138*(AB138/AB$219) -> 0 | AF138: =AC138*(AB138/AB$891) -> 0 | AH138: {=SUM(IF(Period=$AH$2,IF(Site=$A$130,IF(Provider=$B138,I))))} -> 0 | AI138: {=SUM(IF(Period=$AH$2,IF(Site=$A$130,IF(Provider=$B138,J))))} -> 0 | AK138: =AI138*(AH138/AH$219) -> 0 | AL138: =AI138*(AH138/AH$891) -> 0 | AN138: {=SUM(IF(Period=$AN$2,IF(Site=$A$130,IF(Provider=$B138,I))))} -> 0 | AO138: {=SUM(IF(Period=$AN$2,IF(Site=$A$130,IF(Provider=$B138,J))))} -> 0 | AQ138: =AO138*(AN138/AN$219) -> 0 | AR138: =AO138*(AN138/AN$891) -> 0 | AT138: {=SUM(IF(Period=$AT$2,IF(Site=$A$130,IF(Provider=$B138,I))))} -> 1 | AU138: {=SUM(IF(Period=$AT$2,IF(Site=$A$130,IF(Provider=$B138,J))))} -> 11 | AW138: =AU138*(AT138/AT$219) -> 0.0015813686 | AX138: =AU138*(AT138/AT$891) -> 0.00034659861 | AZ138: {=SUM(IF(Period=$AZ$2,IF(Site=$A$130,IF(Provider=$B138,I))))} -> 1 | BA138: {=SUM(IF(Period=$AZ$2,IF(Site=$A$130,IF(Provider=$B138,J))))} -> 1 | BC138: =BA138*(AZ138/AZ$219) -> 0.00015101178 | BD138: =BA138*(AZ138/AZ$891) -> 3.2584965e-05 | BF138: {=SUM(IF(Period=$BF$2,IF(Site=$A$130,IF(Provider=$B138,I))))} -> 0 | BG138: {=SUM(IF(Period=$BF$2,IF(Site=$A$130,IF(Provider=$B138,J))))} -> 0 | BI138: =BG138*(BF138/BF$219) -> 0 | BJ138: =BG138*(BF138/BF$891) -> 0 | BL138: {=SUM(IF(Period=$BL$2,IF(Site=$A$130,IF(Provider=$B138,I))))} -> 0 | BM138: {=SUM(IF(Period=$BL$2,IF(Site=$A$130,IF(Provider=$B138,J))))} -> 0 | BO138: =BM138*(BL138/BL$219) -> 0 | BP138: =BM138*(BL138/BL$891) -> 0 | BR138: {=SUM(IF(Period=$BR$2,IF(Site=$A$130,IF(Provider=$B138,I))))} -> 0 | BS138: {=SUM(IF(Period=$BR$2,IF(Site=$A$130,IF(Provider=$B138,J))))} -> 0 | BU138: =BS138*(BR138/BR$219) -> 0 | BV138: =BS138*(BR138/BR$891) -> 0
B139: BOBOTIS PA, KATHERINE A | D139: {=SUM(IF(Period=$D$2,IF(Site=$A$130,IF(Provider=$B139,I))))} -> 0 | E139: {=SUM(IF(Period=$D$2,IF(Site=$A$130,IF(Provider=$B139,J))))} -> 0 | G139: =E139*(D139/D$219) -> 0 | H139: =E139*(D139/D$891) -> 0 | J139: {=SUM(IF(Period=$J$2,IF(Site=$A$130,IF(Provider=$B139,I))))} -> 0 | K139: {=SUM(IF(Period=$J$2,IF(Site=$A$130,IF(Provider=$B139,J))))} -> 0 | M139: =K139*(J139/J$219) -> 0 | N139: =K139*(J139/J$891) -> 0 | P139: {=SUM(IF(Period=$P$2,IF(Site=$A$130,IF(Provider=$B139,I))))} -> 0 | Q139: {=SUM(IF(Period=$P$2,IF(Site=$A$130,IF(Provider=$B139,J))))} -> 0 | S139: =Q139*(P139/P$219) -> 0 | T139: =Q139*(P139/P$891) -> 0 | V139: {=SUM(IF(Period=$V$2,IF(Site=$A$130,IF(Provider=$B139,I))))} -> 0 | W139: {=SUM(IF(Period=$V$2,IF(Site=$A$130,IF(Provider=$B139,J))))} -> 0 | Y139: =W139*(V139/V$219) -> 0 | Z139: =W139*(V139/V$891) -> 0 | AB139: {=SUM(IF(Period=$AB$2,IF(Site=$A$130,IF(Provider=$B139,I))))} -> 0 | AC139: {=SUM(IF(Period=$AB$2,IF(Site=$A$130,IF(Provider=$B139,J))))} -> 0 | AE139: =AC139*(AB139/AB$219) -> 0 | AF139: =AC139*(AB139/AB$891) -> 0 | AH139: {=SUM(IF(Period=$AH$2,IF(Site=$A$130,IF(Provider=$B139,I))))} -> 0 | AI139: {=SUM(IF(Period=$AH$2,IF(Site=$A$130,IF(Provider=$B139,J))))} -> 0 | AK139: =AI139*(AH139/AH$219) -> 0 | AL139: =AI139*(AH139/AH$891) -> 0 | AN139: {=SUM(IF(Period=$AN$2,IF(Site=$A$130,IF(Provider=$B139,I))))} -> 14 | AO139: {=SUM(IF(Period=$AN$2,IF(Site=$A$130,IF(Provider=$B139,J))))} -> 5.7857143 | AQ139: =AO139*(AN139/AN$219) -> 0.01141649 | AR139: =AO139*(AN139/AN$891) -> 0.0025903422 | AT139: {=SUM(IF(Period=$AT$2,IF(Site=$A$130,IF(Provider=$B139,I))))} -> 0 | AU139: {=SUM(IF(Period=$AT$2,IF(Site=$A$130,IF(Provider=$B139,J))))} -> 0 | AW139: =AU139*(AT139/AT$219) -> 0 | AX139: =AU139*(AT139/AT$891) -> 0 | AZ139: {=SUM(IF(Period=$AZ$2,IF(Site=$A$130,IF(Provider=$B139,I))))} -> 18 | BA139: {=SUM(IF(Period=$AZ$2,IF(Site=$A$130,IF(Provider=$B139,J))))} -> 4.3888889 | BC139: =BA139*(AZ139/AZ$219) -> 0.011929931 | BD139: =BA139*(AZ139/AZ$891) -> 0.0025742123 | BF139: {=SUM(IF(Period=$BF$2,IF(Site=$A$130,IF(Provider=$B139,I))))} -> 52 | BG139: {=SUM(IF(Period=$BF$2,IF(Site=$A$130,IF(Provider=$B139,J))))} -> 5.7307692 | BI139: =BG139*(BF139/BF$219) -> 0.043150883 | BJ139: =BG139*(BF139/BF$891) -> 0.0092208676 | BL139: {=SUM(IF(Period=$BL$2,IF(Site=$A$130,IF(Provider=$B139,I))))} -> 91 | BM139: {=SUM(IF(Period=$BL$2,IF(Site=$A$130,IF(Provider=$B139,J))))} -> 3.6043956 | BO139: =BM139*(BL139/BL$219) -> 0.048363315 | BP139: =BM139*(BL139/BL$891) -> 0.010198054 | BR139: {=SUM(IF(Period=$BR$2,IF(Site=$A$130,IF(Provider=$B139,I))))} -> 78 | BS139: {=SUM(IF(Period=$BR$2,IF(Site=$A$130,IF(Provider=$B139,J))))} -> 2.9871795 | BU139: =BS139*(BR139/BR$219) -> 0.032858553 | BV139: =BS139*(BR139/BR$891) -> 0.0068346484
B140: BOJAN MD, DAVID | D140: {=SUM(IF(Period=$D$2,IF(Site=$A$130,IF(Provider=$B140,I))))} -> 177 | E140: {=SUM(IF(Period=$D$2,IF(Site=$A$130,IF(Provider=$B140,J))))} -> 11.384181 | G140: =E140*(D140/D$219) -> 0.26236979 | H140: =E140*(D140/D$891) -> 0.058360124 | J140: {=SUM(IF(Period=$J$2,IF(Site=$A$130,IF(Provider=$B140,I))))} -> 229 | K140: {=SUM(IF(Period=$J$2,IF(Site=$A$130,IF(Provider=$B140,J))))} -> 9.8034934 | M140: =K140*(J140/J$219) -> 0.31482261 | N140: =K140*(J140/J$891) -> 0.069554172 | P140: {=SUM(IF(Period=$P$2,IF(Site=$A$130,IF(Provider=$B140,I))))} -> 204 | Q140: {=SUM(IF(Period=$P$2,IF(Site=$A$130,IF(Provider=$B140,J))))} -> 10.460784 | S140: =Q140*(P140/P$219) -> 0.27208976 | T140: =Q140*(P140/P$891) -> 0.061495015 | V140: {=SUM(IF(Period=$V$2,IF(Site=$A$130,IF(Provider=$B140,I))))} -> 201 | W140: {=SUM(IF(Period=$V$2,IF(Site=$A$130,IF(Provider=$B140,J))))} -> 7.800995 | Y140: =W140*(V140/V$219) -> 0.21183464 | Z140: =W140*(V140/V$891) -> 0.047420311 | AB140: {=SUM(IF(Period=$AB$2,IF(Site=$A$130,IF(Provider=$B140,I))))} -> 170 | AC140: {=SUM(IF(Period=$AB$2,IF(Site=$A$130,IF(Provider=$B140,J))))} -> 7.9470588 | AE140: =AC140*(AB140/AB$219) -> 0.17738971 | AF140: =AC140*(AB140/AB$891) -> 0.04064258 | AH140: {=SUM(IF(Period=$AH$2,IF(Site=$A$130,IF(Provider=$B140,I))))} -> 203 | AI140: {=SUM(IF(Period=$AH$2,IF(Site=$A$130,IF(Provider=$B140,J))))} -> 7.817734 | AK140: =AI140*(AH140/AH$219) -> 0.23307387 | AL140: =AI140*(AH140/AH$891) -> 0.054042089 | AN140: {=SUM(IF(Period=$AN$2,IF(Site=$A$130,IF(Provider=$B140,I))))} -> 214 | AO140: {=SUM(IF(Period=$AN$2,IF(Site=$A$130,IF(Provider=$B140,J))))} -> 7.0186916 | AQ140: =AO140*(AN140/AN$219) -> 0.21169838 | AR140: =AO140*(AN140/AN$891) -> 0.048033259 | AT140: {=SUM(IF(Period=$AT$2,IF(Site=$A$130,IF(Provider=$B140,I))))} -> 161 | AU140: {=SUM(IF(Period=$AT$2,IF(Site=$A$130,IF(Provider=$B140,J))))} -> 7.6583851 | AW140: =AU140*(AT140/AT$219) -> 0.17725704 | AX140: =AU140*(AT140/AT$891) -> 0.038850553 | AZ140: {=SUM(IF(Period=$AZ$2,IF(Site=$A$130,IF(Provider=$B140,I))))} -> 165 | BA140: {=SUM(IF(Period=$AZ$2,IF(Site=$A$130,IF(Provider=$B140,J))))} -> 6.8121212 | BC140: =BA140*(AZ140/AZ$219) -> 0.16973724 | BD140: =BA140*(AZ140/AZ$891) -> 0.036625501 | BF140: {=SUM(IF(Period=$BF$2,IF(Site=$A$130,IF(Provider=$B140,I))))} -> 159 | BG140: {=SUM(IF(Period=$BF$2,IF(Site=$A$130,IF(Provider=$B140,J))))} -> 7.6666667 | BI140: =BG140*(BF140/BF$219) -> 0.17651318 | BJ140: =BG140*(BF140/BF$891) -> 0.037718918 | BL140: {=SUM(IF(Period=$BL$2,IF(Site=$A$130,IF(Provider=$B140,I))))} -> 162 | BM140: {=SUM(IF(Period=$BL$2,IF(Site=$A$130,IF(Provider=$B140,J))))} -> 6.6604938 | BO140: =BM140*(BL140/BL$219) -> 0.15909761 | BP140: =BM140*(BL140/BL$891) -> 0.033547866 | BR140: {=SUM(IF(Period=$BR$2,IF(Site=$A$130,IF(Provider=$B140,I))))} -> 208 | BS140: {=SUM(IF(Period=$BR$2,IF(Site=$A$130,IF(Provider=$B140,J))))} -> 6 | BU140: =BS140*(BR140/BR$219) -> 0.17599774 | BV140: =BS140*(BR140/BR$891) -> 0.036607902
B141: BOWRY MD, RIDDHI | D141: {=SUM(IF(Period=$D$2,IF(Site=$A$130,IF(Provider=$B141,I))))} -> 303 | E141: {=SUM(IF(Period=$D$2,IF(Site=$A$130,IF(Provider=$B141,J))))} -> 8.9966997 | G141: =E141*(D141/D$219) -> 0.35494792 | H141: =E141*(D141/D$891) -> 0.078952704 | J141: {=SUM(IF(Period=$J$2,IF(Site=$A$130,IF(Provider=$B141,I))))} -> 291 | K141: {=SUM(IF(Period=$J$2,IF(Site=$A$130,IF(Provider=$B141,J))))} -> 9.3402062 | M141: =K141*(J141/J$219) -> 0.38115271 | N141: =K141*(J141/J$891) -> 0.08420857 | P141: {=SUM(IF(Period=$P$2,IF(Site=$A$130,IF(Provider=$B141,I))))} -> 252 | Q141: {=SUM(IF(Period=$P$2,IF(Site=$A$130,IF(Provider=$B141,J))))} -> 9.1507937 | S141: =Q141*(P141/P$219) -> 0.29402015 | T141: =Q141*(P141/P$891) -> 0.066451501 | V141: {=SUM(IF(Period=$V$2,IF(Site=$A$130,IF(Provider=$B141,I))))} -> 270 | W141: {=SUM(IF(Period=$V$2,IF(Site=$A$130,IF(Provider=$B141,J))))} -> 7.3296296 | Y141: =W141*(V141/V$219) -> 0.26736017 | Z141: =W141*(V141/V$891) -> 0.059849997 | AB141: {=SUM(IF(Period=$AB$2,IF(Site=$A$130,IF(Provider=$B141,I))))} -> 246 | AC141: {=SUM(IF(Period=$AB$2,IF(Site=$A$130,IF(Provider=$B141,J))))} -> 8.0609756 | AE141: =AC141*(AB141/AB$219) -> 0.2603729 | AF141: =AC141*(AB141/AB$891) -> 0.059655245 | AH141: {=SUM(IF(Period=$AH$2,IF(Site=$A$130,IF(Provider=$B141,I))))} -> 251 | AI141: {=SUM(IF(Period=$AH$2,IF(Site=$A$130,IF(Provider=$B141,J))))} -> 6.1992032 | AK141: =AI141*(AH141/AH$219) -> 0.22852108 | AL141: =AI141*(AH141/AH$891) -> 0.052986447 | AN141: {=SUM(IF(Period=$AN$2,IF(Site=$A$130,IF(Provider=$B141,I))))} -> 255 | AO141: {=SUM(IF(Period=$AN$2,IF(Site=$A$130,IF(Provider=$B141,J))))} -> 6.3294118 | AQ141: =AO141*(AN141/AN$219) -> 0.22748414 | AR141: =AO141*(AN141/AN$891) -> 0.051614966 | AT141: {=SUM(IF(Period=$AT$2,IF(Site=$A$130,IF(Provider=$B141,I))))} -> 197 | AU141: {=SUM(IF(Period=$AT$2,IF(Site=$A$130,IF(Provider=$B141,J))))} -> 6.0761421 | AW141: =AU141*(AT141/AT$219) -> 0.17208166 | AX141: =AU141*(AT141/AT$891) -> 0.03771623 | AZ141: {=SUM(IF(Period=$AZ$2,IF(Site=$A$130,IF(Provider=$B141,I))))} -> 272 | BA141: {=SUM(IF(Period=$AZ$2,IF(Site=$A$130,IF(Provider=$B141,J))))} -> 6.6544118 | BC141: =BA141*(AZ141/AZ$219) -> 0.27333132 | BD141: =BA141*(AZ141/AZ$891) -> 0.058978787 | BF141: {=SUM(IF(Period=$BF$2,IF(Site=$A$130,IF(Provider=$B141,I))))} -> 244 | BG141: {=SUM(IF(Period=$BF$2,IF(Site=$A$130,IF(Provider=$B141,J))))} -> 6.3688525 | BI141: =BG141*(BF141/BF$219) -> 0.22502172 | BJ141: =BG141*(BF141/BF$891) -> 0.048084659 | BL141: {=SUM(IF(Period=$BL$2,IF(Site=$A$130,IF(Provider=$B141,I))))} -> 243 | BM141: {=SUM(IF(Period=$BL$2,IF(Site=$A$130,IF(Provider=$B141,J))))} -> 6.0493827 | BO141: =BM141*(BL141/BL$219) -> 0.21675022 | BP141: =BM141*(BL141/BL$891) -> 0.045704692 | BR141: {=SUM(IF(Period=$BR$2,IF(Site=$A$130,IF(Provider=$B141,I))))} -> 227 | BS141: {=SUM(IF(Period=$BR$2,IF(Site=$A$130,IF(Provider=$B141,J))))} -> 7.2819383 | BU141: =BS141*(BR141/BR$219) -> 0.2331124 | BV141: =BS141*(BR141/BR$891) -> 0.048487871
B142: BROWN-VARGAS MD, DAMARIS | D142: {=SUM(IF(Period=$D$2,IF(Site=$A$130,IF(Provider=$B142,I))))} -> 0 | E142: {=SUM(IF(Period=$D$2,IF(Site=$A$130,IF(Provider=$B142,J))))} -> 0 | G142: =E142*(D142/D$219) -> 0 | H142: =E142*(D142/D$891) -> 0 | J142: {=SUM(IF(Period=$J$2,IF(Site=$A$130,IF(Provider=$B142,I))))} -> 0 | K142: {=SUM(IF(Period=$J$2,IF(Site=$A$130,IF(Provider=$B142,J))))} -> 0 | M142: =K142*(J142/J$219) -> 0 | N142: =K142*(J142/J$891) -> 0 | P142: {=SUM(IF(Period=$P$2,IF(Site=$A$130,IF(Provider=$B142,I))))} -> 0 | Q142: {=SUM(IF(Period=$P$2,IF(Site=$A$130,IF(Provider=$B142,J))))} -> 0 | S142: =Q142*(P142/P$219) -> 0 | T142: =Q142*(P142/P$891) -> 0 | V142: {=SUM(IF(Period=$V$2,IF(Site=$A$130,IF(Provider=$B142,I))))} -> 0 | W142: {=SUM(IF(Period=$V$2,IF(Site=$A$130,IF(Provider=$B142,J))))} -> 0 | Y142: =W142*(V142/V$219) -> 0 | Z142: =W142*(V142/V$891) -> 0 | AB142: {=SUM(IF(Period=$AB$2,IF(Site=$A$130,IF(Provider=$B142,I))))} -> 0 | AC142: {=SUM(IF(Period=$AB$2,IF(Site=$A$130,IF(Provider=$B142,J))))} -> 0 | AE142: =AC142*(AB142/AB$219) -> 0 | AF142: =AC142*(AB142/AB$891) -> 0 | AH142: {=SUM(IF(Period=$AH$2,IF(Site=$A$130,IF(Provider=$B142,I))))} -> 0 | AI142: {=SUM(IF(Period=$AH$2,IF(Site=$A$130,IF(Provider=$B142,J))))} -> 0 | AK142: =AI142*(AH142/AH$219) -> 0 | AL142: =AI142*(AH142/AH$891) -> 0 | AN142: {=SUM(IF(Period=$AN$2,IF(Site=$A$130,IF(Provider=$B142,I))))} -> 24 | AO142: {=SUM(IF(Period=$AN$2,IF(Site=$A$130,IF(Provider=$B142,J))))} -> 7.625 | AQ142: =AO142*(AN142/AN$219) -> 0.025792812 | AR142: =AO142*(AN142/AN$891) -> 0.0058522546 | AT142: {=SUM(IF(Period=$AT$2,IF(Site=$A$130,IF(Provider=$B142,I))))} -> 0 | AU142: {=SUM(IF(Period=$AT$2,IF(Site=$A$130,IF(Provider=$B142,J))))} -> 0 | AW142: =AU142*(AT142/AT$219) -> 0 | AX142: =AU142*(AT142/AT$891) -> 0 | AZ142: {=SUM(IF(Period=$AZ$2,IF(Site=$A$130,IF(Provider=$B142,I))))} -> 0 | BA142: {=SUM(IF(Period=$AZ$2,IF(Site=$A$130,IF(Provider=$B142,J))))} -> 0 | BC142: =BA142*(AZ142/AZ$219) -> 0 | BD142: =BA142*(AZ142/AZ$891) -> 0 | BF142: {=SUM(IF(Period=$BF$2,IF(Site=$A$130,IF(Provider=$B142,I))))} -> 0 | BG142: {=SUM(IF(Period=$BF$2,IF(Site=$A$130,IF(Provider=$B142,J))))} -> 0 | BI142: =BG142*(BF142/BF$219) -> 0 | BJ142: =BG142*(BF142/BF$891) -> 0 | BL142: {=SUM(IF(Period=$BL$2,IF(Site=$A$130,IF(Provider=$B142,I))))} -> 0 | BM142: {=SUM(IF(Period=$BL$2,IF(Site=$A$130,IF(Provider=$B142,J))))} -> 0 | BO142: =BM142*(BL142/BL$219) -> 0 | BP142: =BM142*(BL142/BL$891) -> 0 | BR142: {=SUM(IF(Period=$BR$2,IF(Site=$A$130,IF(Provider=$B142,I))))} -> 0 | BS142: {=SUM(IF(Period=$BR$2,IF(Site=$A$130,IF(Provider=$B142,J))))} -> 0 | BU142: =BS142*(BR142/BR$219) -> 0 | BV142: =BS142*(BR142/BR$891) -> 0
... B218: ZHAO MD, XINMENG | D218: {=SUM(IF(Period=$D$2,IF(Site=$A$130,IF(Provider=$B218,I))))} -> 1 | E218: {=SUM(IF(Period=$D$2,IF(Site=$A$130,IF(Provider=$B218,J))))} -> 28 | G218: =E218*(D218/D$219) -> 0.0036458333 | H218: =E218*(D218/D$891) -> 0.00081095954 | J218: {=SUM(IF(Period=$J$2,IF(Site=$A$130,IF(Provider=$B218,I))))} -> 0 | K218: {=SUM(IF(Period=$J$2,IF(Site=$A$130,IF(Provider=$B218,J))))} -> 0 | M218: =K218*(J218/J$219) -> 0 | N218: =K218*(J218/J$891) -> 0 | P218: {=SUM(IF(Period=$P$2,IF(Site=$A$130,IF(Provider=$B218,I))))} -> 0 | Q218: {=SUM(IF(Period=$P$2,IF(Site=$A$130,IF(Provider=$B218,J))))} -> 0 | S218: =Q218*(P218/P$219) -> 0 | T218: =Q218*(P218/P$891) -> 0 | V218: {=SUM(IF(Period=$V$2,IF(Site=$A$130,IF(Provider=$B218,I))))} -> 0 | W218: {=SUM(IF(Period=$V$2,IF(Site=$A$130,IF(Provider=$B218,J))))} -> 0 | Y218: =W218*(V218/V$219) -> 0 | Z218: =W218*(V218/V$891) -> 0 | AB218: {=SUM(IF(Period=$AB$2,IF(Site=$A$130,IF(Provider=$B218,I))))} -> 0 | AC218: {=SUM(IF(Period=$AB$2,IF(Site=$A$130,IF(Provider=$B218,J))))} -> 0 | AE218: =AC218*(AB218/AB$219) -> 0 | AF218: =AC218*(AB218/AB$891) -> 0 | AH218: {=SUM(IF(Period=$AH$2,IF(Site=$A$130,IF(Provider=$B218,I))))} -> 0 | AI218: {=SUM(IF(Period=$AH$2,IF(Site=$A$130,IF(Provider=$B218,J))))} -> 0 | AK218: =AI218*(AH218/AH$219) -> 0 | AL218: =AI218*(AH218/AH$891) -> 0 | AN218: {=SUM(IF(Period=$AN$2,IF(Site=$A$130,IF(Provider=$B218,I))))} -> 0 | AO218: {=SUM(IF(Period=$AN$2,IF(Site=$A$130,IF(Provider=$B218,J))))} -> 0 | AQ218: =AO218*(AN218/AN$219) -> 0 | AR218: =AO218*(AN218/AN$891) -> 0 | AT218: {=SUM(IF(Period=$AT$2,IF(Site=$A$130,IF(Provider=$B218,I))))} -> 0 | AU218: {=SUM(IF(Period=$AT$2,IF(Site=$A$130,IF(Provider=$B218,J))))} -> 0 | AW218: =AU218*(AT218/AT$219) -> 0 | AX218: =AU218*(AT218/AT$891) -> 0 | AZ218: {=SUM(IF(Period=$AZ$2,IF(Site=$A$130,IF(Provider=$B218,I))))} -> 0 | BA218: {=SUM(IF(Period=$AZ$2,IF(Site=$A$130,IF(Provider=$B218,J))))} -> 0 | BC218: =BA218*(AZ218/AZ$219) -> 0 | BD218: =BA218*(AZ218/AZ$891) -> 0 | BF218: {=SUM(IF(Period=$BF$2,IF(Site=$A$130,IF(Provider=$B218,I))))} -> 0 | BG218: {=SUM(IF(Period=$BF$2,IF(Site=$A$130,IF(Provider=$B218,J))))} -> 0 | BI218: =BG218*(BF218/BF$219) -> 0 | BJ218: =BG218*(BF218/BF$891) -> 0 | BL218: {=SUM(IF(Period=$BL$2,IF(Site=$A$130,IF(Provider=$B218,I))))} -> 0 | BM218: {=SUM(IF(Period=$BL$2,IF(Site=$A$130,IF(Provider=$B218,J))))} -> 0 | BO218: =BM218*(BL218/BL$219) -> 0 | BP218: =BM218*(BL218/BL$891) -> 0 | BR218: {=SUM(IF(Period=$BR$2,IF(Site=$A$130,IF(Provider=$B218,I))))} -> 0 | BS218: {=SUM(IF(Period=$BR$2,IF(Site=$A$130,IF(Provider=$B218,J))))} -> 0 | BU218: =BS218*(BR218/BR$219) -> 0 | BV218: =BS218*(BR218/BR$891) -> 0
B219: Subtotal | D219: =SUM(D131:D218) -> 7680 | E219: =SUM(G131:G218) -> 8.2153646 | J219: =SUM(J131:J218) -> 7131 | K219: =SUM(M131:M218) -> 8.7004628 | P219: =SUM(P131:P218) -> 7843 | Q219: =SUM(S131:S218) -> 8.2750223 | V219: =SUM(V131:V218) -> 7402 | W219: =SUM(Y131:Y218) -> 7.9035396 | X219: =MEDIAN(W131,W137,W140:W141,W143:W146,W152,W159:W160,W163:W164,W166:W168,W170:W172,W174,W176:W177,W179,W182:W184,W186,W188,W190,W193,W197,W200,W205,W208:W210,W214:W216) -> 8.254509 | AB219: =SUM(AB131:AB218) -> 7616 | AC219: =SUM(AE131:AE218) -> 7.2993697 | AD219: =MEDIAN(AC131,AC134:AC135,AC137,AC140:AC141,AC143:AC146,AC155:AC156,AC159:AC160,AC163:AC167,AC170:AC172,AC174,AC179,AC182:AC184,AC190:AC191,AC193,AC197:AC198,AC201,AC205,AC208:AC210,AC214:AC216) -> 7.1456932 | AH219: =SUM(AH131:AH218) -> 6809 | AI219: =SUM(AK131:AK218) -> 6.922015 | AJ219: =MEDIAN(AI131,AI137,AI140:AI141,AI143:AI146,AI159:AI160,AI163:AI167,AI169:AI174,AI177,AI179,AI182:AI185,AI193:AI194,AI197,AI205,AI208:AI210,AI214:AI216) -> 6.8605769 | AN219: =SUM(AN131:AN218) -> 7095 | AO219: =SUM(AQ131:AQ218) -> 6.8124031 | AP219: =MEDIAN(AO131,AO132,AO134,AO137,AO139:AO146,AO151,AO154,AO159:AO160,AO163:AO164,AO166:AO167,AO170:AO172,AO174,AO179,AO181:AO185,AO189,AO193:AO195,AO204:AO205,AO208:AO210,AO214:AO217) -> 6.9114583 | AT219: =SUM(AT131:AT218) -> 6956 | AU219: =SUM(AW131:AW218) -> 6.5842438 | AV219: =MEDIAN(AU131:AU132,AU134,AU137:AU138,AU140:AU141,AU143:AU148,AU151,AU159:AU160,AU163:AU167,AU171,AU173,AU174,AU179:AU180,AU182:AU184,AU186,AU194,AU196,AU202,AU204:AU205,AU208:AU210,AU212,AU215:AU216) -> 6.6444444 | AZ219: =SUM(AZ131:AZ218) -> 6622 | BA219: =SUM(BC131:BC218) -> 6.974026 | BB219: =MEDIAN(BA131:BA132,BA137:BA141,BA144:BA146,BA151:BA154,BA157,BA159,BA163:BA164,BA166:BA169,BA171,BA173:BA174,BA177,BA179:BA180,BA182:BA184,BA189,BA194:BA195,BA202,BA205,BA208:BA210,BA212,BA214:BA216) -> 7.2981651 | BF219: =SUM(BF131:BF218) -> 6906 | BG219: =SUM(BI131:BI218) -> 6.5432957 | BH219: =MEDIAN(BG131:BG132,BG137,BG139:BG141,BG144:BG146,BG151,BG153,BG159,BG163:BG164,BG166:BG167,BG171,BG173:BG174,BG177,BG179:BG180,BG182:BG186,BG189,BG193:BG195,BG202,BG205,BG208:BG210,BG212,BG214:BG216) -> 6.4746701 | BL219: =SUM(BL131:BL218) -> 6782 | BM219: =SUM(BO131:BO218) -> 5.8092008 | BN219: =MEDIAN(BM131:BM132,BM135,BM137,BM139:BM141,BM144:BM146,BM151,BM159,BM163,BM164,BM166:BM167,BM171,BM174,BM177:BM180,BM182:BM184,BM194:BM195,BM202,BM205,BM208:BM210,BM215:BM216) -> 5.6660097 | BR219: =SUM(BR131:BR218) -> 7091 | BS219: =SUM(BU131:BU218) -> 6.0317304 | BT219: =MEDIAN(BS131:BS132,BS137,BS139:BS141,BS143:BS146,BS151,BS153:BS154,BS159,BS161,BS163:BS164,BS166:BS167,BS169,BS171,BS174,BS177:BS179,BS182:BS184,BS189,BS193:BS194,BS202,BS205,BS208:BS210,BS212,BS215:BS216) -> 5.9619883
A221: JFK-PBG
B222: AVERBACH MD, JOSEPH B | D222: {=SUM(IF(Period=$D$2,IF(Site=$A$221,IF(Provider=$B222,I))))} -> 0 | E222: {=SUM(IF(Period=$D$2,IF(Site=$A$221,IF(Provider=$B222,J))))} -> 0 | G222: =E222*(D222/D$243) -> 0 | H222: =E222*(D222/D$891) -> 0 | J222: {=SUM(IF(Period=$J$2,IF(Site=$A$221,IF(Provider=$B222,I))))} -> 0 | K222: {=SUM(IF(Period=$J$2,IF(Site=$A$221,IF(Provider=$B222,J))))} -> 0 | M222: =K222*(J222/J$243) -> 0 | N222: =K222*(J222/J$891) -> 0 | P222: {=SUM(IF(Period=$P$2,IF(Site=$A$221,IF(Provider=$B222,I))))} -> 0 | Q222: {=SUM(IF(Period=$P$2,IF(Site=$A$221,IF(Provider=$B222,J))))} -> 0 | S222: =Q222*(P222/P$243) -> 0 | T222: =Q222*(P222/P$891) -> 0 | V222: {=SUM(IF(Period=$V$2,IF(Site=$A$221,IF(Provider=$B222,I))))} -> 0 | W222: {=SUM(IF(Period=$V$2,IF(Site=$A$221,IF(Provider=$B222,J))))} -> 0 | Y222: =W222*(V222/V$243) -> 0 | Z222: =W222*(V222/V$891) -> 0 | AB222: {=SUM(IF(Period=$AB$2,IF(Site=$A$221,IF(Provider=$B222,I))))} -> 0 | AC222: {=SUM(IF(Period=$AB$2,IF(Site=$A$221,IF(Provider=$B222,J))))} -> 0 | AE222: =AC222*(AB222/AB$243) -> 0 | AF222: =AC222*(AB222/AB$891) -> 0 | AH222: {=SUM(IF(Period=$AH$2,IF(Site=$A$221,IF(Provider=$B222,I))))} -> 0 | AI222: {=SUM(IF(Period=$AH$2,IF(Site=$A$221,IF(Provider=$B222,J))))} -> 0 | AK222: =AI222*(AH222/AH$243) -> 0 | AL222: =AI222*(AH222/AH$891) -> 0 | AN222: {=SUM(IF(Period=$AN$2,IF(Site=$A$221,IF(Provider=$B222,I))))} -> 0 | AO222: {=SUM(IF(Period=$AN$2,IF(Site=$A$221,IF(Provider=$B222,J))))} -> 0 | AQ222: =AO222*(AN222/AN$243) -> 0 | AR222: =AO222*(AN222/AN$891) -> 0 | AT222: {=SUM(IF(Period=$AT$2,IF(Site=$A$221,IF(Provider=$B222,I))))} -> 0 | AU222: {=SUM(IF(Period=$AT$2,IF(Site=$A$221,IF(Provider=$B222,J))))} -> 0 | AW222: =AU222*(AT222/AT$243) -> 0 | AX222: =AU222*(AT222/AT$891) -> 0 | AZ222: {=SUM(IF(Period=$AZ$2,IF(Site=$A$221,IF(Provider=$B222,I))))} -> 15 | BA222: {=SUM(IF(Period=$AZ$2,IF(Site=$A$221,IF(Provider=$B222,J))))} -> 8.2 | BC222: =BA222*(AZ222/AZ$243) -> 0.41275168 | BD222: =BA222*(AZ222/AZ$891) -> 0.0040079507 | BF222: {=SUM(IF(Period=$BF$2,IF(Site=$A$221,IF(Provider=$B222,I))))} -> 0 | BG222: {=SUM(IF(Period=$BF$2,IF(Site=$A$221,IF(Provider=$B222,J))))} -> 0 | BI222: =BG222*(BF222/BF$243) -> 0 | BJ222: =BG222*(BF222/BF$891) -> 0 | BL222: {=SUM(IF(Period=$BL$2,IF(Site=$A$221,IF(Provider=$B222,I))))} -> 0 | BM222: {=SUM(IF(Period=$BL$2,IF(Site=$A$221,IF(Provider=$B222,J))))} -> 0 | BO222: =BM222*(BL222/BL$243) -> 0 | BP222: =BM222*(BL222/BL$891) -> 0 | BR222: {=SUM(IF(Period=$BR$2,IF(Site=$A$221,IF(Provider=$B222,I))))} -> 0 | BS222: {=SUM(IF(Period=$BR$2,IF(Site=$A$221,IF(Provider=$B222,J))))} -> 0 | BU222: =BS222*(BR222/BR$243) -> 0 | BV222: =BS222*(BR222/BR$891) -> 0
B223: BUI DO, TRIMINH H | D223: {=SUM(IF(Period=$D$2,IF(Site=$A$221,IF(Provider=$B223,I))))} -> 0 | E223: {=SUM(IF(Period=$D$2,IF(Site=$A$221,IF(Provider=$B223,J))))} -> 0 | G223: =E223*(D223/D$243) -> 0 | H223: =E223*(D223/D$891) -> 0 | J223: {=SUM(IF(Period=$J$2,IF(Site=$A$221,IF(Provider=$B223,I))))} -> 0 | K223: {=SUM(IF(Period=$J$2,IF(Site=$A$221,IF(Provider=$B223,J))))} -> 0 | M223: =K223*(J223/J$243) -> 0 | N223: =K223*(J223/J$891) -> 0 | P223: {=SUM(IF(Period=$P$2,IF(Site=$A$221,IF(Provider=$B223,I))))} -> 0 | Q223: {=SUM(IF(Period=$P$2,IF(Site=$A$221,IF(Provider=$B223,J))))} -> 0 | S223: =Q223*(P223/P$243) -> 0 | T223: =Q223*(P223/P$891) -> 0 | V223: {=SUM(IF(Period=$V$2,IF(Site=$A$221,IF(Provider=$B223,I))))} -> 0 | W223: {=SUM(IF(Period=$V$2,IF(Site=$A$221,IF(Provider=$B223,J))))} -> 0 | Y223: =W223*(V223/V$243) -> 0 | Z223: =W223*(V223/V$891) -> 0 | AB223: {=SUM(IF(Period=$AB$2,IF(Site=$A$221,IF(Provider=$B223,I))))} -> 0 | AC223: {=SUM(IF(Period=$AB$2,IF(Site=$A$221,IF(Provider=$B223,J))))} -> 0 | AE223: =AC223*(AB223/AB$243) -> 0 | AF223: =AC223*(AB223/AB$891) -> 0 | AH223: {=SUM(IF(Period=$AH$2,IF(Site=$A$221,IF(Provider=$B223,I))))} -> 0 | AI223: {=SUM(IF(Period=$AH$2,IF(Site=$A$221,IF(Provider=$B223,J))))} -> 0 | AK223: =AI223*(AH223/AH$243) -> 0 | AL223: =AI223*(AH223/AH$891) -> 0 | AN223: {=SUM(IF(Period=$AN$2,IF(Site=$A$221,IF(Provider=$B223,I))))} -> 1 | AO223: {=SUM(IF(Period=$AN$2,IF(Site=$A$221,IF(Provider=$B223,J))))} -> 2 | AQ223: =AO223*(AN223/AN$243) -> 0.0065359477 | AR223: =AO223*(AN223/AN$891) -> 6.3959066e-05 | AT223: {=SUM(IF(Period=$AT$2,IF(Site=$A$221,IF(Provider=$B223,I))))} -> 0 | AU223: {=SUM(IF(Period=$AT$2,IF(Site=$A$221,IF(Provider=$B223,J))))} -> 0 | AW223: =AU223*(AT223/AT$243) -> 0 | AX223: =AU223*(AT223/AT$891) -> 0 | AZ223: {=SUM(IF(Period=$AZ$2,IF(Site=$A$221,IF(Provider=$B223,I))))} -> 0 | BA223: {=SUM(IF(Period=$AZ$2,IF(Site=$A$221,IF(Provider=$B223,J))))} -> 0 | BC223: =BA223*(AZ223/AZ$243) -> 0 | BD223: =BA223*(AZ223/AZ$891) -> 0 | BF223: {=SUM(IF(Period=$BF$2,IF(Site=$A$221,IF(Provider=$B223,I))))} -> 0 | BG223: {=SUM(IF(Period=$BF$2,IF(Site=$A$221,IF(Provider=$B223,J))))} -> 0 | BI223: =BG223*(BF223/BF$243) -> 0 | BJ223: =BG223*(BF223/BF$891) -> 0 | BL223: {=SUM(IF(Period=$BL$2,IF(Site=$A$221,IF(Provider=$B223,I))))} -> 0 | BM223: {=SUM(IF(Period=$BL$2,IF(Site=$A$221,IF(Provider=$B223,J))))} -> 0 | BO223: =BM223*(BL223/BL$243) -> 0 | BP223: =BM223*(BL223/BL$891) -> 0 | BR223: {=SUM(IF(Period=$BR$2,IF(Site=$A$221,IF(Provider=$B223,I))))} -> 0 | BS223: {=SUM(IF(Period=$BR$2,IF(Site=$A$221,IF(Provider=$B223,J))))} -> 0 | BU223: =BS223*(BR223/BR$243) -> 0 | BV223: =BS223*(BR223/BR$891) -> 0
B224: CUPID MD, AISHA J | D224: {=SUM(IF(Period=$D$2,IF(Site=$A$221,IF(Provider=$B224,I))))} -> 0 | E224: {=SUM(IF(Period=$D$2,IF(Site=$A$221,IF(Provider=$B224,J))))} -> 0 | G224: =E224*(D224/D$243) -> 0 | H224: =E224*(D224/D$891) -> 0 | J224: {=SUM(IF(Period=$J$2,IF(Site=$A$221,IF(Provider=$B224,I))))} -> 0 | K224: {=SUM(IF(Period=$J$2,IF(Site=$A$221,IF(Provider=$B224,J))))} -> 0 | M224: =K224*(J224/J$243) -> 0 | N224: =K224*(J224/J$891) -> 0 | P224: {=SUM(IF(Period=$P$2,IF(Site=$A$221,IF(Provider=$B224,I))))} -> 0 | Q224: {=SUM(IF(Period=$P$2,IF(Site=$A$221,IF(Provider=$B224,J))))} -> 0 | S224: =Q224*(P224/P$243) -> 0 | T224: =Q224*(P224/P$891) -> 0 | V224: {=SUM(IF(Period=$V$2,IF(Site=$A$221,IF(Provider=$B224,I))))} -> 0 | W224: {=SUM(IF(Period=$V$2,IF(Site=$A$221,IF(Provider=$B224,J))))} -> 0 | Y224: =W224*(V224/V$243) -> 0 | Z224: =W224*(V224/V$891) -> 0 | AB224: {=SUM(IF(Period=$AB$2,IF(Site=$A$221,IF(Provider=$B224,I))))} -> 0 | AC224: {=SUM(IF(Period=$AB$2,IF(Site=$A$221,IF(Provider=$B224,J))))} -> 0 | AE224: =AC224*(AB224/AB$243) -> 0 | AF224: =AC224*(AB224/AB$891) -> 0 | AH224: {=SUM(IF(Period=$AH$2,IF(Site=$A$221,IF(Provider=$B224,I))))} -> 0 | AI224: {=SUM(IF(Period=$AH$2,IF(Site=$A$221,IF(Provider=$B224,J))))} -> 0 | AK224: =AI224*(AH224/AH$243) -> 0 | AL224: =AI224*(AH224/AH$891) -> 0 | AN224: {=SUM(IF(Period=$AN$2,IF(Site=$A$221,IF(Provider=$B224,I))))} -> 0 | AO224: {=SUM(IF(Period=$AN$2,IF(Site=$A$221,IF(Provider=$B224,J))))} -> 0 | AQ224: =AO224*(AN224/AN$243) -> 0 | AR224: =AO224*(AN224/AN$891) -> 0 | AT224: {=SUM(IF(Period=$AT$2,IF(Site=$A$221,IF(Provider=$B224,I))))} -> 0 | AU224: {=SUM(IF(Period=$AT$2,IF(Site=$A$221,IF(Provider=$B224,J))))} -> 0 | AW224: =AU224*(AT224/AT$243) -> 0 | AX224: =AU224*(AT224/AT$891) -> 0 | AZ224: {=SUM(IF(Period=$AZ$2,IF(Site=$A$221,IF(Provider=$B224,I))))} -> 1 | BA224: {=SUM(IF(Period=$AZ$2,IF(Site=$A$221,IF(Provider=$B224,J))))} -> 1 | BC224: =BA224*(AZ224/AZ$243) -> 0.0033557047 | BD224: =BA224*(AZ224/AZ$891) -> 3.2584965e-05 | BF224: {=SUM(IF(Period=$BF$2,IF(Site=$A$221,IF(Provider=$B224,I))))} -> 0 | BG224: {=SUM(IF(Period=$BF$2,IF(Site=$A$221,IF(Provider=$B224,J))))} -> 0 | BI224: =BG224*(BF224/BF$243) -> 0 | BJ224: =BG224*(BF224/BF$891) -> 0 | BL224: {=SUM(IF(Period=$BL$2,IF(Site=$A$221,IF(Provider=$B224,I))))} -> 0 | BM224: {=SUM(IF(Period=$BL$2,IF(Site=$A$221,IF(Provider=$B224,J))))} -> 0 | BO224: =BM224*(BL224/BL$243) -> 0 | BP224: =BM224*(BL224/BL$891) -> 0 | BR224: {=SUM(IF(Period=$BR$2,IF(Site=$A$221,IF(Provider=$B224,I))))} -> 0 | BS224: {=SUM(IF(Period=$BR$2,IF(Site=$A$221,IF(Provider=$B224,J))))} -> 0 | BU224: =BS224*(BR224/BR$243) -> 0 | BV224: =BS224*(BR224/BR$891) -> 0
B225: EDDOC-GENERIC MD FOR EDM | D225: {=SUM(IF(Period=$D$2,IF(Site=$A$221,IF(Provider=$B225,I))))} -> 0 | E225: {=SUM(IF(Period=$D$2,IF(Site=$A$221,IF(Provider=$B225,J))))} -> 0 | G225: =E225*(D225/D$243) -> 0 | H225: =E225*(D225/D$891) -> 0 | J225: {=SUM(IF(Period=$J$2,IF(Site=$A$221,IF(Provider=$B225,I))))} -> 0 | K225: {=SUM(IF(Period=$J$2,IF(Site=$A$221,IF(Provider=$B225,J))))} -> 0 | M225: =K225*(J225/J$243) -> 0 | N225: =K225*(J225/J$891) -> 0 | P225: {=SUM(IF(Period=$P$2,IF(Site=$A$221,IF(Provider=$B225,I))))} -> 0 | Q225: {=SUM(IF(Period=$P$2,IF(Site=$A$221,IF(Provider=$B225,J))))} -> 0 | S225: =Q225*(P225/P$243) -> 0 | T225: =Q225*(P225/P$891) -> 0 | V225: {=SUM(IF(Period=$V$2,IF(Site=$A$221,IF(Provider=$B225,I))))} -> 0 | W225: {=SUM(IF(Period=$V$2,IF(Site=$A$221,IF(Provider=$B225,J))))} -> 0 | Y225: =W225*(V225/V$243) -> 0 | Z225: =W225*(V225/V$891) -> 0 | AB225: {=SUM(IF(Period=$AB$2,IF(Site=$A$221,IF(Provider=$B225,I))))} -> 0 | AC225: {=SUM(IF(Period=$AB$2,IF(Site=$A$221,IF(Provider=$B225,J))))} -> 0 | AE225: =AC225*(AB225/AB$243) -> 0 | AF225: =AC225*(AB225/AB$891) -> 0 | AH225: {=SUM(IF(Period=$AH$2,IF(Site=$A$221,IF(Provider=$B225,I))))} -> 0 | AI225: {=SUM(IF(Period=$AH$2,IF(Site=$A$221,IF(Provider=$B225,J))))} -> 0 | AK225: =AI225*(AH225/AH$243) -> 0 | AL225: =AI225*(AH225/AH$891) -> 0 | AN225: {=SUM(IF(Period=$AN$2,IF(Site=$A$221,IF(Provider=$B225,I))))} -> 0 | AO225: {=SUM(IF(Period=$AN$2,IF(Site=$A$221,IF(Provider=$B225,J))))} -> 0 | AQ225: =AO225*(AN225/AN$243) -> 0 | AR225: =AO225*(AN225/AN$891) -> 0 | AT225: {=SUM(IF(Period=$AT$2,IF(Site=$A$221,IF(Provider=$B225,I))))} -> 0 | AU225: {=SUM(IF(Period=$AT$2,IF(Site=$A$221,IF(Provider=$B225,J))))} -> 0 | AW225: =AU225*(AT225/AT$243) -> 0 | AX225: =AU225*(AT225/AT$891) -> 0 | AZ225: {=SUM(IF(Period=$AZ$2,IF(Site=$A$221,IF(Provider=$B225,I))))} -> 0 | BA225: {=SUM(IF(Period=$AZ$2,IF(Site=$A$221,IF(Provider=$B225,J))))} -> 0 | BC225: =BA225*(AZ225/AZ$243) -> 0 | BD225: =BA225*(AZ225/AZ$891) -> 0 | BF225: {=SUM(IF(Period=$BF$2,IF(Site=$A$221,IF(Provider=$B225,I))))} -> 0 | BG225: {=SUM(IF(Period=$BF$2,IF(Site=$A$221,IF(Provider=$B225,J))))} -> 0 | BI225: =BG225*(BF225/BF$243) -> 0 | BJ225: =BG225*(BF225/BF$891) -> 0 | BL225: {=SUM(IF(Period=$BL$2,IF(Site=$A$221,IF(Provider=$B225,I))))} -> 0 | BM225: {=SUM(IF(Period=$BL$2,IF(Site=$A$221,IF(Provider=$B225,J))))} -> 0 | BO225: =BM225*(BL225/BL$243) -> 0 | BP225: =BM225*(BL225/BL$891) -> 0 | BR225: {=SUM(IF(Period=$BR$2,IF(Site=$A$221,IF(Provider=$B225,I))))} -> 0 | BS225: {=SUM(IF(Period=$BR$2,IF(Site=$A$221,IF(Provider=$B225,J))))} -> 0 | BU225: =BS225*(BR225/BR$243) -> 0 | BV225: =BS225*(BR225/BR$891) -> 0
B226: FELICIANO MD, ANGEL | D226: {=SUM(IF(Period=$D$2,IF(Site=$A$221,IF(Provider=$B226,I))))} -> 6 | E226: {=SUM(IF(Period=$D$2,IF(Site=$A$221,IF(Provider=$B226,J))))} -> 4.8333333 | G226: =E226*(D226/D$243) -> 0.065315315 | H226: =E226*(D226/D$891) -> 0.00083992238 | J226: {=SUM(IF(Period=$J$2,IF(Site=$A$221,IF(Provider=$B226,I))))} -> 15 | K226: {=SUM(IF(Period=$J$2,IF(Site=$A$221,IF(Provider=$B226,J))))} -> 5.4666667 | M226: =K226*(J226/J$243) -> 0.16907216 | N226: =K226*(J226/J$891) -> 0.0025405087 | P226: {=SUM(IF(Period=$P$2,IF(Site=$A$221,IF(Provider=$B226,I))))} -> 17 | Q226: {=SUM(IF(Period=$P$2,IF(Site=$A$221,IF(Provider=$B226,J))))} -> 4.7647059 | S226: =Q226*(P226/P$243) -> 0.174946 | T226: =Q226*(P226/P$891) -> 0.0023341594 | V226: {=SUM(IF(Period=$V$2,IF(Site=$A$221,IF(Provider=$B226,I))))} -> 18 | W226: {=SUM(IF(Period=$V$2,IF(Site=$A$221,IF(Provider=$B226,J))))} -> 6.5555556 | Y226: =W226*(V226/V$243) -> 0.28365385 | Z226: =W226*(V226/V$891) -> 0.0035686203 | AB226: {=SUM(IF(Period=$AB$2,IF(Site=$A$221,IF(Provider=$B226,I))))} -> 0 | AC226: {=SUM(IF(Period=$AB$2,IF(Site=$A$221,IF(Provider=$B226,J))))} -> 0 | AE226: =AC226*(AB226/AB$243) -> 0 | AF226: =AC226*(AB226/AB$891) -> 0 | AH226: {=SUM(IF(Period=$AH$2,IF(Site=$A$221,IF(Provider=$B226,I))))} -> 0 | AI226: {=SUM(IF(Period=$AH$2,IF(Site=$A$221,IF(Provider=$B226,J))))} -> 0 | AK226: =AI226*(AH226/AH$243) -> 0 | AL226: =AI226*(AH226/AH$891) -> 0 | AN226: {=SUM(IF(Period=$AN$2,IF(Site=$A$221,IF(Provider=$B226,I))))} -> 0 | AO226: {=SUM(IF(Period=$AN$2,IF(Site=$A$221,IF(Provider=$B226,J))))} -> 0 | AQ226: =AO226*(AN226/AN$243) -> 0 | AR226: =AO226*(AN226/AN$891) -> 0 | AT226: {=SUM(IF(Period=$AT$2,IF(Site=$A$221,IF(Provider=$B226,I))))} -> 0 | AU226: {=SUM(IF(Period=$AT$2,IF(Site=$A$221,IF(Provider=$B226,J))))} -> 0 | AW226: =AU226*(AT226/AT$243) -> 0 | AX226: =AU226*(AT226/AT$891) -> 0 | AZ226: {=SUM(IF(Period=$AZ$2,IF(Site=$A$221,IF(Provider=$B226,I))))} -> 0 | BA226: {=SUM(IF(Period=$AZ$2,IF(Site=$A$221,IF(Provider=$B226,J))))} -> 0 | BC226: =BA226*(AZ226/AZ$243) -> 0 | BD226: =BA226*(AZ226/AZ$891) -> 0 | BF226: {=SUM(IF(Period=$BF$2,IF(Site=$A$221,IF(Provider=$B226,I))))} -> 0 | BG226: {=SUM(IF(Period=$BF$2,IF(Site=$A$221,IF(Provider=$B226,J))))} -> 0 | BI226: =BG226*(BF226/BF$243) -> 0 | BJ226: =BG226*(BF226/BF$891) -> 0 | BL226: {=SUM(IF(Period=$BL$2,IF(Site=$A$221,IF(Provider=$B226,I))))} -> 0 | BM226: {=SUM(IF(Period=$BL$2,IF(Site=$A$221,IF(Provider=$B226,J))))} -> 0 | BO226: =BM226*(BL226/BL$243) -> 0 | BP226: =BM226*(BL226/BL$891) -> 0 | BR226: {=SUM(IF(Period=$BR$2,IF(Site=$A$221,IF(Provider=$B226,I))))} -> 0 | BS226: {=SUM(IF(Period=$BR$2,IF(Site=$A$221,IF(Provider=$B226,J))))} -> 0 | BU226: =BS226*(BR226/BR$243) -> 0 | BV226: =BS226*(BR226/BR$891) -> 0
B227: FISH DO, JAMES A | D227: {=SUM(IF(Period=$D$2,IF(Site=$A$221,IF(Provider=$B227,I))))} -> 90 | E227: {=SUM(IF(Period=$D$2,IF(Site=$A$221,IF(Provider=$B227,J))))} -> 2.9888889 | G227: =E227*(D227/D$243) -> 0.60585586 | H227: =E227*(D227/D$891) -> 0.0077910041 | J227: {=SUM(IF(Period=$J$2,IF(Site=$A$221,IF(Provider=$B227,I))))} -> 79 | K227: {=SUM(IF(Period=$J$2,IF(Site=$A$221,IF(Provider=$B227,J))))} -> 2.4303797 | M227: =K227*(J227/J$243) -> 0.39587629 | N227: =K227*(J227/J$891) -> 0.0059485082 | P227: {=SUM(IF(Period=$P$2,IF(Site=$A$221,IF(Provider=$B227,I))))} -> 84 | Q227: {=SUM(IF(Period=$P$2,IF(Site=$A$221,IF(Provider=$B227,J))))} -> 2.1666667 | S227: =Q227*(P227/P$243) -> 0.39308855 | T227: =Q227*(P227/P$891) -> 0.0052446545 | V227: {=SUM(IF(Period=$V$2,IF(Site=$A$221,IF(Provider=$B227,I))))} -> 61 | W227: {=SUM(IF(Period=$V$2,IF(Site=$A$221,IF(Provider=$B227,J))))} -> 2.1967213 | Y227: =W227*(V227/V$243) -> 0.32211538 | Z227: =W227*(V227/V$891) -> 0.0040525011 | AB227: {=SUM(IF(Period=$AB$2,IF(Site=$A$221,IF(Provider=$B227,I))))} -> 76 | AC227: {=SUM(IF(Period=$AB$2,IF(Site=$A$221,IF(Provider=$B227,J))))} -> 2.1447368 | AE227: =AC227*(AB227/AB$243) -> 0.4478022 | AF227: =AC227*(AB227/AB$891) -> 0.0049035829 | AH227: {=SUM(IF(Period=$AH$2,IF(Site=$A$221,IF(Provider=$B227,I))))} -> 50 | AI227: {=SUM(IF(Period=$AH$2,IF(Site=$A$221,IF(Provider=$B227,J))))} -> 1.44 | AK227: =AI227*(AH227/AH$243) -> 0.27169811 | AL227: =AI227*(AH227/AH$891) -> 0.002451815 | AN227: {=SUM(IF(Period=$AN$2,IF(Site=$A$221,IF(Provider=$B227,I))))} -> 61 | AO227: {=SUM(IF(Period=$AN$2,IF(Site=$A$221,IF(Provider=$B227,J))))} -> 3.2786885 | AQ227: =AO227*(AN227/AN$243) -> 0.65359477 | AR227: =AO227*(AN227/AN$891) -> 0.0063959066 | AT227: {=SUM(IF(Period=$AT$2,IF(Site=$A$221,IF(Provider=$B227,I))))} -> 62 | AU227: {=SUM(IF(Period=$AT$2,IF(Site=$A$221,IF(Provider=$B227,J))))} -> 1.4193548 | AW227: =AU227*(AT227/AT$243) -> 0.31095406 | AX227: =AU227*(AT227/AT$891) -> 0.0027727889 | AZ227: {=SUM(IF(Period=$AZ$2,IF(Site=$A$221,IF(Provider=$B227,I))))} -> 53 | BA227: {=SUM(IF(Period=$AZ$2,IF(Site=$A$221,IF(Provider=$B227,J))))} -> 1.7169811 | BC227: =BA227*(AZ227/AZ$243) -> 0.30536913 | BD227: =BA227*(AZ227/AZ$891) -> 0.0029652318 | BF227: {=SUM(IF(Period=$BF$2,IF(Site=$A$221,IF(Provider=$B227,I))))} -> 54 | BG227: {=SUM(IF(Period=$BF$2,IF(Site=$A$221,IF(Provider=$B227,J))))} -> 1.7777778 | BI227: =BG227*(BF227/BF$243) -> 0.32876712 | BJ227: =BG227*(BF227/BF$891) -> 0.0029704808 | BL227: {=SUM(IF(Period=$BL$2,IF(Site=$A$221,IF(Provider=$B227,I))))} -> 92 | BM227: {=SUM(IF(Period=$BL$2,IF(Site=$A$221,IF(Provider=$B227,J))))} -> 1.6086957 | BO227: =BM227*(BL227/BL$243) -> 0.38046272 | BP227: =BM227*(BL227/BL$891) -> 0.0046015608 | BR227: {=SUM(IF(Period=$BR$2,IF(Site=$A$221,IF(Provider=$B227,I))))} -> 90 | BS227: {=SUM(IF(Period=$BR$2,IF(Site=$A$221,IF(Provider=$B227,J))))} -> 2.2444444 | BU227: =BS227*(BR227/BR$243) -> 0.43817787 | BV227: =BS227*(BR227/BR$891) -> 0.0059253175
B228: FISHMAN MD, DAVID M | D228: {=SUM(IF(Period=$D$2,IF(Site=$A$221,IF(Provider=$B228,I))))} -> 0 | E228: {=SUM(IF(Period=$D$2,IF(Site=$A$221,IF(Provider=$B228,J))))} -> 0 | G228: =E228*(D228/D$243) -> 0 | H228: =E228*(D228/D$891) -> 0 | J228: {=SUM(IF(Period=$J$2,IF(Site=$A$221,IF(Provider=$B228,I))))} -> 0 | K228: {=SUM(IF(Period=$J$2,IF(Site=$A$221,IF(Provider=$B228,J))))} -> 0 | M228: =K228*(J228/J$243) -> 0 | N228: =K228*(J228/J$891) -> 0 | P228: {=SUM(IF(Period=$P$2,IF(Site=$A$221,IF(Provider=$B228,I))))} -> 0 | Q228: {=SUM(IF(Period=$P$2,IF(Site=$A$221,IF(Provider=$B228,J))))} -> 0 | S228: =Q228*(P228/P$243) -> 0 | T228: =Q228*(P228/P$891) -> 0 | V228: {=SUM(IF(Period=$V$2,IF(Site=$A$221,IF(Provider=$B228,I))))} -> 0 | W228: {=SUM(IF(Period=$V$2,IF(Site=$A$221,IF(Provider=$B228,J))))} -> 0 | Y228: =W228*(V228/V$243) -> 0 | Z228: =W228*(V228/V$891) -> 0 | AB228: {=SUM(IF(Period=$AB$2,IF(Site=$A$221,IF(Provider=$B228,I))))} -> 0 | AC228: {=SUM(IF(Period=$AB$2,IF(Site=$A$221,IF(Provider=$B228,J))))} -> 0 | AE228: =AC228*(AB228/AB$243) -> 0 | AF228: =AC228*(AB228/AB$891) -> 0 | AH228: {=SUM(IF(Period=$AH$2,IF(Site=$A$221,IF(Provider=$B228,I))))} -> 0 | AI228: {=SUM(IF(Period=$AH$2,IF(Site=$A$221,IF(Provider=$B228,J))))} -> 0 | AK228: =AI228*(AH228/AH$243) -> 0 | AL228: =AI228*(AH228/AH$891) -> 0 | AN228: {=SUM(IF(Period=$AN$2,IF(Site=$A$221,IF(Provider=$B228,I))))} -> 0 | AO228: {=SUM(IF(Period=$AN$2,IF(Site=$A$221,IF(Provider=$B228,J))))} -> 0 | AQ228: =AO228*(AN228/AN$243) -> 0 | AR228: =AO228*(AN228/AN$891) -> 0 | AT228: {=SUM(IF(Period=$AT$2,IF(Site=$A$221,IF(Provider=$B228,I))))} -> 0 | AU228: {=SUM(IF(Period=$AT$2,IF(Site=$A$221,IF(Provider=$B228,J))))} -> 0 | AW228: =AU228*(AT228/AT$243) -> 0 | AX228: =AU228*(AT228/AT$891) -> 0 | AZ228: {=SUM(IF(Period=$AZ$2,IF(Site=$A$221,IF(Provider=$B228,I))))} -> 0 | BA228: {=SUM(IF(Period=$AZ$2,IF(Site=$A$221,IF(Provider=$B228,J))))} -> 0 | BC228: =BA228*(AZ228/AZ$243) -> 0 | BD228: =BA228*(AZ228/AZ$891) -> 0 | BF228: {=SUM(IF(Period=$BF$2,IF(Site=$A$221,IF(Provider=$B228,I))))} -> 0 | BG228: {=SUM(IF(Period=$BF$2,IF(Site=$A$221,IF(Provider=$B228,J))))} -> 0 | BI228: =BG228*(BF228/BF$243) -> 0 | BJ228: =BG228*(BF228/BF$891) -> 0 | BL228: {=SUM(IF(Period=$BL$2,IF(Site=$A$221,IF(Provider=$B228,I))))} -> 0 | BM228: {=SUM(IF(Period=$BL$2,IF(Site=$A$221,IF(Provider=$B228,J))))} -> 0 | BO228: =BM228*(BL228/BL$243) -> 0 | BP228: =BM228*(BL228/BL$891) -> 0 | BR228: {=SUM(IF(Period=$BR$2,IF(Site=$A$221,IF(Provider=$B228,I))))} -> 1 | BS228: {=SUM(IF(Period=$BR$2,IF(Site=$A$221,IF(Provider=$B228,J))))} -> 3 | BU228: =BS228*(BR228/BR$243) -> 0.0065075922 | BV228: =BS228*(BR228/BR$891) -> 8.7999765e-05
B229: FOWLER MD, DAVID M | D229: {=SUM(IF(Period=$D$2,IF(Site=$A$221,IF(Provider=$B229,I))))} -> 17 | E229: {=SUM(IF(Period=$D$2,IF(Site=$A$221,IF(Provider=$B229,J))))} -> 7.5294118 | G229: =E229*(D229/D$243) -> 0.28828829 | H229: =E229*(D229/D$891) -> 0.0037072436 | J229: {=SUM(IF(Period=$J$2,IF(Site=$A$221,IF(Provider=$B229,I))))} -> 0 | K229: {=SUM(IF(Period=$J$2,IF(Site=$A$221,IF(Provider=$B229,J))))} -> 0 | M229: =K229*(J229/J$243) -> 0 | N229: =K229*(J229/J$891) -> 0 | P229: {=SUM(IF(Period=$P$2,IF(Site=$A$221,IF(Provider=$B229,I))))} -> 0 | Q229: {=SUM(IF(Period=$P$2,IF(Site=$A$221,IF(Provider=$B229,J))))} -> 0 | S229: =Q229*(P229/P$243) -> 0 | T229: =Q229*(P229/P$891) -> 0 | V229: {=SUM(IF(Period=$V$2,IF(Site=$A$221,IF(Provider=$B229,I))))} -> 0 | W229: {=SUM(IF(Period=$V$2,IF(Site=$A$221,IF(Provider=$B229,J))))} -> 0 | Y229: =W229*(V229/V$243) -> 0 | Z229: =W229*(V229/V$891) -> 0 | AB229: {=SUM(IF(Period=$AB$2,IF(Site=$A$221,IF(Provider=$B229,I))))} -> 7 | AC229: {=SUM(IF(Period=$AB$2,IF(Site=$A$221,IF(Provider=$B229,J))))} -> 7.4285714 | AE229: =AC229*(AB229/AB$243) -> 0.14285714 | AF229: =AC229*(AB229/AB$891) -> 0.0015643332 | AH229: {=SUM(IF(Period=$AH$2,IF(Site=$A$221,IF(Provider=$B229,I))))} -> 12 | AI229: {=SUM(IF(Period=$AH$2,IF(Site=$A$221,IF(Provider=$B229,J))))} -> 5.1666667 | AK229: =AI229*(AH229/AH$243) -> 0.23396226 | AL229: =AI229*(AH229/AH$891) -> 0.0021112852 | AN229: {=SUM(IF(Period=$AN$2,IF(Site=$A$221,IF(Provider=$B229,I))))} -> 10 | AO229: {=SUM(IF(Period=$AN$2,IF(Site=$A$221,IF(Provider=$B229,J))))} -> 6.1 | AQ229: =AO229*(AN229/AN$243) -> 0.19934641 | AR229: =AO229*(AN229/AN$891) -> 0.0019507515 | AT229: {=SUM(IF(Period=$AT$2,IF(Site=$A$221,IF(Provider=$B229,I))))} -> 10 | AU229: {=SUM(IF(Period=$AT$2,IF(Site=$A$221,IF(Provider=$B229,J))))} -> 4 | AW229: =AU229*(AT229/AT$243) -> 0.14134276 | AX229: =AU229*(AT229/AT$891) -> 0.0012603586 | AZ229: {=SUM(IF(Period=$AZ$2,IF(Site=$A$221,IF(Provider=$B229,I))))} -> 6 | BA229: {=SUM(IF(Period=$AZ$2,IF(Site=$A$221,IF(Provider=$B229,J))))} -> 5 | BC229: =BA229*(AZ229/AZ$243) -> 0.10067114 | BD229: =BA229*(AZ229/AZ$891) -> 0.00097754896 | BF229: {=SUM(IF(Period=$BF$2,IF(Site=$A$221,IF(Provider=$B229,I))))} -> 0 | BG229: {=SUM(IF(Period=$BF$2,IF(Site=$A$221,IF(Provider=$B229,J))))} -> 0 | BI229: =BG229*(BF229/BF$243) -> 0 | BJ229: =BG229*(BF229/BF$891) -> 0 | BL229: {=SUM(IF(Period=$BL$2,IF(Site=$A$221,IF(Provider=$B229,I))))} -> 0 | BM229: {=SUM(IF(Period=$BL$2,IF(Site=$A$221,IF(Provider=$B229,J))))} -> 0 | BO229: =BM229*(BL229/BL$243) -> 0 | BP229: =BM229*(BL229/BL$891) -> 0 | BR229: {=SUM(IF(Period=$BR$2,IF(Site=$A$221,IF(Provider=$B229,I))))} -> 20 | BS229: {=SUM(IF(Period=$BR$2,IF(Site=$A$221,IF(Provider=$B229,J))))} -> 7.1 | BU229: =BS229*(BR229/BR$243) -> 0.30802603 | BV229: =BS229*(BR229/BR$891) -> 0.0041653222
B230: GONZALEZ MD, JOSE M | D230: {=SUM(IF(Period=$D$2,IF(Site=$A$221,IF(Provider=$B230,I))))} -> 17 | E230: {=SUM(IF(Period=$D$2,IF(Site=$A$221,IF(Provider=$B230,J))))} -> 7 | G230: =E230*(D230/D$243) -> 0.26801802 | H230: =E230*(D230/D$891) -> 0.003446578 | J230: {=SUM(IF(Period=$J$2,IF(Site=$A$221,IF(Provider=$B230,I))))} -> 0 | K230: {=SUM(IF(Period=$J$2,IF(Site=$A$221,IF(Provider=$B230,J))))} -> 0 | M230: =K230*(J230/J$243) -> 0 | N230: =K230*(J230/J$891) -> 0 | P230: {=SUM(IF(Period=$P$2,IF(Site=$A$221,IF(Provider=$B230,I))))} -> 9 | Q230: {=SUM(IF(Period=$P$2,IF(Site=$A$221,IF(Provider=$B230,J))))} -> 6.7777778 | S230: =Q230*(P230/P$243) -> 0.13174946 | T230: =Q230*(P230/P$891) -> 0.0017578238 | V230: {=SUM(IF(Period=$V$2,IF(Site=$A$221,IF(Provider=$B230,I))))} -> 16 | W230: {=SUM(IF(Period=$V$2,IF(Site=$A$221,IF(Provider=$B230,J))))} -> 10.625 | Y230: =W230*(V230/V$243) -> 0.40865385 | Z230: =W230*(V230/V$891) -> 0.0051412327 | AB230: {=SUM(IF(Period=$AB$2,IF(Site=$A$221,IF(Provider=$B230,I))))} -> 16 | AC230: {=SUM(IF(Period=$AB$2,IF(Site=$A$221,IF(Provider=$B230,J))))} -> 10.4375 | AE230: =AC230*(AB230/AB$243) -> 0.45879121 | AF230: =AC230*(AB230/AB$891) -> 0.0050239162 | AH230: {=SUM(IF(Period=$AH$2,IF(Site=$A$221,IF(Provider=$B230,I))))} -> 0 | AI230: {=SUM(IF(Period=$AH$2,IF(Site=$A$221,IF(Provider=$B230,J))))} -> 0 | AK230: =AI230*(AH230/AH$243) -> 0 | AL230: =AI230*(AH230/AH$891) -> 0 | AN230: {=SUM(IF(Period=$AN$2,IF(Site=$A$221,IF(Provider=$B230,I))))} -> 9 | AO230: {=SUM(IF(Period=$AN$2,IF(Site=$A$221,IF(Provider=$B230,J))))} -> 6.2222222 | AQ230: =AO230*(AN230/AN$243) -> 0.18300654 | AR230: =AO230*(AN230/AN$891) -> 0.0017908539 | AT230: {=SUM(IF(Period=$AT$2,IF(Site=$A$221,IF(Provider=$B230,I))))} -> 13 | AU230: {=SUM(IF(Period=$AT$2,IF(Site=$A$221,IF(Provider=$B230,J))))} -> 6.6923077 | AW230: =AU230*(AT230/AT$243) -> 0.30742049 | AX230: =AU230*(AT230/AT$891) -> 0.0027412799 | AZ230: {=SUM(IF(Period=$AZ$2,IF(Site=$A$221,IF(Provider=$B230,I))))} -> 0 | BA230: {=SUM(IF(Period=$AZ$2,IF(Site=$A$221,IF(Provider=$B230,J))))} -> 0 | BC230: =BA230*(AZ230/AZ$243) -> 0 | BD230: =BA230*(AZ230/AZ$891) -> 0 | BF230: {=SUM(IF(Period=$BF$2,IF(Site=$A$221,IF(Provider=$B230,I))))} -> 0 | BG230: {=SUM(IF(Period=$BF$2,IF(Site=$A$221,IF(Provider=$B230,J))))} -> 0 | BI230: =BG230*(BF230/BF$243) -> 0 | BJ230: =BG230*(BF230/BF$891) -> 0 | BL230: {=SUM(IF(Period=$BL$2,IF(Site=$A$221,IF(Provider=$B230,I))))} -> 0 | BM230: {=SUM(IF(Period=$BL$2,IF(Site=$A$221,IF(Provider=$B230,J))))} -> 0 | BO230: =BM230*(BL230/BL$243) -> 0 | BP230: =BM230*(BL230/BL$891) -> 0 | BR230: {=SUM(IF(Period=$BR$2,IF(Site=$A$221,IF(Provider=$B230,I))))} -> 0 | BS230: {=SUM(IF(Period=$BR$2,IF(Site=$A$221,IF(Provider=$B230,J))))} -> 0 | BU230: =BS230*(BR230/BR$243) -> 0 | BV230: =BS230*(BR230/BR$891) -> 0
B231: GRECO DO, FRANCINE | D231: {=SUM(IF(Period=$D$2,IF(Site=$A$221,IF(Provider=$B231,I))))} -> 89 | E231: {=SUM(IF(Period=$D$2,IF(Site=$A$221,IF(Provider=$B231,J))))} -> 5.0561798 | G231: =E231*(D231/D$243) -> 1.0135135 | H231: =E231*(D231/D$891) -> 0.013033278 | J231: {=SUM(IF(Period=$J$2,IF(Site=$A$221,IF(Provider=$B231,I))))} -> 116 | K231: {=SUM(IF(Period=$J$2,IF(Site=$A$221,IF(Provider=$B231,J))))} -> 5.5948276 | M231: =K231*(J231/J$243) -> 1.3381443 | N231: =K231*(J231/J$891) -> 0.020107197 | P231: {=SUM(IF(Period=$P$2,IF(Site=$A$221,IF(Provider=$B231,I))))} -> 86 | Q231: {=SUM(IF(Period=$P$2,IF(Site=$A$221,IF(Provider=$B231,J))))} -> 5.0232558 | S231: =Q231*(P231/P$243) -> 0.93304536 | T231: =Q231*(P231/P$891) -> 0.01244885 | V231: {=SUM(IF(Period=$V$2,IF(Site=$A$221,IF(Provider=$B231,I))))} -> 74 | W231: {=SUM(IF(Period=$V$2,IF(Site=$A$221,IF(Provider=$B231,J))))} -> 4.0540541 | Y231: =W231*(V231/V$243) -> 0.72115385 | Z231: =W231*(V231/V$891) -> 0.0090727636 | AB231: {=SUM(IF(Period=$AB$2,IF(Site=$A$221,IF(Provider=$B231,I))))} -> 78 | AC231: {=SUM(IF(Period=$AB$2,IF(Site=$A$221,IF(Provider=$B231,J))))} -> 4.2692308 | AE231: =AC231*(AB231/AB$243) -> 0.91483516 | AF231: =AC231*(AB231/AB$891) -> 0.010017749 | AH231: {=SUM(IF(Period=$AH$2,IF(Site=$A$221,IF(Provider=$B231,I))))} -> 50 | AI231: {=SUM(IF(Period=$AH$2,IF(Site=$A$221,IF(Provider=$B231,J))))} -> 3.9 | AK231: =AI231*(AH231/AH$243) -> 0.73584906 | AL231: =AI231*(AH231/AH$891) -> 0.0066403324 | AN231: {=SUM(IF(Period=$AN$2,IF(Site=$A$221,IF(Provider=$B231,I))))} -> 55 | AO231: {=SUM(IF(Period=$AN$2,IF(Site=$A$221,IF(Provider=$B231,J))))} -> 4.5272727 | AQ231: =AO231*(AN231/AN$243) -> 0.81372549 | AR231: =AO231*(AN231/AN$891) -> 0.0079629037 | AT231: {=SUM(IF(Period=$AT$2,IF(Site=$A$221,IF(Provider=$B231,I))))} -> 58 | AU231: {=SUM(IF(Period=$AT$2,IF(Site=$A$221,IF(Provider=$B231,J))))} -> 3.4310345 | AW231: =AU231*(AT231/AT$243) -> 0.70318021 | AX231: =AU231*(AT231/AT$891) -> 0.0062702839 | AZ231: {=SUM(IF(Period=$AZ$2,IF(Site=$A$221,IF(Provider=$B231,I))))} -> 71 | BA231: {=SUM(IF(Period=$AZ$2,IF(Site=$A$221,IF(Provider=$B231,J))))} -> 4.5915493 | BC231: =BA231*(AZ231/AZ$243) -> 1.0939597 | BD231: =BA231*(AZ231/AZ$891) -> 0.010622699 | BF231: {=SUM(IF(Period=$BF$2,IF(Site=$A$221,IF(Provider=$B231,I))))} -> 56 | BG231: {=SUM(IF(Period=$BF$2,IF(Site=$A$221,IF(Provider=$B231,J))))} -> 4.3571429 | BI231: =BG231*(BF231/BF$243) -> 0.83561644 | BJ231: =BG231*(BF231/BF$891) -> 0.0075499722 | BL231: {=SUM(IF(Period=$BL$2,IF(Site=$A$221,IF(Provider=$B231,I))))} -> 74 | BM231: {=SUM(IF(Period=$BL$2,IF(Site=$A$221,IF(Provider=$B231,J))))} -> 5.027027 | BO231: =BM231*(BL231/BL$243) -> 0.9562982 | BP231: =BM231*(BL231/BL$891) -> 0.011566085 | BR231: {=SUM(IF(Period=$BR$2,IF(Site=$A$221,IF(Provider=$B231,I))))} -> 108 | BS231: {=SUM(IF(Period=$BR$2,IF(Site=$A$221,IF(Provider=$B231,J))))} -> 5.462963 | BU231: =BS231*(BR231/BR$243) -> 1.2798265 | BV231: =BS231*(BR231/BR$891) -> 0.017306621
B232: GRENIER DO, DANIEL A | D232: {=SUM(IF(Period=$D$2,IF(Site=$A$221,IF(Provider=$B232,I))))} -> 0 | E232: {=SUM(IF(Period=$D$2,IF(Site=$A$221,IF(Provider=$B232,J))))} -> 0 | G232: =E232*(D232/D$243) -> 0 | H232: =E232*(D232/D$891) -> 0 | J232: {=SUM(IF(Period=$J$2,IF(Site=$A$221,IF(Provider=$B232,I))))} -> 0 | K232: {=SUM(IF(Period=$J$2,IF(Site=$A$221,IF(Provider=$B232,J))))} -> 0 | M232: =K232*(J232/J$243) -> 0 | N232: =K232*(J232/J$891) -> 0 | P232: {=SUM(IF(Period=$P$2,IF(Site=$A$221,IF(Provider=$B232,I))))} -> 0 | Q232: {=SUM(IF(Period=$P$2,IF(Site=$A$221,IF(Provider=$B232,J))))} -> 0 | S232: =Q232*(P232/P$243) -> 0 | T232: =Q232*(P232/P$891) -> 0 | V232: {=SUM(IF(Period=$V$2,IF(Site=$A$221,IF(Provider=$B232,I))))} -> 13 | W232: {=SUM(IF(Period=$V$2,IF(Site=$A$221,IF(Provider=$B232,J))))} -> 2 | Y232: =W232*(V232/V$243) -> 0.0625 | Z232: =W232*(V232/V$891) -> 0.00078630618 | AB232: {=SUM(IF(Period=$AB$2,IF(Site=$A$221,IF(Provider=$B232,I))))} -> 13 | AC232: {=SUM(IF(Period=$AB$2,IF(Site=$A$221,IF(Provider=$B232,J))))} -> 3.3076923 | AE232: =AC232*(AB232/AB$243) -> 0.11813187 | AF232: =AC232*(AB232/AB$891) -> 0.0012935832 | AH232: {=SUM(IF(Period=$AH$2,IF(Site=$A$221,IF(Provider=$B232,I))))} -> 15 | AI232: {=SUM(IF(Period=$AH$2,IF(Site=$A$221,IF(Provider=$B232,J))))} -> 2.6 | AK232: =AI232*(AH232/AH$243) -> 0.14716981 | AL232: =AI232*(AH232/AH$891) -> 0.0013280665 | AN232: {=SUM(IF(Period=$AN$2,IF(Site=$A$221,IF(Provider=$B232,I))))} -> 11 | AO232: {=SUM(IF(Period=$AN$2,IF(Site=$A$221,IF(Provider=$B232,J))))} -> 3 | AQ232: =AO232*(AN232/AN$243) -> 0.10784314 | AR232: =AO232*(AN232/AN$891) -> 0.0010553246 | AT232: {=SUM(IF(Period=$AT$2,IF(Site=$A$221,IF(Provider=$B232,I))))} -> 0 | AU232: {=SUM(IF(Period=$AT$2,IF(Site=$A$221,IF(Provider=$B232,J))))} -> 0 | AW232: =AU232*(AT232/AT$243) -> 0 | AX232: =AU232*(AT232/AT$891) -> 0 | AZ232: {=SUM(IF(Period=$AZ$2,IF(Site=$A$221,IF(Provider=$B232,I))))} -> 26 | BA232: {=SUM(IF(Period=$AZ$2,IF(Site=$A$221,IF(Provider=$B232,J))))} -> 2.7692308 | BC232: =BA232*(AZ232/AZ$243) -> 0.24161074 | BD232: =BA232*(AZ232/AZ$891) -> 0.0023461175 | BF232: {=SUM(IF(Period=$BF$2,IF(Site=$A$221,IF(Provider=$B232,I))))} -> 7 | BG232: {=SUM(IF(Period=$BF$2,IF(Site=$A$221,IF(Provider=$B232,J))))} -> 1 | BI232: =BG232*(BF232/BF$243) -> 0.023972603 | BJ232: =BG232*(BF232/BF$891) -> 0.00021659756 | BL232: {=SUM(IF(Period=$BL$2,IF(Site=$A$221,IF(Provider=$B232,I))))} -> 28 | BM232: {=SUM(IF(Period=$BL$2,IF(Site=$A$221,IF(Provider=$B232,J))))} -> 2.0357143 | BO232: =BM232*(BL232/BL$243) -> 0.14652956 | BP232: =BM232*(BL232/BL$891) -> 0.0017722227 | BR232: {=SUM(IF(Period=$BR$2,IF(Site=$A$221,IF(Provider=$B232,I))))} -> 27 | BS232: {=SUM(IF(Period=$BR$2,IF(Site=$A$221,IF(Provider=$B232,J))))} -> 1.8888889 | BU232: =BS232*(BR232/BR$243) -> 0.11062907 | BV232: =BS232*(BR232/BR$891) -> 0.001495996
B233: LEMAY DO, CHRISTOPHER R | D233: {=SUM(IF(Period=$D$2,IF(Site=$A$221,IF(Provider=$B233,I))))} -> 4 | E233: {=SUM(IF(Period=$D$2,IF(Site=$A$221,IF(Provider=$B233,J))))} -> 9 | G233: =E233*(D233/D$243) -> 0.081081081 | H233: =E233*(D233/D$891) -> 0.0010426623 | J233: {=SUM(IF(Period=$J$2,IF(Site=$A$221,IF(Provider=$B233,I))))} -> 0 | K233: {=SUM(IF(Period=$J$2,IF(Site=$A$221,IF(Provider=$B233,J))))} -> 0 | M233: =K233*(J233/J$243) -> 0 | N233: =K233*(J233/J$891) -> 0 | P233: {=SUM(IF(Period=$P$2,IF(Site=$A$221,IF(Provider=$B233,I))))} -> 0 | Q233: {=SUM(IF(Period=$P$2,IF(Site=$A$221,IF(Provider=$B233,J))))} -> 0 | S233: =Q233*(P233/P$243) -> 0 | T233: =Q233*(P233/P$891) -> 0 | V233: {=SUM(IF(Period=$V$2,IF(Site=$A$221,IF(Provider=$B233,I))))} -> 0 | W233: {=SUM(IF(Period=$V$2,IF(Site=$A$221,IF(Provider=$B233,J))))} -> 0 | Y233: =W233*(V233/V$243) -> 0 | Z233: =W233*(V233/V$891) -> 0 | AB233: {=SUM(IF(Period=$AB$2,IF(Site=$A$221,IF(Provider=$B233,I))))} -> 0 | AC233: {=SUM(IF(Period=$AB$2,IF(Site=$A$221,IF(Provider=$B233,J))))} -> 0 | AE233: =AC233*(AB233/AB$243) -> 0 | AF233: =AC233*(AB233/AB$891) -> 0 | AH233: {=SUM(IF(Period=$AH$2,IF(Site=$A$221,IF(Provider=$B233,I))))} -> 0 | AI233: {=SUM(IF(Period=$AH$2,IF(Site=$A$221,IF(Provider=$B233,J))))} -> 0 | AK233: =AI233*(AH233/AH$243) -> 0 | AL233: =AI233*(AH233/AH$891) -> 0 | AN233: {=SUM(IF(Period=$AN$2,IF(Site=$A$221,IF(Provider=$B233,I))))} -> 0 | AO233: {=SUM(IF(Period=$AN$2,IF(Site=$A$221,IF(Provider=$B233,J))))} -> 0 | AQ233: =AO233*(AN233/AN$243) -> 0 | AR233: =AO233*(AN233/AN$891) -> 0 | AT233: {=SUM(IF(Period=$AT$2,IF(Site=$A$221,IF(Provider=$B233,I))))} -> 0 | AU233: {=SUM(IF(Period=$AT$2,IF(Site=$A$221,IF(Provider=$B233,J))))} -> 0 | AW233: =AU233*(AT233/AT$243) -> 0 | AX233: =AU233*(AT233/AT$891) -> 0 | AZ233: {=SUM(IF(Period=$AZ$2,IF(Site=$A$221,IF(Provider=$B233,I))))} -> 0 | BA233: {=SUM(IF(Period=$AZ$2,IF(Site=$A$221,IF(Provider=$B233,J))))} -> 0 | BC233: =BA233*(AZ233/AZ$243) -> 0 | BD233: =BA233*(AZ233/AZ$891) -> 0 | BF233: {=SUM(IF(Period=$BF$2,IF(Site=$A$221,IF(Provider=$B233,I))))} -> 0 | BG233: {=SUM(IF(Period=$BF$2,IF(Site=$A$221,IF(Provider=$B233,J))))} -> 0 | BI233: =BG233*(BF233/BF$243) -> 0 | BJ233: =BG233*(BF233/BF$891) -> 0 | BL233: {=SUM(IF(Period=$BL$2,IF(Site=$A$221,IF(Provider=$B233,I))))} -> 0 | BM233: {=SUM(IF(Period=$BL$2,IF(Site=$A$221,IF(Provider=$B233,J))))} -> 0 | BO233: =BM233*(BL233/BL$243) -> 0 | BP233: =BM233*(BL233/BL$891) -> 0 | BR233: {=SUM(IF(Period=$BR$2,IF(Site=$A$221,IF(Provider=$B233,I))))} -> 8 | BS233: {=SUM(IF(Period=$BR$2,IF(Site=$A$221,IF(Provider=$B233,J))))} -> 2.625 | BU233: =BS233*(BR233/BR$243) -> 0.045553145 | BV233: =BS233*(BR233/BR$891) -> 0.00061599836
... B242: VO DO, HOANG MINH | D242: {=SUM(IF(Period=$D$2,IF(Site=$A$221,IF(Provider=$B242,I))))} -> 1 | E242: {=SUM(IF(Period=$D$2,IF(Site=$A$221,IF(Provider=$B242,J))))} -> 8 | G242: =E242*(D242/D$243) -> 0.018018018 | H242: =E242*(D242/D$891) -> 0.00023170273 | J242: {=SUM(IF(Period=$J$2,IF(Site=$A$221,IF(Provider=$B242,I))))} -> 0 | K242: {=SUM(IF(Period=$J$2,IF(Site=$A$221,IF(Provider=$B242,J))))} -> 0 | M242: =K242*(J242/J$243) -> 0 | N242: =K242*(J242/J$891) -> 0 | P242: {=SUM(IF(Period=$P$2,IF(Site=$A$221,IF(Provider=$B242,I))))} -> 0 | Q242: {=SUM(IF(Period=$P$2,IF(Site=$A$221,IF(Provider=$B242,J))))} -> 0 | S242: =Q242*(P242/P$243) -> 0 | T242: =Q242*(P242/P$891) -> 0 | V242: {=SUM(IF(Period=$V$2,IF(Site=$A$221,IF(Provider=$B242,I))))} -> 0 | W242: {=SUM(IF(Period=$V$2,IF(Site=$A$221,IF(Provider=$B242,J))))} -> 0 | Y242: =W242*(V242/V$243) -> 0 | Z242: =W242*(V242/V$891) -> 0 | AB242: {=SUM(IF(Period=$AB$2,IF(Site=$A$221,IF(Provider=$B242,I))))} -> 0 | AC242: {=SUM(IF(Period=$AB$2,IF(Site=$A$221,IF(Provider=$B242,J))))} -> 0 | AE242: =AC242*(AB242/AB$243) -> 0 | AF242: =AC242*(AB242/AB$891) -> 0 | AH242: {=SUM(IF(Period=$AH$2,IF(Site=$A$221,IF(Provider=$B242,I))))} -> 0 | AI242: {=SUM(IF(Period=$AH$2,IF(Site=$A$221,IF(Provider=$B242,J))))} -> 0 | AK242: =AI242*(AH242/AH$243) -> 0 | AL242: =AI242*(AH242/AH$891) -> 0 | AN242: {=SUM(IF(Period=$AN$2,IF(Site=$A$221,IF(Provider=$B242,I))))} -> 0 | AO242: {=SUM(IF(Period=$AN$2,IF(Site=$A$221,IF(Provider=$B242,J))))} -> 0 | AQ242: =AO242*(AN242/AN$243) -> 0 | AR242: =AO242*(AN242/AN$891) -> 0 | AT242: {=SUM(IF(Period=$AT$2,IF(Site=$A$221,IF(Provider=$B242,I))))} -> 0 | AU242: {=SUM(IF(Period=$AT$2,IF(Site=$A$221,IF(Provider=$B242,J))))} -> 0 | AW242: =AU242*(AT242/AT$243) -> 0 | AX242: =AU242*(AT242/AT$891) -> 0 | AZ242: {=SUM(IF(Period=$AZ$2,IF(Site=$A$221,IF(Provider=$B242,I))))} -> 0 | BA242: {=SUM(IF(Period=$AZ$2,IF(Site=$A$221,IF(Provider=$B242,J))))} -> 0 | BC242: =BA242*(AZ242/AZ$243) -> 0 | BD242: =BA242*(AZ242/AZ$891) -> 0 | BF242: {=SUM(IF(Period=$BF$2,IF(Site=$A$221,IF(Provider=$B242,I))))} -> 0 | BG242: {=SUM(IF(Period=$BF$2,IF(Site=$A$221,IF(Provider=$B242,J))))} -> 0 | BI242: =BG242*(BF242/BF$243) -> 0 | BJ242: =BG242*(BF242/BF$891) -> 0 | BL242: {=SUM(IF(Period=$BL$2,IF(Site=$A$221,IF(Provider=$B242,I))))} -> 0 | BM242: {=SUM(IF(Period=$BL$2,IF(Site=$A$221,IF(Provider=$B242,J))))} -> 0 | BO242: =BM242*(BL242/BL$243) -> 0 | BP242: =BM242*(BL242/BL$891) -> 0 | BR242: {=SUM(IF(Period=$BR$2,IF(Site=$A$221,IF(Provider=$B242,I))))} -> 0 | BS242: {=SUM(IF(Period=$BR$2,IF(Site=$A$221,IF(Provider=$B242,J))))} -> 0 | BU242: =BS242*(BR242/BR$243) -> 0 | BV242: =BS242*(BR242/BR$891) -> 0
B243: Subtotal | D243: =SUM(D222:D242) -> 444 | E243: =SUM(G222:G242) -> 4.6689189 | F243: =MEDIAN(E226,E227,E229,E230,E231,E233,E235,E236,E238,E239,E242) -> 5.0561798 | J243: =SUM(J222:J242) -> 485 | K243: =SUM(M222:M242) -> 4.6536082 | L243: =MEDIAN(K226,K227,K231,K235,K236,K239) -> 5.2089431 | P243: =SUM(P222:P242) -> 463 | Q243: =SUM(S222:S242) -> 4.2008639 | R243: =MEDIAN(Q226,Q227,Q230,Q231,Q235,Q236,Q239,Q241) -> 4.6741764 | V243: =SUM(V222:V242) -> 416 | W243: =SUM(Y222:Y242) -> 4.0697115 | X243: =MEDIAN(W226,W227,W230,W231,W232,W235,W236,W239) -> 3.945777 | AB243: =SUM(AB222:AB242) -> 364 | AC243: =SUM(AE222:AE242) -> 4.1456044 | AD243: =MEDIAN(AC227,AC229,AC230,AC231,AC232,AC235,AC236,AC239) -> 4.1068376 | AH243: =SUM(AH222:AH242) -> 265 | AI243: =SUM(AK222:AK242) -> 3.5169811 | AJ243: =MEDIAN(AI227,AI229,AI231,AI232,AI235,AI236,AI240) -> 3.9 | AN243: =SUM(AN222:AN242) -> 306 | AO243: =SUM(AQ222:AQ242) -> 4.1699346 | AP243: =MEDIAN(AO223,AO227,AO229,AO230,AO231,AO232,AO235,AO236,AO240) -> 4.5272727 | AT243: =SUM(AT222:AT242) -> 283 | AU243: =SUM(AW222:AW242) -> 3.7279152 | AV243: =MEDIAN(AU227,AU229,AU230,AU231,AU235,AU236,AU239) -> 4 | AZ243: =SUM(AZ222:AZ242) -> 298 | BA243: =SUM(BC222:BC242) -> 4.2986577 | BB243: =MEDIAN(BA222,BA224,BA227,BA229,BA231,BA232,BA235,BA236,BA239) -> 4.5915493 | BF243: =SUM(BF222:BF242) -> 292 | BG243: =SUM(BI222:BI242) -> 3.8184932 | BH243: =MEDIAN(BG227,BG231,BG232,BG235,BG236,BG239) -> 3.7535714 | BL243: =SUM(BL222:BL242) -> 389 | BM243: =SUM(BO222:BO242) -> 3.9228792 | BN243: =MEDIAN(BM227,BM231,BM232,BM235,BM236,BM239) -> 3.5724638 | BR243: =SUM(BR222:BR242) -> 461 | BS243: =SUM(BU222:BU242) -> 4.2234273 | BT243: =MEDIAN(BS227,BS228,BS229,BS231,BS232,BS233,BS235,BS236,BS237,BS239,BS241) -> 4.8157895
A245: Kendall
B246: ABDUL, HALEEM MD | D246: {=SUM(IF(Period=$D$2,IF(Site=$A$245,IF(Provider=$B246,I))))} -> 0 | E246: {=SUM(IF(Period=$D$2,IF(Site=$A$245,IF(Provider=$B246,J))))} -> 0 | G246: =E246*(D246/D$380) -> 0 | H246: =E246*(D246/D$891) -> 0 | J246: {=SUM(IF(Period=$J$2,IF(Site=$A$245,IF(Provider=$B246,I))))} -> 0 | K246: {=SUM(IF(Period=$J$2,IF(Site=$A$245,IF(Provider=$B246,J))))} -> 0 | M246: =K246*(J246/J$380) -> 0 | N246: =K246*(J246/J$891) -> 0 | P246: {=SUM(IF(Period=$P$2,IF(Site=$A$245,IF(Provider=$B246,I))))} -> 0 | Q246: {=SUM(IF(Period=$P$2,IF(Site=$A$245,IF(Provider=$B246,J))))} -> 0 | S246: =Q246*(P246/P$380) -> 0 | T246: =Q246*(P246/P$891) -> 0 | V246: {=SUM(IF(Period=$V$2,IF(Site=$A$245,IF(Provider=$B246,I))))} -> 0 | W246: {=SUM(IF(Period=$V$2,IF(Site=$A$245,IF(Provider=$B246,J))))} -> 0 | Y246: =W246*(V246/V$380) -> 0 | Z246: =W246*(V246/V$891) -> 0 | AB246: {=SUM(IF(Period=$AB$2,IF(Site=$A$245,IF(Provider=$B246,I))))} -> 0 | AC246: {=SUM(IF(Period=$AB$2,IF(Site=$A$245,IF(Provider=$B246,J))))} -> 0 | AE246: =AC246*(AB246/AB$380) -> 0 | AF246: =AC246*(AB246/AB$891) -> 0 | AH246: {=SUM(IF(Period=$AH$2,IF(Site=$A$245,IF(Provider=$B246,I))))} -> 0 | AI246: {=SUM(IF(Period=$AH$2,IF(Site=$A$245,IF(Provider=$B246,J))))} -> 0 | AK246: =AI246*(AH246/AH$380) -> 0 | AL246: =AI246*(AH246/AH$891) -> 0 | AN246: {=SUM(IF(Period=$AN$2,IF(Site=$A$245,IF(Provider=$B246,I))))} -> 0 | AO246: {=SUM(IF(Period=$AN$2,IF(Site=$A$245,IF(Provider=$B246,J))))} -> 0 | AQ246: =AO246*(AN246/AN$380) -> 0 | AR246: =AO246*(AN246/AN$891) -> 0 | AT246: {=SUM(IF(Period=$AT$2,IF(Site=$A$245,IF(Provider=$B246,I))))} -> 0 | AU246: {=SUM(IF(Period=$AT$2,IF(Site=$A$245,IF(Provider=$B246,J))))} -> 0 | AW246: =AU246*(AT246/AT$380) -> 0 | AX246: =AU246*(AT246/AT$891) -> 0 | AZ246: {=SUM(IF(Period=$AZ$2,IF(Site=$A$245,IF(Provider=$B246,I))))} -> 15 | BA246: {=SUM(IF(Period=$AZ$2,IF(Site=$A$245,IF(Provider=$B246,J))))} -> 8.6 | BC246: =BA246*(AZ246/AZ$380) -> 0.02027983 | BD246: =BA246*(AZ246/AZ$891) -> 0.0042034605 | BF246: {=SUM(IF(Period=$BF$2,IF(Site=$A$245,IF(Provider=$B246,I))))} -> 57 | BG246: {=SUM(IF(Period=$BF$2,IF(Site=$A$245,IF(Provider=$B246,J))))} -> 7.3859649 | BI246: =BG246*(BF246/BF$380) -> 0.063972041 | BJ246: =BG246*(BF246/BF$891) -> 0.013026796 | BL246: {=SUM(IF(Period=$BL$2,IF(Site=$A$245,IF(Provider=$B246,I))))} -> 0 | BM246: {=SUM(IF(Period=$BL$2,IF(Site=$A$245,IF(Provider=$B246,J))))} -> 0 | BO246: =BM246*(BL246/BL$380) -> 0 | BP246: =BM246*(BL246/BL$891) -> 0 | BR246: {=SUM(IF(Period=$BR$2,IF(Site=$A$245,IF(Provider=$B246,I))))} -> 0 | BS246: {=SUM(IF(Period=$BR$2,IF(Site=$A$245,IF(Provider=$B246,J))))} -> 0 | BU246: =BS246*(BR246/BR$380) -> 0 | BV246: =BS246*(BR246/BR$891) -> 0
