Workbook
Name Period: data!$B$2:$B$1803
Name Site: data!$C$2:$C$1803

Sheet Summary by Site
B1: 2017 ED Incentives
D4: Jan | E4: Feb | F4: Mar | G4: Apr | H4: May | I4: Jun | J4: Jul | K4: Aug | L4: Sep | M4: Oct | N4: Nov | O4: Dec | Q4: Q1 | R4: Q2 | S4: Q3 | T4: Q4
B5: Baptist
A6: 12_Lead_ECG_for_Chest_Pain_Cases | C6: 12 Lead ECG for Chest Pain Cases | D6: {=SUM(IF(Period=D$4,IF(Site=$B$5,data!$G$2:$G$1784)))} -> 141 | E6: {=SUM(IF(Period=E$4,IF(Site=$B$5,data!$G$2:$G$1784)))} -> 297 | F6: {=SUM(IF(Period=F$4,IF(Site=$B$5,data!$G$2:$G$1784)))} -> 395 | G6: {=SUM(IF(Period=G$4,IF(Site=$B$5,data!$G$2:$G$1784)))} -> 391 | H6: {=SUM(IF(Period=H$4,IF(Site=$B$5,data!$G$2:$G$1784)))} -> 456 | I6: {=SUM(IF(Period=I$4,IF(Site=$B$5,data!$G$2:$G$1784)))} -> 427 | J6: {=SUM(IF(Period=J$4,IF(Site=$B$5,data!$G$2:$G$1784)))} -> 471 | K6: {=SUM(IF(Period=K$4,IF(Site=$B$5,data!$G$2:$G$1784)))} -> 393 | ... O6: {=SUM(IF(Period=O$4,IF(Site=$B$5,data!$G$2:$G$1784)))} -> 216 | Q6: =SUM(D6:F6) -> 833 | R6: =SUM(G6:I6) -> 1274 | S6: =SUM(J6:L6) -> 1231 | T6: =SUM(M6:O6) -> 825
A7: 3120F | C7: 3120F | D7: {=SUM(IF(Period=D$4,IF(Site=$B$5,data!$H$2:$H$1784)))} -> 141 | E7: {=SUM(IF(Period=E$4,IF(Site=$B$5,data!$H$2:$H$1784)))} -> 297 | F7: {=SUM(IF(Period=F$4,IF(Site=$B$5,data!$H$2:$H$1784)))} -> 395 | G7: {=SUM(IF(Period=G$4,IF(Site=$B$5,data!$H$2:$H$1784)))} -> 389 | H7: {=SUM(IF(Period=H$4,IF(Site=$B$5,data!$H$2:$H$1784)))} -> 454 | I7: {=SUM(IF(Period=I$4,IF(Site=$B$5,data!$H$2:$H$1784)))} -> 425 | J7: {=SUM(IF(Period=J$4,IF(Site=$B$5,data!$H$2:$H$1784)))} -> 468 | K7: {=SUM(IF(Period=K$4,IF(Site=$B$5,data!$H$2:$H$1784)))} -> 389 | ... O7: {=SUM(IF(Period=O$4,IF(Site=$B$5,data!$H$2:$H$1784)))} -> 215 | Q7: =SUM(D7:F7) -> 833 | R7: =SUM(G7:I7) -> 1268 | S7: =SUM(J7:L7) -> 1223 | T7: =SUM(M7:O7) -> 822
A8: 3120F_1P | C8: 3120F 1P | D8: {=SUM(IF(Period=D$4,IF(Site=$B$5,data!$I$2:$I$1784)))} -> 0 | E8: {=SUM(IF(Period=E$4,IF(Site=$B$5,data!$I$2:$I$1784)))} -> 0 | F8: {=SUM(IF(Period=F$4,IF(Site=$B$5,data!$I$2:$I$1784)))} -> 0 | G8: {=SUM(IF(Period=G$4,IF(Site=$B$5,data!$I$2:$I$1784)))} -> 0 | H8: {=SUM(IF(Period=H$4,IF(Site=$B$5,data!$I$2:$I$1784)))} -> 1 | I8: {=SUM(IF(Period=I$4,IF(Site=$B$5,data!$I$2:$I$1784)))} -> 0 | J8: {=SUM(IF(Period=J$4,IF(Site=$B$5,data!$I$2:$I$1784)))} -> 0 | K8: {=SUM(IF(Period=K$4,IF(Site=$B$5,data!$I$2:$I$1784)))} -> 2 | ... O8: {=SUM(IF(Period=O$4,IF(Site=$B$5,data!$I$2:$I$1784)))} -> 0 | Q8: =SUM(D8:F8) -> 0 | R8: =SUM(G8:I8) -> 1 | S8: =SUM(J8:L8) -> 2 | T8: =SUM(M8:O8) -> 0
A9: 3120F_2P | C9: 3120F 2P | D9: {=SUM(IF(Period=D$4,IF(Site=$B$5,data!$J$2:$J$1784)))} -> 0 | E9: {=SUM(IF(Period=E$4,IF(Site=$B$5,data!$J$2:$J$1784)))} -> 0 | F9: {=SUM(IF(Period=F$4,IF(Site=$B$5,data!$J$2:$J$1784)))} -> 0 | G9: {=SUM(IF(Period=G$4,IF(Site=$B$5,data!$J$2:$J$1784)))} -> 2 | H9: {=SUM(IF(Period=H$4,IF(Site=$B$5,data!$J$2:$J$1784)))} -> 0 | I9: {=SUM(IF(Period=I$4,IF(Site=$B$5,data!$J$2:$J$1784)))} -> 1 | J9: {=SUM(IF(Period=J$4,IF(Site=$B$5,data!$J$2:$J$1784)))} -> 0 | K9: {=SUM(IF(Period=K$4,IF(Site=$B$5,data!$J$2:$J$1784)))} -> 1 | ... O9: {=SUM(IF(Period=O$4,IF(Site=$B$5,data!$J$2:$J$1784)))} -> 0 | Q9: =SUM(D9:F9) -> 0 | R9: =SUM(G9:I9) -> 3 | S9: =SUM(J9:L9) -> 1 | T9: =SUM(M9:O9) -> 0
A10: 3120F_8P | C10: 3120F 8P | D10: {=SUM(IF(Period=D$4,IF(Site=$B$5,data!$K$2:$K$1784)))} -> 0 | E10: {=SUM(IF(Period=E$4,IF(Site=$B$5,data!$K$2:$K$1784)))} -> 0 | F10: {=SUM(IF(Period=F$4,IF(Site=$B$5,data!$K$2:$K$1784)))} -> 0 | G10: {=SUM(IF(Period=G$4,IF(Site=$B$5,data!$K$2:$K$1784)))} -> 0 | H10: {=SUM(IF(Period=H$4,IF(Site=$B$5,data!$K$2:$K$1784)))} -> 1 | I10: {=SUM(IF(Period=I$4,IF(Site=$B$5,data!$K$2:$K$1784)))} -> 1 | J10: {=SUM(IF(Period=J$4,IF(Site=$B$5,data!$K$2:$K$1784)))} -> 3 | K10: {=SUM(IF(Period=K$4,IF(Site=$B$5,data!$K$2:$K$1784)))} -> 1 | ... O10: {=SUM(IF(Period=O$4,IF(Site=$B$5,data!$K$2:$K$1784)))} -> 1 | Q10: =SUM(D10:F10) -> 0 | R10: =SUM(G10:I10) -> 2 | S10: =SUM(J10:L10) -> 5 | T10: =SUM(M10:O10) -> 3
A11: 12_Lead_ECG_for_Chest_Pain_Performance_Score | C11: 12 Lead ECG for Chest Pain Performance Score | D11: =IF(D6=0,0,SUM(D7:D9)/D6) -> 1 | E11: =IF(E6=0,0,SUM(E7:E9)/E6) -> 1 | F11: =IF(F6=0,0,SUM(F7:F9)/F6) -> 1 | G11: =IF(G6=0,0,SUM(G7:G9)/G6) -> 1 | H11: =IF(H6=0,0,SUM(H7:H9)/H6) -> 0.99780702 | I11: =IF(I6=0,0,SUM(I7:I9)/I6) -> 0.99765808 | J11: =IF(J6=0,0,SUM(J7:J9)/J6) -> 0.99363057 | K11: =IF(K6=0,0,SUM(K7:K9)/K6) -> 0.99745547 | ... O11: =IF(O6=0,0,SUM(O7:O9)/O6) -> 0.99537037 | Q11: =IF(Q6=0,0,SUM(Q7:Q9)/Q6) -> 1 | R11: =IF(R6=0,0,SUM(R7:R9)/R6) -> 0.99843014 | S11: =IF(S6=0,0,SUM(S7:S9)/S6) -> 0.99593826 | T11: =IF(T6=0,0,SUM(T7:T9)/T6) -> 0.99636364
A12: BP_Screening_Cases | C12: BP Screening Cases | D12: {=SUM(IF(Period=D$4,IF(Site=$B$5,data!$M$2:$M$1784)))} -> 2830 | E12: {=SUM(IF(Period=E$4,IF(Site=$B$5,data!$M$2:$M$1784)))} -> 5233 | F12: {=SUM(IF(Period=F$4,IF(Site=$B$5,data!$M$2:$M$1784)))} -> 6524 | G12: {=SUM(IF(Period=G$4,IF(Site=$B$5,data!$M$2:$M$1784)))} -> 6211 | H12: {=SUM(IF(Period=H$4,IF(Site=$B$5,data!$M$2:$M$1784)))} -> 6625 | I12: {=SUM(IF(Period=I$4,IF(Site=$B$5,data!$M$2:$M$1784)))} -> 6422 | J12: {=SUM(IF(Period=J$4,IF(Site=$B$5,data!$M$2:$M$1784)))} -> 6804 | K12: {=SUM(IF(Period=K$4,IF(Site=$B$5,data!$M$2:$M$1784)))} -> 6328 | ... O12: {=SUM(IF(Period=O$4,IF(Site=$B$5,data!$M$2:$M$1784)))} -> 3493 | Q12: =SUM(D12:F12) -> 14587 | R12: =SUM(G12:I12) -> 19258 | S12: =SUM(J12:L12) -> 19474 | T12: =SUM(M12:O12) -> 12391
A13: G8783_Normal_BP_no_followup_needed | C13: G8783 Normal BP no followup needed | D13: {=SUM(IF(Period=D$4,IF(Site=$B$5,data!$N$2:$N$1784)))} -> 781 | E13: {=SUM(IF(Period=E$4,IF(Site=$B$5,data!$N$2:$N$1784)))} -> 1041 | F13: {=SUM(IF(Period=F$4,IF(Site=$B$5,data!$N$2:$N$1784)))} -> 1186 | G13: {=SUM(IF(Period=G$4,IF(Site=$B$5,data!$N$2:$N$1784)))} -> 1212 | H13: {=SUM(IF(Period=H$4,IF(Site=$B$5,data!$N$2:$N$1784)))} -> 1079 | I13: {=SUM(IF(Period=I$4,IF(Site=$B$5,data!$N$2:$N$1784)))} -> 977 | J13: {=SUM(IF(Period=J$4,IF(Site=$B$5,data!$N$2:$N$1784)))} -> 973 | K13: {=SUM(IF(Period=K$4,IF(Site=$B$5,data!$N$2:$N$1784)))} -> 944 | ... O13: {=SUM(IF(Period=O$4,IF(Site=$B$5,data!$N$2:$N$1784)))} -> 622 | Q13: =SUM(D13:F13) -> 3008 | R13: =SUM(G13:I13) -> 3268 | S13: =SUM(J13:L13) -> 2972 | T13: =SUM(M13:O13) -> 2262
A14: G8784_Not_eligible--active_HTN_pt refuses_emergent_case | C14: G8784 Not eligible--active HTN pt refuses emergent case | D14: {=SUM(IF(Period=D$4,IF(Site=$B$5,data!$O$2:$O$1784)))} -> 140 | E14: {=SUM(IF(Period=E$4,IF(Site=$B$5,data!$O$2:$O$1784)))} -> 0 | F14: {=SUM(IF(Period=F$4,IF(Site=$B$5,data!$O$2:$O$1784)))} -> 0 | G14: {=SUM(IF(Period=G$4,IF(Site=$B$5,data!$O$2:$O$1784)))} -> 0 | H14: {=SUM(IF(Period=H$4,IF(Site=$B$5,data!$O$2:$O$1784)))} -> 0 | I14: {=SUM(IF(Period=I$4,IF(Site=$B$5,data!$O$2:$O$1784)))} -> 0 | J14: {=SUM(IF(Period=J$4,IF(Site=$B$5,data!$O$2:$O$1784)))} -> 0 | K14: {=SUM(IF(Period=K$4,IF(Site=$B$5,data!$O$2:$O$1784)))} -> 0 | ... O14: {=SUM(IF(Period=O$4,IF(Site=$B$5,data!$O$2:$O$1784)))} -> 0 | Q14: =SUM(D14:F14) -> 140 | R14: =SUM(G14:I14) -> 0 | S14: =SUM(J14:L14) -> 0 | T14: =SUM(M14:O14) -> 0
A15: G8785_BP_not_documented | C15: G8785 BP not documented | D15: {=SUM(IF(Period=D$4,IF(Site=$B$5,data!$P$2:$P$1784)))} -> 1 | E15: {=SUM(IF(Period=E$4,IF(Site=$B$5,data!$P$2:$P$1784)))} -> 0 | F15: {=SUM(IF(Period=F$4,IF(Site=$B$5,data!$P$2:$P$1784)))} -> 3 | G15: {=SUM(IF(Period=G$4,IF(Site=$B$5,data!$P$2:$P$1784)))} -> 6 | H15: {=SUM(IF(Period=H$4,IF(Site=$B$5,data!$P$2:$P$1784)))} -> 9 | I15: {=SUM(IF(Period=I$4,IF(Site=$B$5,data!$P$2:$P$1784)))} -> 1 | J15: {=SUM(IF(Period=J$4,IF(Site=$B$5,data!$P$2:$P$1784)))} -> 5 | K15: {=SUM(IF(Period=K$4,IF(Site=$B$5,data!$P$2:$P$1784)))} -> 0 | ... O15: {=SUM(IF(Period=O$4,IF(Site=$B$5,data!$P$2:$P$1784)))} -> 0 | Q15: =SUM(D15:F15) -> 4 | R15: =SUM(G15:I15) -> 16 | S15: =SUM(J15:L15) -> 8 | T15: =SUM(M15:O15) -> 5
A16: G8950_elevated_BP_with_followup | C16: G8950 elevated BP with followup | D16: {=SUM(IF(Period=D$4,IF(Site=$B$5,data!$Q$2:$Q$1784)))} -> 1900 | E16: {=SUM(IF(Period=E$4,IF(Site=$B$5,data!$Q$2:$Q$1784)))} -> 2383 | F16: {=SUM(IF(Period=F$4,IF(Site=$B$5,data!$Q$2:$Q$1784)))} -> 2641 | G16: {=SUM(IF(Period=G$4,IF(Site=$B$5,data!$Q$2:$Q$1784)))} -> 2499 | H16: {=SUM(IF(Period=H$4,IF(Site=$B$5,data!$Q$2:$Q$1784)))} -> 2894 | I16: {=SUM(IF(Period=I$4,IF(Site=$B$5,data!$Q$2:$Q$1784)))} -> 2889 | J16: {=SUM(IF(Period=J$4,IF(Site=$B$5,data!$Q$2:$Q$1784)))} -> 3075 | K16: {=SUM(IF(Period=K$4,IF(Site=$B$5,data!$Q$2:$Q$1784)))} -> 2794 | ... O16: {=SUM(IF(Period=O$4,IF(Site=$B$5,data!$Q$2:$Q$1784)))} -> 1424 | Q16: =SUM(D16:F16) -> 6924 | R16: =SUM(G16:I16) -> 8282 | S16: =SUM(J16:L16) -> 8538 | T16: =SUM(M16:O16) -> 5139
A17: G8952_elevated_BP_no_followup | C17: G8952 elevated BP no followup | D17: {=SUM(IF(Period=D$4,IF(Site=$B$5,data!$R$2:$R$1784)))} -> 9 | E17: {=SUM(IF(Period=E$4,IF(Site=$B$5,data!$R$2:$R$1784)))} -> 4 | F17: {=SUM(IF(Period=F$4,IF(Site=$B$5,data!$R$2:$R$1784)))} -> 19 | G17: {=SUM(IF(Period=G$4,IF(Site=$B$5,data!$R$2:$R$1784)))} -> 14 | H17: {=SUM(IF(Period=H$4,IF(Site=$B$5,data!$R$2:$R$1784)))} -> 10 | I17: {=SUM(IF(Period=I$4,IF(Site=$B$5,data!$R$2:$R$1784)))} -> 8 | J17: {=SUM(IF(Period=J$4,IF(Site=$B$5,data!$R$2:$R$1784)))} -> 2 | K17: {=SUM(IF(Period=K$4,IF(Site=$B$5,data!$R$2:$R$1784)))} -> 6 | ... O17: {=SUM(IF(Period=O$4,IF(Site=$B$5,data!$R$2:$R$1784)))} -> 0 | Q17: =SUM(D17:F17) -> 32 | R17: =SUM(G17:I17) -> 32 | S17: =SUM(J17:L17) -> 11 | T17: =SUM(M17:O17) -> 8
A18: G9744_Not_eligible--active_HTN_Pt refuses_emergent_case | C18: G9744 Not eligible--active HTN Pt refuses emergent case | D18: {=SUM(IF(Period=D$4,IF(Site=$B$5,data!$S$2:$S$1784)))} -> 0 | E18: {=SUM(IF(Period=E$4,IF(Site=$B$5,data!$S$2:$S$1784)))} -> 1792 | F18: {=SUM(IF(Period=F$4,IF(Site=$B$5,data!$S$2:$S$1784)))} -> 2656 | G18: {=SUM(IF(Period=G$4,IF(Site=$B$5,data!$S$2:$S$1784)))} -> 2457 | H18: {=SUM(IF(Period=H$4,IF(Site=$B$5,data!$S$2:$S$1784)))} -> 2604 | I18: {=SUM(IF(Period=I$4,IF(Site=$B$5,data!$S$2:$S$1784)))} -> 2534 | J18: {=SUM(IF(Period=J$4,IF(Site=$B$5,data!$S$2:$S$1784)))} -> 2734 | K18: {=SUM(IF(Period=K$4,IF(Site=$B$5,data!$S$2:$S$1784)))} -> 2572 | ... O18: {=SUM(IF(Period=O$4,IF(Site=$B$5,data!$S$2:$S$1784)))} -> 1432 | Q18: =SUM(D18:F18) -> 4448 | R18: =SUM(G18:I18) -> 7595 | S18: =SUM(J18:L18) -> 7907 | T18: =SUM(M18:O18) -> 4942
A19: G9745_Reason_given_for_no_screening_or_recommending_followup | C19: G9745 Reason given for no screening or recommending followup | D19: {=SUM(IF(Period=D$4,IF(Site=$B$5,data!$T$2:$T$1784)))} -> 0 | E19: {=SUM(IF(Period=E$4,IF(Site=$B$5,data!$T$2:$T$1784)))} -> 13 | F19: {=SUM(IF(Period=F$4,IF(Site=$B$5,data!$T$2:$T$1784)))} -> 19 | G19: {=SUM(IF(Period=G$4,IF(Site=$B$5,data!$T$2:$T$1784)))} -> 23 | H19: {=SUM(IF(Period=H$4,IF(Site=$B$5,data!$T$2:$T$1784)))} -> 29 | I19: {=SUM(IF(Period=I$4,IF(Site=$B$5,data!$T$2:$T$1784)))} -> 13 | J19: {=SUM(IF(Period=J$4,IF(Site=$B$5,data!$T$2:$T$1784)))} -> 15 | K19: {=SUM(IF(Period=K$4,IF(Site=$B$5,data!$T$2:$T$1784)))} -> 12 | ... O19: {=SUM(IF(Period=O$4,IF(Site=$B$5,data!$T$2:$T$1784)))} -> 15 | Q19: =SUM(D19:F19) -> 32 | R19: =SUM(G19:I19) -> 65 | S19: =SUM(J19:L19) -> 38 | T19: =SUM(M19:O19) -> 35
A20: BP_Screening_Performance_Score | C20: BP Screening Performance Score | D20: =IF(D12=0,0,(D13+D14+D16)/D12) -> 0.99681979 | E20: =IF(E12=0,0,(E13+E14+E16+E18+E19)/E12) -> 0.99923562 | F20: =IF(F12=0,0,(F13+F14+F16+F18+F19)/F12) -> 0.99662784 | G20: =IF(G12=0,0,(G13+G14+G16+G18+G19)/G12) -> 0.99677991 | H20: =IF(H12=0,0,(H13+H14+H16+H18+H19)/H12) -> 0.99713208 | I20: =IF(I12=0,0,(I13+I14+I16+I18+I19)/I12) -> 0.99859857 | J20: =IF(J12=0,0,(J13+J14+J16+J18+J19)/J12) -> 0.99897119 | K20: =IF(K12=0,0,(K13+K14+K16+K18+K19)/K12) -> 0.99905183 | L20: =IF(L12=0,0,(L13+L14+L16+L18+L19)/L12) -> 0.99905393 | ... O20: =IF(O12=0,0,(O13+O14+O16+O18+O19)/O12) -> 1 | Q20: =IF(Q12=0,0,(Q13+Q14+Q16+Q18+Q19)/Q12) -> 0.9976006 | R20: =IF(R12=0,0,(R13+R14+R16+R18+R19)/R12) -> 0.99750753 | S20: =IF(S12=0,0,(S13+S14+S16+S18+S19)/S12) -> 0.99902434 | T20: =IF(T12=0,0,(T13+T14+T16+T18+T19)/T12) -> 0.99895085
A21: Overall_Score | C21: Overall Score | D21: =IF(AND(D6=0,D12=0),0,(SUM(D7:D9)+D13+D14+D16+D18+D19)/(D6+D12)) -> 0.99697072 | E21: =IF(AND(E6=0,E12=0),0,(SUM(E7:E9)+E13+E14+E16+E18+E19)/(E6+E12)) -> 0.99927667 | F21: =IF(AND(F6=0,F12=0),0,(SUM(F7:F9)+F13+F14+F16+F18+F19)/(F6+F12)) -> 0.99682035 | G21: =IF(AND(G6=0,G12=0),0,(SUM(G7:G9)+G13+G14+G16+G18+G19)/(G6+G12)) -> 0.99697061 | H21: =IF(AND(H6=0,H12=0),0,(SUM(H7:H9)+H13+H14+H16+H18+H19)/(H6+H12)) -> 0.99717554 | I21: =IF(AND(I6=0,I12=0),0,(SUM(I7:I9)+I13+I14+I16+I18+I19)/(I6+I12)) -> 0.99853993 | J21: =IF(AND(J6=0,J12=0),0,(SUM(J7:J9)+J13+J14+J16+J18+J19)/(J6+J12)) -> 0.99862543 | K21: =IF(AND(K6=0,K12=0),0,(SUM(K7:K9)+K13+K14+K16+K18+K19)/(K6+K12)) -> 0.99895849 | ... O21: =IF(AND(O6=0,O12=0),0,(SUM(O7:O9)+O13+O14+O16+O18+O19)/(O6+O12)) -> 0.99973039 | Q21: =IF(AND(Q6=0,Q12=0),0,(SUM(Q7:Q9)+Q13+Q14+Q16+Q18+Q19)/(Q6+Q12)) -> 0.99773022 | R21: =IF(AND(R6=0,R12=0),0,(SUM(R7:R9)+R13+R14+R16+R18+R19)/(R6+R12)) -> 0.99756478 | S21: =IF(AND(S6=0,S12=0),0,(SUM(S7:S9)+S13+S14+S16+S18+S19)/(S6+S12)) -> 0.99884086 | T21: =IF(AND(T6=0,T12=0),0,(SUM(T7:T9)+T13+T14+T16+T18+T19)/(T6+T12)) -> 0.99878935
B23: JFK-Main
A24: 12_Lead_ECG_for_Chest_Pain_Cases | C24: 12 Lead ECG for Chest Pain Cases | D24: {=SUM(IF(Period=D$4,IF(Site=$B$23,data!$G$2:$G$1784)))} -> 399 | E24: {=SUM(IF(Period=E$4,IF(Site=$B$23,data!$G$2:$G$1784)))} -> 447 | F24: {=SUM(IF(Period=F$4,IF(Site=$B$23,data!$G$2:$G$1784)))} -> 450 | G24: {=SUM(IF(Period=G$4,IF(Site=$B$23,data!$G$2:$G$1784)))} -> 425 | H24: {=SUM(IF(Period=H$4,IF(Site=$B$23,data!$G$2:$G$1784)))} -> 453 | I24: {=SUM(IF(Period=I$4,IF(Site=$B$23,data!$G$2:$G$1784)))} -> 393 | J24: {=SUM(IF(Period=J$4,IF(Site=$B$23,data!$G$2:$G$1784)))} -> 446 | K24: {=SUM(IF(Period=K$4,IF(Site=$B$23,data!$G$2:$G$1784)))} -> 429 | ... O24: {=SUM(IF(Period=O$4,IF(Site=$B$23,data!$G$2:$G$1784)))} -> 225 | Q24: =SUM(D24:F24) -> 1296 | R24: =SUM(G24:I24) -> 1271 | S24: =SUM(J24:L24) -> 1254 | T24: =SUM(M24:O24) -> 1022
A25: 3120F | C25: 3120F | D25: {=SUM(IF(Period=D$4,IF(Site=$B$23,data!$H$2:$H$1784)))} -> 398 | E25: {=SUM(IF(Period=E$4,IF(Site=$B$23,data!$H$2:$H$1784)))} -> 435 | F25: {=SUM(IF(Period=F$4,IF(Site=$B$23,data!$H$2:$H$1784)))} -> 448 | G25: {=SUM(IF(Period=G$4,IF(Site=$B$23,data!$H$2:$H$1784)))} -> 423 | H25: {=SUM(IF(Period=H$4,IF(Site=$B$23,data!$H$2:$H$1784)))} -> 447 | I25: {=SUM(IF(Period=I$4,IF(Site=$B$23,data!$H$2:$H$1784)))} -> 388 | J25: {=SUM(IF(Period=J$4,IF(Site=$B$23,data!$H$2:$H$1784)))} -> 445 | K25: {=SUM(IF(Period=K$4,IF(Site=$B$23,data!$H$2:$H$1784)))} -> 428 | ... O25: {=SUM(IF(Period=O$4,IF(Site=$B$23,data!$H$2:$H$1784)))} -> 225 | Q25: =SUM(D25:F25) -> 1281 | R25: =SUM(G25:I25) -> 1258 | S25: =SUM(J25:L25) -> 1250 | T25: =SUM(M25:O25) -> 1017
A26: 3120F_1P | C26: 3120F 1P | D26: {=SUM(IF(Period=D$4,IF(Site=$B$23,data!$I$2:$I$1784)))} -> 0 | E26: {=SUM(IF(Period=E$4,IF(Site=$B$23,data!$I$2:$I$1784)))} -> 9 | F26: {=SUM(IF(Period=F$4,IF(Site=$B$23,data!$I$2:$I$1784)))} -> 0 | G26: {=SUM(IF(Period=G$4,IF(Site=$B$23,data!$I$2:$I$1784)))} -> 0 | H26: {=SUM(IF(Period=H$4,IF(Site=$B$23,data!$I$2:$I$1784)))} -> 0 | I26: {=SUM(IF(Period=I$4,IF(Site=$B$23,data!$I$2:$I$1784)))} -> 0 | J26: {=SUM(IF(Period=J$4,IF(Site=$B$23,data!$I$2:$I$1784)))} -> 0 | K26: {=SUM(IF(Period=K$4,IF(Site=$B$23,data!$I$2:$I$1784)))} -> 0 | ... O26: {=SUM(IF(Period=O$4,IF(Site=$B$23,data!$I$2:$I$1784)))} -> 0 | Q26: =SUM(D26:F26) -> 9 | R26: =SUM(G26:I26) -> 0 | S26: =SUM(J26:L26) -> 0 | T26: =SUM(M26:O26) -> 1
A27: 3120F_2P | C27: 3120F 2P | D27: {=SUM(IF(Period=D$4,IF(Site=$B$23,data!$J$2:$J$1784)))} -> 0 | E27: {=SUM(IF(Period=E$4,IF(Site=$B$23,data!$J$2:$J$1784)))} -> 0 | F27: {=SUM(IF(Period=F$4,IF(Site=$B$23,data!$J$2:$J$1784)))} -> 0 | G27: {=SUM(IF(Period=G$4,IF(Site=$B$23,data!$J$2:$J$1784)))} -> 0 | H27: {=SUM(IF(Period=H$4,IF(Site=$B$23,data!$J$2:$J$1784)))} -> 0 | I27: {=SUM(IF(Period=I$4,IF(Site=$B$23,data!$J$2:$J$1784)))} -> 0 | J27: {=SUM(IF(Period=J$4,IF(Site=$B$23,data!$J$2:$J$1784)))} -> 0 | K27: {=SUM(IF(Period=K$4,IF(Site=$B$23,data!$J$2:$J$1784)))} -> 0 | ... O27: {=SUM(IF(Period=O$4,IF(Site=$B$23,data!$J$2:$J$1784)))} -> 0 | Q27: =SUM(D27:F27) -> 0 | R27: =SUM(G27:I27) -> 0 | S27: =SUM(J27:L27) -> 0 | T27: =SUM(M27:O27) -> 0
A28: 3120F_8P | C28: 3120F 8P | D28: {=SUM(IF(Period=D$4,IF(Site=$B$23,data!$K$2:$K$1784)))} -> 1 | E28: {=SUM(IF(Period=E$4,IF(Site=$B$23,data!$K$2:$K$1784)))} -> 3 | F28: {=SUM(IF(Period=F$4,IF(Site=$B$23,data!$K$2:$K$1784)))} -> 2 | G28: {=SUM(IF(Period=G$4,IF(Site=$B$23,data!$K$2:$K$1784)))} -> 2 | H28: {=SUM(IF(Period=H$4,IF(Site=$B$23,data!$K$2:$K$1784)))} -> 6 | I28: {=SUM(IF(Period=I$4,IF(Site=$B$23,data!$K$2:$K$1784)))} -> 5 | J28: {=SUM(IF(Period=J$4,IF(Site=$B$23,data!$K$2:$K$1784)))} -> 1 | K28: {=SUM(IF(Period=K$4,IF(Site=$B$23,data!$K$2:$K$1784)))} -> 1 | ... O28: {=SUM(IF(Period=O$4,IF(Site=$B$23,data!$K$2:$K$1784)))} -> 0 | Q28: =SUM(D28:F28) -> 6 | R28: =SUM(G28:I28) -> 13 | S28: =SUM(J28:L28) -> 4 | T28: =SUM(M28:O28) -> 4
A29: 12_Lead_ECG_for_Chest_Pain_Performance_Score | C29: 12 Lead ECG for Chest Pain Performance Score | D29: =IF(D24=0,0,SUM(D25:D27)/D24) -> 0.99749373 | E29: =IF(E24=0,0,SUM(E25:E27)/E24) -> 0.99328859 | F29: =IF(F24=0,0,SUM(F25:F27)/F24) -> 0.99555556 | G29: =IF(G24=0,0,SUM(G25:G27)/G24) -> 0.99529412 | H29: =IF(H24=0,0,SUM(H25:H27)/H24) -> 0.98675497 | I29: =IF(I24=0,0,SUM(I25:I27)/I24) -> 0.98727735 | J29: =IF(J24=0,0,SUM(J25:J27)/J24) -> 0.99775785 | K29: =IF(K24=0,0,SUM(K25:K27)/K24) -> 0.997669 | ... O29: =IF(O24=0,0,SUM(O25:O27)/O24) -> 1 | Q29: =IF(Q24=0,0,SUM(Q25:Q27)/Q24) -> 0.99537037 | R29: =IF(R24=0,0,SUM(R25:R27)/R24) -> 0.98977183 | S29: =IF(S24=0,0,SUM(S25:S27)/S24) -> 0.99681021 | T29: =IF(T24=0,0,SUM(T25:T27)/T24) -> 0.99608611
A30: BP_Screening_Cases | C30: BP Screening Cases | D30: {=SUM(IF(Period=D$4,IF(Site=$B$23,data!$M$2:$M$1784)))} -> 4237 | E30: {=SUM(IF(Period=E$4,IF(Site=$B$23,data!$M$2:$M$1784)))} -> 7045 | F30: {=SUM(IF(Period=F$4,IF(Site=$B$23,data!$M$2:$M$1784)))} -> 6552 | G30: {=SUM(IF(Period=G$4,IF(Site=$B$23,data!$M$2:$M$1784)))} -> 6075 | H30: {=SUM(IF(Period=H$4,IF(Site=$B$23,data!$M$2:$M$1784)))} -> 6251 | I30: {=SUM(IF(Period=I$4,IF(Site=$B$23,data!$M$2:$M$1784)))} -> 5279 | J30: {=SUM(IF(Period=J$4,IF(Site=$B$23,data!$M$2:$M$1784)))} -> 6029 | K30: {=SUM(IF(Period=K$4,IF(Site=$B$23,data!$M$2:$M$1784)))} -> 5877 | ... O30: {=SUM(IF(Period=O$4,IF(Site=$B$23,data!$M$2:$M$1784)))} -> 3410 | Q30: =SUM(D30:F30) -> 17834 | R30: =SUM(G30:I30) -> 17605 | S30: =SUM(J30:L30) -> 17430 | T30: =SUM(M30:O30) -> 14788
A31: G8783_Normal_BP_no_followup_needed | C31: G8783 Normal BP no followup needed | D31: {=SUM(IF(Period=D$4,IF(Site=$B$23,data!$N$2:$N$1784)))} -> 1365 | E31: {=SUM(IF(Period=E$4,IF(Site=$B$23,data!$N$2:$N$1784)))} -> 1444 | F31: {=SUM(IF(Period=F$4,IF(Site=$B$23,data!$N$2:$N$1784)))} -> 1467 | G31: {=SUM(IF(Period=G$4,IF(Site=$B$23,data!$N$2:$N$1784)))} -> 1486 | H31: {=SUM(IF(Period=H$4,IF(Site=$B$23,data!$N$2:$N$1784)))} -> 1405 | I31: {=SUM(IF(Period=I$4,IF(Site=$B$23,data!$N$2:$N$1784)))} -> 981 | J31: {=SUM(IF(Period=J$4,IF(Site=$B$23,data!$N$2:$N$1784)))} -> 1183 | K31: {=SUM(IF(Period=K$4,IF(Site=$B$23,data!$N$2:$N$1784)))} -> 1074 | ... O31: {=SUM(IF(Period=O$4,IF(Site=$B$23,data!$N$2:$N$1784)))} -> 591 | Q31: =SUM(D31:F31) -> 4276 | R31: =SUM(G31:I31) -> 3872 | S31: =SUM(J31:L31) -> 3292 | T31: =SUM(M31:O31) -> 2596
A32: G8784_Not_eligible--active_HTN_pt refuses_emergent_case | C32: G8784 Not eligible--active HTN pt refuses emergent case | D32: {=SUM(IF(Period=D$4,IF(Site=$B$23,data!$O$2:$O$1784)))} -> 353 | E32: {=SUM(IF(Period=E$4,IF(Site=$B$23,data!$O$2:$O$1784)))} -> 0 | F32: {=SUM(IF(Period=F$4,IF(Site=$B$23,data!$O$2:$O$1784)))} -> 0 | G32: {=SUM(IF(Period=G$4,IF(Site=$B$23,data!$O$2:$O$1784)))} -> 0 | H32: {=SUM(IF(Period=H$4,IF(Site=$B$23,data!$O$2:$O$1784)))} -> 0 | I32: {=SUM(IF(Period=I$4,IF(Site=$B$23,data!$O$2:$O$1784)))} -> 1 | J32: {=SUM(IF(Period=J$4,IF(Site=$B$23,data!$O$2:$O$1784)))} -> 0 | K32: {=SUM(IF(Period=K$4,IF(Site=$B$23,data!$O$2:$O$1784)))} -> 0 | ... O32: {=SUM(IF(Period=O$4,IF(Site=$B$23,data!$O$2:$O$1784)))} -> 0 | Q32: =SUM(D32:F32) -> 353 | R32: =SUM(G32:I32) -> 1 | S32: =SUM(J32:L32) -> 0 | T32: =SUM(M32:O32) -> 0
A33: G8785_BP_not_documented | C33: G8785 BP not documented | D33: {=SUM(IF(Period=D$4,IF(Site=$B$23,data!$P$2:$P$1784)))} -> 3 | E33: {=SUM(IF(Period=E$4,IF(Site=$B$23,data!$P$2:$P$1784)))} -> 8 | F33: {=SUM(IF(Period=F$4,IF(Site=$B$23,data!$P$2:$P$1784)))} -> 8 | G33: {=SUM(IF(Period=G$4,IF(Site=$B$23,data!$P$2:$P$1784)))} -> 4 | H33: {=SUM(IF(Period=H$4,IF(Site=$B$23,data!$P$2:$P$1784)))} -> 22 | I33: {=SUM(IF(Period=I$4,IF(Site=$B$23,data!$P$2:$P$1784)))} -> 2337 | J33: {=SUM(IF(Period=J$4,IF(Site=$B$23,data!$P$2:$P$1784)))} -> 7 | K33: {=SUM(IF(Period=K$4,IF(Site=$B$23,data!$P$2:$P$1784)))} -> 5 | ... O33: {=SUM(IF(Period=O$4,IF(Site=$B$23,data!$P$2:$P$1784)))} -> 4 | Q33: =SUM(D33:F33) -> 19 | R33: =SUM(G33:I33) -> 2363 | S33: =SUM(J33:L33) -> 17 | T33: =SUM(M33:O33) -> 26
A34: G8950_elevated_BP_with_followup | C34: G8950 elevated BP with followup | D34: {=SUM(IF(Period=D$4,IF(Site=$B$23,data!$Q$2:$Q$1784)))} -> 2459 | E34: {=SUM(IF(Period=E$4,IF(Site=$B$23,data!$Q$2:$Q$1784)))} -> 2783 | F34: {=SUM(IF(Period=F$4,IF(Site=$B$23,data!$Q$2:$Q$1784)))} -> 2442 | G34: {=SUM(IF(Period=G$4,IF(Site=$B$23,data!$Q$2:$Q$1784)))} -> 2308 | H34: {=SUM(IF(Period=H$4,IF(Site=$B$23,data!$Q$2:$Q$1784)))} -> 2742 | I34: {=SUM(IF(Period=I$4,IF(Site=$B$23,data!$Q$2:$Q$1784)))} -> 67 | J34: {=SUM(IF(Period=J$4,IF(Site=$B$23,data!$Q$2:$Q$1784)))} -> 2733 | K34: {=SUM(IF(Period=K$4,IF(Site=$B$23,data!$Q$2:$Q$1784)))} -> 2745 | ... O34: {=SUM(IF(Period=O$4,IF(Site=$B$23,data!$Q$2:$Q$1784)))} -> 1580 | Q34: =SUM(D34:F34) -> 7684 | R34: =SUM(G34:I34) -> 5117 | S34: =SUM(J34:L34) -> 7932 | T34: =SUM(M34:O34) -> 6625
A35: G8952_elevated_BP_no_followup | C35: G8952 elevated BP no followup | D35: {=SUM(IF(Period=D$4,IF(Site=$B$23,data!$R$2:$R$1784)))} -> 57 | E35: {=SUM(IF(Period=E$4,IF(Site=$B$23,data!$R$2:$R$1784)))} -> 47 | F35: {=SUM(IF(Period=F$4,IF(Site=$B$23,data!$R$2:$R$1784)))} -> 36 | G35: {=SUM(IF(Period=G$4,IF(Site=$B$23,data!$R$2:$R$1784)))} -> 72 | H35: {=SUM(IF(Period=H$4,IF(Site=$B$23,data!$R$2:$R$1784)))} -> 36 | I35: {=SUM(IF(Period=I$4,IF(Site=$B$23,data!$R$2:$R$1784)))} -> 1855 | J35: {=SUM(IF(Period=J$4,IF(Site=$B$23,data!$R$2:$R$1784)))} -> 52 | K35: {=SUM(IF(Period=K$4,IF(Site=$B$23,data!$R$2:$R$1784)))} -> 32 | ... O35: {=SUM(IF(Period=O$4,IF(Site=$B$23,data!$R$2:$R$1784)))} -> 23 | Q35: =SUM(D35:F35) -> 140 | R35: =SUM(G35:I35) -> 1963 | S35: =SUM(J35:L35) -> 130 | T35: =SUM(M35:O35) -> 76
A36: G9744_Not_eligible--active_HTN_Pt refuses_emergent_case | C36: G9744 Not eligible--active HTN Pt refuses emergent case | D36: {=SUM(IF(Period=D$4,IF(Site=$B$23,data!$S$2:$S$1784)))} -> 0 | E36: {=SUM(IF(Period=E$4,IF(Site=$B$23,data!$S$2:$S$1784)))} -> 2680 | F36: {=SUM(IF(Period=F$4,IF(Site=$B$23,data!$S$2:$S$1784)))} -> 2535 | G36: {=SUM(IF(Period=G$4,IF(Site=$B$23,data!$S$2:$S$1784)))} -> 2157 | H36: {=SUM(IF(Period=H$4,IF(Site=$B$23,data!$S$2:$S$1784)))} -> 2007 | I36: {=SUM(IF(Period=I$4,IF(Site=$B$23,data!$S$2:$S$1784)))} -> 38 | J36: {=SUM(IF(Period=J$4,IF(Site=$B$23,data!$S$2:$S$1784)))} -> 2014 | K36: {=SUM(IF(Period=K$4,IF(Site=$B$23,data!$S$2:$S$1784)))} -> 1992 | ... O36: {=SUM(IF(Period=O$4,IF(Site=$B$23,data!$S$2:$S$1784)))} -> 1200 | Q36: =SUM(D36:F36) -> 5215 | R36: =SUM(G36:I36) -> 4202 | S36: =SUM(J36:L36) -> 5953 | T36: =SUM(M36:O36) -> 5400
A37: G9745_Reason_given_for_no_screening_or_recommending_followup | C37: G9745 Reason given for no screening or recommending followup | D37: {=SUM(IF(Period=D$4,IF(Site=$B$23,data!$T$2:$T$1784)))} -> 0 | E37: {=SUM(IF(Period=E$4,IF(Site=$B$23,data!$T$2:$T$1784)))} -> 83 | F37: {=SUM(IF(Period=F$4,IF(Site=$B$23,data!$T$2:$T$1784)))} -> 64 | G37: {=SUM(IF(Period=G$4,IF(Site=$B$23,data!$T$2:$T$1784)))} -> 48 | H37: {=SUM(IF(Period=H$4,IF(Site=$B$23,data!$T$2:$T$1784)))} -> 39 | I37: {=SUM(IF(Period=I$4,IF(Site=$B$23,data!$T$2:$T$1784)))} -> 27.753831 | J37: {=SUM(IF(Period=J$4,IF(Site=$B$23,data!$T$2:$T$1784)))} -> 40 | K37: {=SUM(IF(Period=K$4,IF(Site=$B$23,data!$T$2:$T$1784)))} -> 29 | ... O37: {=SUM(IF(Period=O$4,IF(Site=$B$23,data!$T$2:$T$1784)))} -> 12 | Q37: =SUM(D37:F37) -> 147 | R37: =SUM(G37:I37) -> 114.75383 | S37: =SUM(J37:L37) -> 106 | T37: =SUM(M37:O37) -> 65
A38: BP_Screening_Performance_Score | C38: BP Screening Performance Score | D38: =IF(D30=0,0,(D31+D32+D34)/D30) -> 0.98583904 | E38: =IF(E30=0,0,(E31+E32+E34+E36+E37)/E30) -> 0.99219304 | F38: =IF(F30=0,0,(F31+F32+F34+F36+F37)/F30) -> 0.99328449 | G38: =IF(G30=0,0,(G31+G32+G34+G36+G37)/G30) -> 0.98748971 | H38: =IF(H30=0,0,(H31+H32+H34+H36+H37)/H30) -> 0.99072148 | I38: =IF(I30=0,0,(I31+I32+I34+I36+I37)/I30) -> 0.21116761 | J38: =IF(J30=0,0,(J31+J32+J34+J36+J37)/J30) -> 0.99021397 | K38: =IF(K30=0,0,(K31+K32+K34+K36+K37)/K30) -> 0.99370427 | L38: =IF(L30=0,0,(L31+L32+L34+L36+L37)/L30) -> 0.99076756 | ... O38: =IF(O30=0,0,(O31+O32+O34+O36+O37)/O30) -> 0.99208211 | Q38: =IF(Q30=0,0,(Q31+Q32+Q34+Q36+Q37)/Q30) -> 0.99108445 | R38: =IF(R30=0,0,(R31+R32+R34+R36+R37)/R30) -> 0.75585083 | S38: =IF(S30=0,0,(S31+S32+S34+S36+S37)/S30) -> 0.99156627 | T38: =IF(T30=0,0,(T31+T32+T34+T36+T37)/T30) -> 0.99310252
A39: Overall_Score | C39: Overall Score | D39: =IF(AND(D24=0,D30=0),0,(SUM(D25:D27)+D31+D32+D34+D36+D37)/(D24+D30)) -> 0.98684211 | E39: =IF(AND(E24=0,E30=0),0,(SUM(E25:E27)+E31+E32+E34+E36+E37)/(E24+E30)) -> 0.99225841 | F39: =IF(AND(F24=0,F30=0),0,(SUM(F25:F27)+F31+F32+F34+F36+F37)/(F24+F30)) -> 0.99343045 | G39: =IF(AND(G24=0,G30=0),0,(SUM(G25:G27)+G31+G32+G34+G36+G37)/(G24+G30)) -> 0.988 | H39: =IF(AND(H24=0,H30=0),0,(SUM(H25:H27)+H31+H32+H34+H36+H37)/(H24+H30)) -> 0.99045346 | I39: =IF(AND(I24=0,I30=0),0,(SUM(I25:I27)+I31+I32+I34+I36+I37)/(I24+I30)) -> 0.26494249 | J39: =IF(AND(J24=0,J30=0),0,(SUM(J25:J27)+J31+J32+J34+J36+J37)/(J24+J30)) -> 0.99073359 | K39: =IF(AND(K24=0,K30=0),0,(SUM(K25:K27)+K31+K32+K34+K36+K37)/(K24+K30)) -> 0.99397399 | ... O39: =IF(AND(O24=0,O30=0),0,(SUM(O25:O27)+O31+O32+O34+O36+O37)/(O24+O30)) -> 0.99257221 | Q39: =IF(AND(Q24=0,Q30=0),0,(SUM(Q25:Q27)+Q31+Q32+Q34+Q36+Q37)/(Q24+Q30)) -> 0.9913748 | R39: =IF(AND(R24=0,R30=0),0,(SUM(R25:R27)+R31+R32+R34+R36+R37)/(R24+R30)) -> 0.77160171 | S39: =IF(AND(S24=0,S30=0),0,(SUM(S25:S27)+S31+S32+S34+S36+S37)/(S24+S30)) -> 0.99191822 | T39: =IF(AND(T24=0,T30=0),0,(SUM(T25:T27)+T31+T32+T34+T36+T37)/(T24+T30)) -> 0.99329538
B41: Jupiter
A42: 12_Lead_ECG_for_Chest_Pain_Cases | C42: 12 Lead ECG for Chest Pain Cases | D42: {=SUM(IF(Period=D$4,IF(Site=$B$41,data!$G$2:$G$1784)))} -> 121 | E42: {=SUM(IF(Period=E$4,IF(Site=$B$41,data!$G$2:$G$1784)))} -> 157 | F42: {=SUM(IF(Period=F$4,IF(Site=$B$41,data!$G$2:$G$1784)))} -> 189 | G42: {=SUM(IF(Period=G$4,IF(Site=$B$41,data!$G$2:$G$1784)))} -> 159 | H42: {=SUM(IF(Period=H$4,IF(Site=$B$41,data!$G$2:$G$1784)))} -> 156 | I42: {=SUM(IF(Period=I$4,IF(Site=$B$41,data!$G$2:$G$1784)))} -> 131 | J42: {=SUM(IF(Period=J$4,IF(Site=$B$41,data!$G$2:$G$1784)))} -> 169 | K42: {=SUM(IF(Period=K$4,IF(Site=$B$41,data!$G$2:$G$1784)))} -> 161 | ... O42: {=SUM(IF(Period=O$4,IF(Site=$B$41,data!$G$2:$G$1784)))} -> 46 | Q42: =SUM(D42:F42) -> 467 | R42: =SUM(G42:I42) -> 446 | S42: =SUM(J42:L42) -> 450 | T42: =SUM(M42:O42) -> 341
A43: 3120F | C43: 3120F | D43: {=SUM(IF(Period=D$4,IF(Site=$B$41,data!$H$2:$H$1784)))} -> 121 | E43: {=SUM(IF(Period=E$4,IF(Site=$B$41,data!$H$2:$H$1784)))} -> 157 | F43: {=SUM(IF(Period=F$4,IF(Site=$B$41,data!$H$2:$H$1784)))} -> 189 | G43: {=SUM(IF(Period=G$4,IF(Site=$B$41,data!$H$2:$H$1784)))} -> 159 | H43: {=SUM(IF(Period=H$4,IF(Site=$B$41,data!$H$2:$H$1784)))} -> 156 | I43: {=SUM(IF(Period=I$4,IF(Site=$B$41,data!$H$2:$H$1784)))} -> 131 | J43: {=SUM(IF(Period=J$4,IF(Site=$B$41,data!$H$2:$H$1784)))} -> 168 | K43: {=SUM(IF(Period=K$4,IF(Site=$B$41,data!$H$2:$H$1784)))} -> 160 | ... O43: {=SUM(IF(Period=O$4,IF(Site=$B$41,data!$H$2:$H$1784)))} -> 46 | Q43: =SUM(D43:F43) -> 467 | R43: =SUM(G43:I43) -> 446 | S43: =SUM(J43:L43) -> 448 | T43: =SUM(M43:O43) -> 340
A44: 3120F_1P | C44: 3120F 1P | D44: {=SUM(IF(Period=D$4,IF(Site=$B$41,data!$I$2:$I$1784)))} -> 0 | E44: {=SUM(IF(Period=E$4,IF(Site=$B$41,data!$I$2:$I$1784)))} -> 0 | F44: {=SUM(IF(Period=F$4,IF(Site=$B$41,data!$I$2:$I$1784)))} -> 0 | G44: {=SUM(IF(Period=G$4,IF(Site=$B$41,data!$I$2:$I$1784)))} -> 0 | H44: {=SUM(IF(Period=H$4,IF(Site=$B$41,data!$I$2:$I$1784)))} -> 0 | I44: {=SUM(IF(Period=I$4,IF(Site=$B$41,data!$I$2:$I$1784)))} -> 0 | J44: {=SUM(IF(Period=J$4,IF(Site=$B$41,data!$I$2:$I$1784)))} -> 0 | K44: {=SUM(IF(Period=K$4,IF(Site=$B$41,data!$I$2:$I$1784)))} -> 1 | ... O44: {=SUM(IF(Period=O$4,IF(Site=$B$41,data!$I$2:$I$1784)))} -> 0 | Q44: =SUM(D44:F44) -> 0 | R44: =SUM(G44:I44) -> 0 | S44: =SUM(J44:L44) -> 1 | T44: =SUM(M44:O44) -> 0
A45: 3120F_2P | C45: 3120F 2P | D45: {=SUM(IF(Period=D$4,IF(Site=$B$41,data!$J$2:$J$1784)))} -> 0 | E45: {=SUM(IF(Period=E$4,IF(Site=$B$41,data!$J$2:$J$1784)))} -> 0 | F45: {=SUM(IF(Period=F$4,IF(Site=$B$41,data!$J$2:$J$1784)))} -> 0 | G45: {=SUM(IF(Period=G$4,IF(Site=$B$41,data!$J$2:$J$1784)))} -> 0 | H45: {=SUM(IF(Period=H$4,IF(Site=$B$41,data!$J$2:$J$1784)))} -> 0 | I45: {=SUM(IF(Period=I$4,IF(Site=$B$41,data!$J$2:$J$1784)))} -> 0 | J45: {=SUM(IF(Period=J$4,IF(Site=$B$41,data!$J$2:$J$1784)))} -> 0 | K45: {=SUM(IF(Period=K$4,IF(Site=$B$41,data!$J$2:$J$1784)))} -> 0 | ... O45: {=SUM(IF(Period=O$4,IF(Site=$B$41,data!$J$2:$J$1784)))} -> 0 | Q45: =SUM(D45:F45) -> 0 | R45: =SUM(G45:I45) -> 0 | S45: =SUM(J45:L45) -> 0 | T45: =SUM(M45:O45) -> 0
A46: 3120F_8P | C46: 3120F 8P | D46: {=SUM(IF(Period=D$4,IF(Site=$B$41,data!$K$2:$K$1784)))} -> 0 | E46: {=SUM(IF(Period=E$4,IF(Site=$B$41,data!$K$2:$K$1784)))} -> 0 | F46: {=SUM(IF(Period=F$4,IF(Site=$B$41,data!$K$2:$K$1784)))} -> 0 | G46: {=SUM(IF(Period=G$4,IF(Site=$B$41,data!$K$2:$K$1784)))} -> 0 | H46: {=SUM(IF(Period=H$4,IF(Site=$B$41,data!$K$2:$K$1784)))} -> 0 | I46: {=SUM(IF(Period=I$4,IF(Site=$B$41,data!$K$2:$K$1784)))} -> 1 | J46: {=SUM(IF(Period=J$4,IF(Site=$B$41,data!$K$2:$K$1784)))} -> 1 | K46: {=SUM(IF(Period=K$4,IF(Site=$B$41,data!$K$2:$K$1784)))} -> 0 | ... O46: {=SUM(IF(Period=O$4,IF(Site=$B$41,data!$K$2:$K$1784)))} -> 0 | Q46: =SUM(D46:F46) -> 0 | R46: =SUM(G46:I46) -> 1 | S46: =SUM(J46:L46) -> 1 | T46: =SUM(M46:O46) -> 1
A47: 12_Lead_ECG_for_Chest_Pain_Performance_Score | C47: 12 Lead ECG for Chest Pain Performance Score | D47: =IF(D42=0,0,SUM(D43:D45)/D42) -> 1 | E47: =IF(E42=0,0,SUM(E43:E45)/E42) -> 1 | F47: =IF(F42=0,0,SUM(F43:F45)/F42) -> 1 | G47: =IF(G42=0,0,SUM(G43:G45)/G42) -> 1 | H47: =IF(H42=0,0,SUM(H43:H45)/H42) -> 1 | I47: =IF(I42=0,0,SUM(I43:I45)/I42) -> 1 | J47: =IF(J42=0,0,SUM(J43:J45)/J42) -> 0.99408284 | K47: =IF(K42=0,0,SUM(K43:K45)/K42) -> 1 | ... O47: =IF(O42=0,0,SUM(O43:O45)/O42) -> 1 | Q47: =IF(Q42=0,0,SUM(Q43:Q45)/Q42) -> 1 | R47: =IF(R42=0,0,SUM(R43:R45)/R42) -> 1 | S47: =IF(S42=0,0,SUM(S43:S45)/S42) -> 0.99777778 | T47: =IF(T42=0,0,SUM(T43:T45)/T42) -> 0.99706745
A48: BP_Screening_Cases | C48: BP Screening Cases | D48: {=SUM(IF(Period=D$4,IF(Site=$B$41,data!$M$2:$M$1784)))} -> 1624 | E48: {=SUM(IF(Period=E$4,IF(Site=$B$41,data!$M$2:$M$1784)))} -> 2894 | F48: {=SUM(IF(Period=F$4,IF(Site=$B$41,data!$M$2:$M$1784)))} -> 3197 | G48: {=SUM(IF(Period=G$4,IF(Site=$B$41,data!$M$2:$M$1784)))} -> 2826 | H48: {=SUM(IF(Period=H$4,IF(Site=$B$41,data!$M$2:$M$1784)))} -> 2712 | I48: {=SUM(IF(Period=I$4,IF(Site=$B$41,data!$M$2:$M$1784)))} -> 2371 | J48: {=SUM(IF(Period=J$4,IF(Site=$B$41,data!$M$2:$M$1784)))} -> 2531 | K48: {=SUM(IF(Period=K$4,IF(Site=$B$41,data!$M$2:$M$1784)))} -> 2430 | ... O48: {=SUM(IF(Period=O$4,IF(Site=$B$41,data!$M$2:$M$1784)))} -> 1609 | Q48: =SUM(D48:F48) -> 7715 | R48: =SUM(G48:I48) -> 7909 | S48: =SUM(J48:L48) -> 7461 | T48: =SUM(M48:O48) -> 6695
A49: G8783_Normal_BP_no_followup_needed | C49: G8783 Normal BP no followup needed | D49: {=SUM(IF(Period=D$4,IF(Site=$B$41,data!$N$2:$N$1784)))} -> 426 | E49: {=SUM(IF(Period=E$4,IF(Site=$B$41,data!$N$2:$N$1784)))} -> 484 | F49: {=SUM(IF(Period=F$4,IF(Site=$B$41,data!$N$2:$N$1784)))} -> 516 | G49: {=SUM(IF(Period=G$4,IF(Site=$B$41,data!$N$2:$N$1784)))} -> 661 | H49: {=SUM(IF(Period=H$4,IF(Site=$B$41,data!$N$2:$N$1784)))} -> 487 | I49: {=SUM(IF(Period=I$4,IF(Site=$B$41,data!$N$2:$N$1784)))} -> 398 | J49: {=SUM(IF(Period=J$4,IF(Site=$B$41,data!$N$2:$N$1784)))} -> 427 | K49: {=SUM(IF(Period=K$4,IF(Site=$B$41,data!$N$2:$N$1784)))} -> 448 | ... O49: {=SUM(IF(Period=O$4,IF(Site=$B$41,data!$N$2:$N$1784)))} -> 208 | Q49: =SUM(D49:F49) -> 1426 | R49: =SUM(G49:I49) -> 1546 | S49: =SUM(J49:L49) -> 1317 | T49: =SUM(M49:O49) -> 1100
A50: G8784_Not_eligible--active_HTN_pt refuses_emergent_case | C50: G8784 Not eligible--active HTN pt refuses emergent case | D50: {=SUM(IF(Period=D$4,IF(Site=$B$41,data!$O$2:$O$1784)))} -> 236 | E50: {=SUM(IF(Period=E$4,IF(Site=$B$41,data!$O$2:$O$1784)))} -> 0 | F50: {=SUM(IF(Period=F$4,IF(Site=$B$41,data!$O$2:$O$1784)))} -> 0 | G50: {=SUM(IF(Period=G$4,IF(Site=$B$41,data!$O$2:$O$1784)))} -> 0 | H50: {=SUM(IF(Period=H$4,IF(Site=$B$41,data!$O$2:$O$1784)))} -> 0 | I50: {=SUM(IF(Period=I$4,IF(Site=$B$41,data!$O$2:$O$1784)))} -> 0 | J50: {=SUM(IF(Period=J$4,IF(Site=$B$41,data!$O$2:$O$1784)))} -> 0 | K50: {=SUM(IF(Period=K$4,IF(Site=$B$41,data!$O$2:$O$1784)))} -> 0 | ... O50: {=SUM(IF(Period=O$4,IF(Site=$B$41,data!$O$2:$O$1784)))} -> 0 | Q50: =SUM(D50:F50) -> 236 | R50: =SUM(G50:I50) -> 0 | S50: =SUM(J50:L50) -> 0 | T50: =SUM(M50:O50) -> 0
A51: G8785_BP_not_documented | C51: G8785 BP not documented | D51: {=SUM(IF(Period=D$4,IF(Site=$B$41,data!$P$2:$P$1784)))} -> 0 | E51: {=SUM(IF(Period=E$4,IF(Site=$B$41,data!$P$2:$P$1784)))} -> 0 | F51: {=SUM(IF(Period=F$4,IF(Site=$B$41,data!$P$2:$P$1784)))} -> 0 | G51: {=SUM(IF(Period=G$4,IF(Site=$B$41,data!$P$2:$P$1784)))} -> 1 | H51: {=SUM(IF(Period=H$4,IF(Site=$B$41,data!$P$2:$P$1784)))} -> 4 | I51: {=SUM(IF(Period=I$4,IF(Site=$B$41,data!$P$2:$P$1784)))} -> 0 | J51: {=SUM(IF(Period=J$4,IF(Site=$B$41,data!$P$2:$P$1784)))} -> 3 | K51: {=SUM(IF(Period=K$4,IF(Site=$B$41,data!$P$2:$P$1784)))} -> 4 | ... O51: {=SUM(IF(Period=O$4,IF(Site=$B$41,data!$P$2:$P$1784)))} -> 208 | Q51: =SUM(D51:F51) -> 0 | R51: =SUM(G51:I51) -> 5 | S51: =SUM(J51:L51) -> 8 | T51: =SUM(M51:O51) -> 213
A52: G8950_elevated_BP_with_followup | C52: G8950 elevated BP with followup | D52: {=SUM(IF(Period=D$4,IF(Site=$B$41,data!$Q$2:$Q$1784)))} -> 948 | E52: {=SUM(IF(Period=E$4,IF(Site=$B$41,data!$Q$2:$Q$1784)))} -> 1152 | F52: {=SUM(IF(Period=F$4,IF(Site=$B$41,data!$Q$2:$Q$1784)))} -> 1157 | G52: {=SUM(IF(Period=G$4,IF(Site=$B$41,data!$Q$2:$Q$1784)))} -> 994 | H52: {=SUM(IF(Period=H$4,IF(Site=$B$41,data!$Q$2:$Q$1784)))} -> 1066 | I52: {=SUM(IF(Period=I$4,IF(Site=$B$41,data!$Q$2:$Q$1784)))} -> 972 | J52: {=SUM(IF(Period=J$4,IF(Site=$B$41,data!$Q$2:$Q$1784)))} -> 972 | K52: {=SUM(IF(Period=K$4,IF(Site=$B$41,data!$Q$2:$Q$1784)))} -> 968 | ... O52: {=SUM(IF(Period=O$4,IF(Site=$B$41,data!$Q$2:$Q$1784)))} -> 2 | Q52: =SUM(D52:F52) -> 3257 | R52: =SUM(G52:I52) -> 3032 | S52: =SUM(J52:L52) -> 2960 | T52: =SUM(M52:O52) -> 2045
A53: G8952_elevated_BP_no_followup | C53: G8952 elevated BP no followup | D53: {=SUM(IF(Period=D$4,IF(Site=$B$41,data!$R$2:$R$1784)))} -> 14 | E53: {=SUM(IF(Period=E$4,IF(Site=$B$41,data!$R$2:$R$1784)))} -> 9 | F53: {=SUM(IF(Period=F$4,IF(Site=$B$41,data!$R$2:$R$1784)))} -> 13 | G53: {=SUM(IF(Period=G$4,IF(Site=$B$41,data!$R$2:$R$1784)))} -> 14 | H53: {=SUM(IF(Period=H$4,IF(Site=$B$41,data!$R$2:$R$1784)))} -> 14 | I53: {=SUM(IF(Period=I$4,IF(Site=$B$41,data!$R$2:$R$1784)))} -> 24 | J53: {=SUM(IF(Period=J$4,IF(Site=$B$41,data!$R$2:$R$1784)))} -> 15 | K53: {=SUM(IF(Period=K$4,IF(Site=$B$41,data!$R$2:$R$1784)))} -> 11 | ... O53: {=SUM(IF(Period=O$4,IF(Site=$B$41,data!$R$2:$R$1784)))} -> 686 | Q53: =SUM(D53:F53) -> 36 | R53: =SUM(G53:I53) -> 52 | S53: =SUM(J53:L53) -> 32 | T53: =SUM(M53:O53) -> 696
A54: G9744_Not_eligible--active_HTN_Pt refuses_emergent_case | C54: G9744 Not eligible--active HTN Pt refuses emergent case | D54: {=SUM(IF(Period=D$4,IF(Site=$B$41,data!$S$2:$S$1784)))} -> 0 | E54: {=SUM(IF(Period=E$4,IF(Site=$B$41,data!$S$2:$S$1784)))} -> 1222 | F54: {=SUM(IF(Period=F$4,IF(Site=$B$41,data!$S$2:$S$1784)))} -> 1485 | G54: {=SUM(IF(Period=G$4,IF(Site=$B$41,data!$S$2:$S$1784)))} -> 1136 | H54: {=SUM(IF(Period=H$4,IF(Site=$B$41,data!$S$2:$S$1784)))} -> 1135 | I54: {=SUM(IF(Period=I$4,IF(Site=$B$41,data!$S$2:$S$1784)))} -> 971 | J54: {=SUM(IF(Period=J$4,IF(Site=$B$41,data!$S$2:$S$1784)))} -> 1104 | K54: {=SUM(IF(Period=K$4,IF(Site=$B$41,data!$S$2:$S$1784)))} -> 995 | ... O54: {=SUM(IF(Period=O$4,IF(Site=$B$41,data!$S$2:$S$1784)))} -> 3 | Q54: =SUM(D54:F54) -> 2707 | R54: =SUM(G54:I54) -> 3242 | S54: =SUM(J54:L54) -> 3121 | T54: =SUM(M54:O54) -> 2127
A55: G9745_Reason_given_for_no_screening_or_recommending_followup | C55: G9745 Reason given for no screening or recommending followup | D55: {=SUM(IF(Period=D$4,IF(Site=$B$41,data!$T$2:$T$1784)))} -> 0 | E55: {=SUM(IF(Period=E$4,IF(Site=$B$41,data!$T$2:$T$1784)))} -> 27 | F55: {=SUM(IF(Period=F$4,IF(Site=$B$41,data!$T$2:$T$1784)))} -> 26 | G55: {=SUM(IF(Period=G$4,IF(Site=$B$41,data!$T$2:$T$1784)))} -> 20 | H55: {=SUM(IF(Period=H$4,IF(Site=$B$41,data!$T$2:$T$1784)))} -> 6 | I55: {=SUM(IF(Period=I$4,IF(Site=$B$41,data!$T$2:$T$1784)))} -> 6 | J55: {=SUM(IF(Period=J$4,IF(Site=$B$41,data!$T$2:$T$1784)))} -> 10 | K55: {=SUM(IF(Period=K$4,IF(Site=$B$41,data!$T$2:$T$1784)))} -> 4 | ... O55: {=SUM(IF(Period=O$4,IF(Site=$B$41,data!$T$2:$T$1784)))} -> 709 | Q55: =SUM(D55:F55) -> 53 | R55: =SUM(G55:I55) -> 32 | S55: =SUM(J55:L55) -> 23 | T55: =SUM(M55:O55) -> 721
A56: BP_Screening_Performance_Score | C56: BP Screening Performance Score | D56: =IF(D48=0,0,(D49+D50+D52)/D48) -> 0.99137931 | E56: =IF(E48=0,0,(E49+E50+E52+E54+E55)/E48) -> 0.99689012 | F56: =IF(F48=0,0,(F49+F50+F52+F54+F55)/F48) -> 0.99593369 | G56: =IF(G48=0,0,(G49+G50+G52+G54+G55)/G48) -> 0.99469214 | H56: =IF(H48=0,0,(H49+H50+H52+H54+H55)/H48) -> 0.99336283 | I56: =IF(I48=0,0,(I49+I50+I52+I54+I55)/I48) -> 0.98987769 | J56: =IF(J48=0,0,(J49+J50+J52+J54+J55)/J48) -> 0.99288819 | K56: =IF(K48=0,0,(K49+K50+K52+K54+K55)/K48) -> 0.99382716 | L56: =IF(L48=0,0,(L49+L50+L52+L54+L55)/L48) -> 0.9972 | ... O56: =IF(O48=0,0,(O49+O50+O52+O54+O55)/O48) -> 0.57302672 | Q56: =IF(Q48=0,0,(Q49+Q50+Q52+Q54+Q55)/Q48) -> 0.99533377 | R56: =IF(R48=0,0,(R49+R50+R52+R54+R55)/R48) -> 0.99279302 | S56: =IF(S48=0,0,(S49+S50+S52+S54+S55)/S48) -> 0.99463879 | T56: =IF(T48=0,0,(T49+T50+T52+T54+T55)/T48) -> 0.89514563
A57: Overall_Score | C57: Overall Score | D57: =IF(AND(D42=0,D48=0),0,(SUM(D43:D45)+D49+D50+D52+D54+D55)/(D42+D48)) -> 0.99197708 | E57: =IF(AND(E42=0,E48=0),0,(SUM(E43:E45)+E49+E50+E52+E54+E55)/(E42+E48)) -> 0.99705015 | F57: =IF(AND(F42=0,F48=0),0,(SUM(F43:F45)+F49+F50+F52+F54+F55)/(F42+F48)) -> 0.99616066 | G57: =IF(AND(G42=0,G48=0),0,(SUM(G43:G45)+G49+G50+G52+G54+G55)/(G42+G48)) -> 0.99497487 | H57: =IF(AND(H42=0,H48=0),0,(SUM(H43:H45)+H49+H50+H52+H54+H55)/(H42+H48)) -> 0.99372385 | I57: =IF(AND(I42=0,I48=0),0,(SUM(I43:I45)+I49+I50+I52+I54+I55)/(I42+I48)) -> 0.99040767 | J57: =IF(AND(J42=0,J48=0),0,(SUM(J43:J45)+J49+J50+J52+J54+J55)/(J42+J48)) -> 0.99296296 | K57: =IF(AND(K42=0,K48=0),0,(SUM(K43:K45)+K49+K50+K52+K54+K55)/(K42+K48)) -> 0.99421073 | ... O57: =IF(AND(O42=0,O48=0),0,(SUM(O43:O45)+O49+O50+O52+O54+O55)/(O42+O48)) -> 0.58489426 | Q57: =IF(AND(Q42=0,Q48=0),0,(SUM(Q43:Q45)+Q49+Q50+Q52+Q54+Q55)/(Q42+Q48)) -> 0.9956001 | R57: =IF(AND(R42=0,R48=0),0,(SUM(R43:R45)+R49+R50+R52+R54+R55)/(R42+R48)) -> 0.99317774 | S57: =IF(AND(S42=0,S48=0),0,(SUM(S43:S45)+S49+S50+S52+S54+S55)/(S42+S48)) -> 0.99481734 | T57: =IF(AND(T42=0,T48=0),0,(SUM(T43:T45)+T49+T50+T52+T54+T55)/(T42+T48)) -> 0.90008528
B59: Kendall
A60: 12_Lead_ECG_for_Chest_Pain_Cases | C60: 12 Lead ECG for Chest Pain Cases | D60: {=SUM(IF(Period=D$4,IF(Site=$B$59,data!$G$2:$G$1784)))} -> 215 | E60: {=SUM(IF(Period=E$4,IF(Site=$B$59,data!$G$2:$G$1784)))} -> 262 | F60: {=SUM(IF(Period=F$4,IF(Site=$B$59,data!$G$2:$G$1784)))} -> 230 | G60: {=SUM(IF(Period=G$4,IF(Site=$B$59,data!$G$2:$G$1784)))} -> 216 | H60: {=SUM(IF(Period=H$4,IF(Site=$B$59,data!$G$2:$G$1784)))} -> 269 | I60: {=SUM(IF(Period=I$4,IF(Site=$B$59,data!$G$2:$G$1784)))} -> 223 | J60: {=SUM(IF(Period=J$4,IF(Site=$B$59,data!$G$2:$G$1784)))} -> 237 | K60: {=SUM(IF(Period=K$4,IF(Site=$B$59,data!$G$2:$G$1784)))} -> 274 | ... O60: {=SUM(IF(Period=O$4,IF(Site=$B$59,data!$G$2:$G$1784)))} -> 142 | Q60: =SUM(D60:F60) -> 707 | R60: =SUM(G60:I60) -> 708 | S60: =SUM(J60:L60) -> 746 | T60: =SUM(M60:O60) -> 649
A61: 3120F | C61: 3120F | D61: {=SUM(IF(Period=D$4,IF(Site=$B$59,data!$H$2:$H$1784)))} -> 214 | E61: {=SUM(IF(Period=E$4,IF(Site=$B$59,data!$H$2:$H$1784)))} -> 261 | F61: {=SUM(IF(Period=F$4,IF(Site=$B$59,data!$H$2:$H$1784)))} -> 230 | G61: {=SUM(IF(Period=G$4,IF(Site=$B$59,data!$H$2:$H$1784)))} -> 216 | H61: {=SUM(IF(Period=H$4,IF(Site=$B$59,data!$H$2:$H$1784)))} -> 269 | I61: {=SUM(IF(Period=I$4,IF(Site=$B$59,data!$H$2:$H$1784)))} -> 222 | J61: {=SUM(IF(Period=J$4,IF(Site=$B$59,data!$H$2:$H$1784)))} -> 237 | K61: {=SUM(IF(Period=K$4,IF(Site=$B$59,data!$H$2:$H$1784)))} -> 274 | ... O61: {=SUM(IF(Period=O$4,IF(Site=$B$59,data!$H$2:$H$1784)))} -> 142 | Q61: =SUM(D61:F61) -> 705 | R61: =SUM(G61:I61) -> 707 | S61: =SUM(J61:L61) -> 745 | T61: =SUM(M61:O61) -> 645
A62: 3120F_1P | C62: 3120F 1P | D62: {=SUM(IF(Period=D$4,IF(Site=$B$59,data!$I$2:$I$1784)))} -> 0 | E62: {=SUM(IF(Period=E$4,IF(Site=$B$59,data!$I$2:$I$1784)))} -> 0 | F62: {=SUM(IF(Period=F$4,IF(Site=$B$59,data!$I$2:$I$1784)))} -> 0 | G62: {=SUM(IF(Period=G$4,IF(Site=$B$59,data!$I$2:$I$1784)))} -> 0 | H62: {=SUM(IF(Period=H$4,IF(Site=$B$59,data!$I$2:$I$1784)))} -> 0 | I62: {=SUM(IF(Period=I$4,IF(Site=$B$59,data!$I$2:$I$1784)))} -> 0 | J62: {=SUM(IF(Period=J$4,IF(Site=$B$59,data!$I$2:$I$1784)))} -> 0 | K62: {=SUM(IF(Period=K$4,IF(Site=$B$59,data!$I$2:$I$1784)))} -> 0 | ... O62: {=SUM(IF(Period=O$4,IF(Site=$B$59,data!$I$2:$I$1784)))} -> 0 | Q62: =SUM(D62:F62) -> 0 | R62: =SUM(G62:I62) -> 0 | S62: =SUM(J62:L62) -> 0 | T62: =SUM(M62:O62) -> 0
A63: 3120F_2P | C63: 3120F 2P | D63: {=SUM(IF(Period=D$4,IF(Site=$B$59,data!$J$2:$J$1784)))} -> 0 | E63: {=SUM(IF(Period=E$4,IF(Site=$B$59,data!$J$2:$J$1784)))} -> 1 | F63: {=SUM(IF(Period=F$4,IF(Site=$B$59,data!$J$2:$J$1784)))} -> 0 | G63: {=SUM(IF(Period=G$4,IF(Site=$B$59,data!$J$2:$J$1784)))} -> 0 | H63: {=SUM(IF(Period=H$4,IF(Site=$B$59,data!$J$2:$J$1784)))} -> 0 | I63: {=SUM(IF(Period=I$4,IF(Site=$B$59,data!$J$2:$J$1784)))} -> 0 | J63: {=SUM(IF(Period=J$4,IF(Site=$B$59,data!$J$2:$J$1784)))} -> 0 | K63: {=SUM(IF(Period=K$4,IF(Site=$B$59,data!$J$2:$J$1784)))} -> 0 | ... O63: {=SUM(IF(Period=O$4,IF(Site=$B$59,data!$J$2:$J$1784)))} -> 0 | Q63: =SUM(D63:F63) -> 1 | R63: =SUM(G63:I63) -> 0 | S63: =SUM(J63:L63) -> 0 | T63: =SUM(M63:O63) -> 0
A64: 3120F_8P | C64: 3120F 8P | D64: {=SUM(IF(Period=D$4,IF(Site=$B$59,data!$K$2:$K$1784)))} -> 1 | E64: {=SUM(IF(Period=E$4,IF(Site=$B$59,data!$K$2:$K$1784)))} -> 0 | F64: {=SUM(IF(Period=F$4,IF(Site=$B$59,data!$K$2:$K$1784)))} -> 0 | G64: {=SUM(IF(Period=G$4,IF(Site=$B$59,data!$K$2:$K$1784)))} -> 0 | H64: {=SUM(IF(Period=H$4,IF(Site=$B$59,data!$K$2:$K$1784)))} -> 0 | I64: {=SUM(IF(Period=I$4,IF(Site=$B$59,data!$K$2:$K$1784)))} -> 1 | J64: {=SUM(IF(Period=J$4,IF(Site=$B$59,data!$K$2:$K$1784)))} -> 0 | K64: {=SUM(IF(Period=K$4,IF(Site=$B$59,data!$K$2:$K$1784)))} -> 0 | ... O64: {=SUM(IF(Period=O$4,IF(Site=$B$59,data!$K$2:$K$1784)))} -> 0 | Q64: =SUM(D64:F64) -> 1 | R64: =SUM(G64:I64) -> 1 | S64: =SUM(J64:L64) -> 1 | T64: =SUM(M64:O64) -> 4
A65: 12_Lead_ECG_for_Chest_Pain_Performance_Score | C65: 12 Lead ECG for Chest Pain Performance Score | D65: =IF(D60=0,0,SUM(D61:D63)/D60) -> 0.99534884 | E65: =IF(E60=0,0,SUM(E61:E63)/E60) -> 1 | F65: =IF(F60=0,0,SUM(F61:F63)/F60) -> 1 | G65: =IF(G60=0,0,SUM(G61:G63)/G60) -> 1 | H65: =IF(H60=0,0,SUM(H61:H63)/H60) -> 1 | I65: =IF(I60=0,0,SUM(I61:I63)/I60) -> 0.9955157 | J65: =IF(J60=0,0,SUM(J61:J63)/J60) -> 1 | K65: =IF(K60=0,0,SUM(K61:K63)/K60) -> 1 | ... O65: =IF(O60=0,0,SUM(O61:O63)/O60) -> 1 | Q65: =IF(Q60=0,0,SUM(Q61:Q63)/Q60) -> 0.99858557 | R65: =IF(R60=0,0,SUM(R61:R63)/R60) -> 0.99858757 | S65: =IF(S60=0,0,SUM(S61:S63)/S60) -> 0.99865952 | T65: =IF(T60=0,0,SUM(T61:T63)/T60) -> 0.99383667
A66: BP_Screening_Cases | C66: BP Screening Cases | D66: {=SUM(IF(Period=D$4,IF(Site=$B$59,data!$M$2:$M$1784)))} -> 3479 | E66: {=SUM(IF(Period=E$4,IF(Site=$B$59,data!$M$2:$M$1784)))} -> 4716 | F66: {=SUM(IF(Period=F$4,IF(Site=$B$59,data!$M$2:$M$1784)))} -> 5018 | G66: {=SUM(IF(Period=G$4,IF(Site=$B$59,data!$M$2:$M$1784)))} -> 4768 | H66: {=SUM(IF(Period=H$4,IF(Site=$B$59,data!$M$2:$M$1784)))} -> 4814 | I66: {=SUM(IF(Period=I$4,IF(Site=$B$59,data!$M$2:$M$1784)))} -> 4365 | J66: {=SUM(IF(Period=J$4,IF(Site=$B$59,data!$M$2:$M$1784)))} -> 4805 | K66: {=SUM(IF(Period=K$4,IF(Site=$B$59,data!$M$2:$M$1784)))} -> 4834 | ... O66: {=SUM(IF(Period=O$4,IF(Site=$B$59,data!$M$2:$M$1784)))} -> 2800 | Q66: =SUM(D66:F66) -> 13213 | R66: =SUM(G66:I66) -> 13947 | S66: =SUM(J66:L66) -> 14139 | T66: =SUM(M66:O66) -> 11950
A67: G8783_Normal_BP_no_followup_needed | C67: G8783 Normal BP no followup needed | D67: {=SUM(IF(Period=D$4,IF(Site=$B$59,data!$N$2:$N$1784)))} -> 878 | E67: {=SUM(IF(Period=E$4,IF(Site=$B$59,data!$N$2:$N$1784)))} -> 887 | F67: {=SUM(IF(Period=F$4,IF(Site=$B$59,data!$N$2:$N$1784)))} -> 950 | G67: {=SUM(IF(Period=G$4,IF(Site=$B$59,data!$N$2:$N$1784)))} -> 1037 | H67: {=SUM(IF(Period=H$4,IF(Site=$B$59,data!$N$2:$N$1784)))} -> 964 | I67: {=SUM(IF(Period=I$4,IF(Site=$B$59,data!$N$2:$N$1784)))} -> 789 | J67: {=SUM(IF(Period=J$4,IF(Site=$B$59,data!$N$2:$N$1784)))} -> 860 | K67: {=SUM(IF(Period=K$4,IF(Site=$B$59,data!$N$2:$N$1784)))} -> 837 | ... O67: {=SUM(IF(Period=O$4,IF(Site=$B$59,data!$N$2:$N$1784)))} -> 412 | Q67: =SUM(D67:F67) -> 2715 | R67: =SUM(G67:I67) -> 2790 | S67: =SUM(J67:L67) -> 2505 | T67: =SUM(M67:O67) -> 1992
A68: G8784_Not_eligible--active_HTN_pt refuses_emergent_case | C68: G8784 Not eligible--active HTN pt refuses emergent case | D68: {=SUM(IF(Period=D$4,IF(Site=$B$59,data!$O$2:$O$1784)))} -> 488 | E68: {=SUM(IF(Period=E$4,IF(Site=$B$59,data!$O$2:$O$1784)))} -> 0 | F68: {=SUM(IF(Period=F$4,IF(Site=$B$59,data!$O$2:$O$1784)))} -> 0 | G68: {=SUM(IF(Period=G$4,IF(Site=$B$59,data!$O$2:$O$1784)))} -> 0 | H68: {=SUM(IF(Period=H$4,IF(Site=$B$59,data!$O$2:$O$1784)))} -> 0 | I68: {=SUM(IF(Period=I$4,IF(Site=$B$59,data!$O$2:$O$1784)))} -> 0 | J68: {=SUM(IF(Period=J$4,IF(Site=$B$59,data!$O$2:$O$1784)))} -> 0 | K68: {=SUM(IF(Period=K$4,IF(Site=$B$59,data!$O$2:$O$1784)))} -> 0 | ... O68: {=SUM(IF(Period=O$4,IF(Site=$B$59,data!$O$2:$O$1784)))} -> 0 | Q68: =SUM(D68:F68) -> 488 | R68: =SUM(G68:I68) -> 0 | S68: =SUM(J68:L68) -> 0 | T68: =SUM(M68:O68) -> 0
A69: G8785_BP_not_documented | C69: G8785 BP not documented | D69: {=SUM(IF(Period=D$4,IF(Site=$B$59,data!$P$2:$P$1784)))} -> 2 | E69: {=SUM(IF(Period=E$4,IF(Site=$B$59,data!$P$2:$P$1784)))} -> 15 | F69: {=SUM(IF(Period=F$4,IF(Site=$B$59,data!$P$2:$P$1784)))} -> 4 | G69: {=SUM(IF(Period=G$4,IF(Site=$B$59,data!$P$2:$P$1784)))} -> 3 | H69: {=SUM(IF(Period=H$4,IF(Site=$B$59,data!$P$2:$P$1784)))} -> 17 | I69: {=SUM(IF(Period=I$4,IF(Site=$B$59,data!$P$2:$P$1784)))} -> 10 | J69: {=SUM(IF(Period=J$4,IF(Site=$B$59,data!$P$2:$P$1784)))} -> 12 | K69: {=SUM(IF(Period=K$4,IF(Site=$B$59,data!$P$2:$P$1784)))} -> 9 | ... O69: {=SUM(IF(Period=O$4,IF(Site=$B$59,data!$P$2:$P$1784)))} -> 3 | Q69: =SUM(D69:F69) -> 21 | R69: =SUM(G69:I69) -> 30 | S69: =SUM(J69:L69) -> 27 | T69: =SUM(M69:O69) -> 17
A70: G8950_elevated_BP_with_followup | C70: G8950 elevated BP with followup | D70: {=SUM(IF(Period=D$4,IF(Site=$B$59,data!$Q$2:$Q$1784)))} -> 2099 | E70: {=SUM(IF(Period=E$4,IF(Site=$B$59,data!$Q$2:$Q$1784)))} -> 2005 | F70: {=SUM(IF(Period=F$4,IF(Site=$B$59,data!$Q$2:$Q$1784)))} -> 2034 | G70: {=SUM(IF(Period=G$4,IF(Site=$B$59,data!$Q$2:$Q$1784)))} -> 1907 | H70: {=SUM(IF(Period=H$4,IF(Site=$B$59,data!$Q$2:$Q$1784)))} -> 2071 | I70: {=SUM(IF(Period=I$4,IF(Site=$B$59,data!$Q$2:$Q$1784)))} -> 1886 | J70: {=SUM(IF(Period=J$4,IF(Site=$B$59,data!$Q$2:$Q$1784)))} -> 2118 | K70: {=SUM(IF(Period=K$4,IF(Site=$B$59,data!$Q$2:$Q$1784)))} -> 2186 | ... O70: {=SUM(IF(Period=O$4,IF(Site=$B$59,data!$Q$2:$Q$1784)))} -> 1326 | Q70: =SUM(D70:F70) -> 6138 | R70: =SUM(G70:I70) -> 5864 | S70: =SUM(J70:L70) -> 6324 | T70: =SUM(M70:O70) -> 5456
A71: G8952_elevated_BP_no_followup | C71: G8952 elevated BP no followup | D71: {=SUM(IF(Period=D$4,IF(Site=$B$59,data!$R$2:$R$1784)))} -> 12 | E71: {=SUM(IF(Period=E$4,IF(Site=$B$59,data!$R$2:$R$1784)))} -> 17 | F71: {=SUM(IF(Period=F$4,IF(Site=$B$59,data!$R$2:$R$1784)))} -> 16 | G71: {=SUM(IF(Period=G$4,IF(Site=$B$59,data!$R$2:$R$1784)))} -> 19 | H71: {=SUM(IF(Period=H$4,IF(Site=$B$59,data!$R$2:$R$1784)))} -> 23 | I71: {=SUM(IF(Period=I$4,IF(Site=$B$59,data!$R$2:$R$1784)))} -> 11 | J71: {=SUM(IF(Period=J$4,IF(Site=$B$59,data!$R$2:$R$1784)))} -> 12 | K71: {=SUM(IF(Period=K$4,IF(Site=$B$59,data!$R$2:$R$1784)))} -> 13 | ... O71: {=SUM(IF(Period=O$4,IF(Site=$B$59,data!$R$2:$R$1784)))} -> 0 | Q71: =SUM(D71:F71) -> 45 | R71: =SUM(G71:I71) -> 53 | S71: =SUM(J71:L71) -> 40 | T71: =SUM(M71:O71) -> 13
A72: G9744_Not_eligible--active_HTN_Pt refuses_emergent_case | C72: G9744 Not eligible--active HTN Pt refuses emergent case | D72: {=SUM(IF(Period=D$4,IF(Site=$B$59,data!$S$2:$S$1784)))} -> 0 | E72: {=SUM(IF(Period=E$4,IF(Site=$B$59,data!$S$2:$S$1784)))} -> 1765 | F72: {=SUM(IF(Period=F$4,IF(Site=$B$59,data!$S$2:$S$1784)))} -> 1983 | G72: {=SUM(IF(Period=G$4,IF(Site=$B$59,data!$S$2:$S$1784)))} -> 1781 | H72: {=SUM(IF(Period=H$4,IF(Site=$B$59,data!$S$2:$S$1784)))} -> 1719 | I72: {=SUM(IF(Period=I$4,IF(Site=$B$59,data!$S$2:$S$1784)))} -> 1655 | J72: {=SUM(IF(Period=J$4,IF(Site=$B$59,data!$S$2:$S$1784)))} -> 1793 | K72: {=SUM(IF(Period=K$4,IF(Site=$B$59,data!$S$2:$S$1784)))} -> 1782 | ... O72: {=SUM(IF(Period=O$4,IF(Site=$B$59,data!$S$2:$S$1784)))} -> 1055 | Q72: =SUM(D72:F72) -> 3748 | R72: =SUM(G72:I72) -> 5155 | S72: =SUM(J72:L72) -> 5209 | T72: =SUM(M72:O72) -> 4449
A73: G9745_Reason_given_for_no_screening_or_recommending_followup | C73: G9745 Reason given for no screening or recommending followup | D73: {=SUM(IF(Period=D$4,IF(Site=$B$59,data!$T$2:$T$1784)))} -> 0 | E73: {=SUM(IF(Period=E$4,IF(Site=$B$59,data!$T$2:$T$1784)))} -> 27 | F73: {=SUM(IF(Period=F$4,IF(Site=$B$59,data!$T$2:$T$1784)))} -> 31 | G73: {=SUM(IF(Period=G$4,IF(Site=$B$59,data!$T$2:$T$1784)))} -> 21 | H73: {=SUM(IF(Period=H$4,IF(Site=$B$59,data!$T$2:$T$1784)))} -> 20 | I73: {=SUM(IF(Period=I$4,IF(Site=$B$59,data!$T$2:$T$1784)))} -> 14 | J73: {=SUM(IF(Period=J$4,IF(Site=$B$59,data!$T$2:$T$1784)))} -> 10 | K73: {=SUM(IF(Period=K$4,IF(Site=$B$59,data!$T$2:$T$1784)))} -> 7 | ... O73: {=SUM(IF(Period=O$4,IF(Site=$B$59,data!$T$2:$T$1784)))} -> 4 | Q73: =SUM(D73:F73) -> 58 | R73: =SUM(G73:I73) -> 55 | S73: =SUM(J73:L73) -> 34 | T73: =SUM(M73:O73) -> 23
A74: BP_Screening_Performance_Score | C74: BP Screening Performance Score | D74: =IF(D66=0,0,(D67+D68+D70)/D66) -> 0.99597586 | E74: =IF(E66=0,0,(E67+E68+E70+E72+E73)/E66) -> 0.99321459 | F74: =IF(F66=0,0,(F67+F68+F70+F72+F73)/F66) -> 0.99601435 | G74: =IF(G66=0,0,(G67+G68+G70+G72+G73)/G66) -> 0.99538591 | H74: =IF(H66=0,0,(H67+H68+H70+H72+H73)/H66) -> 0.9916909 | I74: =IF(I66=0,0,(I67+I68+I70+I72+I73)/I66) -> 0.995189 | J74: =IF(J66=0,0,(J67+J68+J70+J72+J73)/J66) -> 0.9950052 | K74: =IF(K66=0,0,(K67+K68+K70+K72+K73)/K66) -> 0.9954489 | L74: =IF(L66=0,0,(L67+L68+L70+L72+L73)/L66) -> 0.99533333 | ... O74: =IF(O66=0,0,(O67+O68+O70+O72+O73)/O66) -> 0.99892857 | Q74: =IF(Q66=0,0,(Q67+Q68+Q70+Q72+Q73)/Q66) -> 0.99500492 | R74: =IF(R66=0,0,(R67+R68+R70+R72+R73)/R66) -> 0.9940489 | S74: =IF(S66=0,0,(S67+S68+S70+S72+S73)/S66) -> 0.99526133 | T74: =IF(T66=0,0,(T67+T68+T70+T72+T73)/T66) -> 0.99748954
A75: Overall_Score | C75: Overall Score | D75: =IF(AND(D60=0,D66=0),0,(SUM(D61:D63)+D67+D68+D70+D72+D73)/(D60+D66)) -> 0.99593936 | E75: =IF(AND(E60=0,E66=0),0,(SUM(E61:E63)+E67+E68+E70+E72+E73)/(E60+E66)) -> 0.99357172 | F75: =IF(AND(F60=0,F66=0),0,(SUM(F61:F63)+F67+F68+F70+F72+F73)/(F60+F66)) -> 0.99618902 | G75: =IF(AND(G60=0,G66=0),0,(SUM(G61:G63)+G67+G68+G70+G72+G73)/(G60+G66)) -> 0.99558587 | H75: =IF(AND(H60=0,H66=0),0,(SUM(H61:H63)+H67+H68+H70+H72+H73)/(H60+H66)) -> 0.99213063 | I75: =IF(AND(I60=0,I66=0),0,(SUM(I61:I63)+I67+I68+I70+I72+I73)/(I60+I66)) -> 0.99520488 | J75: =IF(AND(J60=0,J66=0),0,(SUM(J61:J63)+J67+J68+J70+J72+J73)/(J60+J66)) -> 0.99523998 | K75: =IF(AND(K60=0,K66=0),0,(SUM(K61:K63)+K67+K68+K70+K72+K73)/(K60+K66)) -> 0.99569303 | ... O75: =IF(AND(O60=0,O66=0),0,(SUM(O61:O63)+O67+O68+O70+O72+O73)/(O60+O66)) -> 0.99898029 | Q75: =IF(AND(Q60=0,Q66=0),0,(SUM(Q61:Q63)+Q67+Q68+Q70+Q72+Q73)/(Q60+Q66)) -> 0.99518678 | R75: =IF(AND(R60=0,R66=0),0,(SUM(R61:R63)+R67+R68+R70+R72+R73)/(R60+R66)) -> 0.99426817 | S75: =IF(AND(S60=0,S66=0),0,(SUM(S61:S63)+S67+S68+S70+S72+S73)/(S60+S66)) -> 0.99543164 | T75: =IF(AND(T60=0,T66=0),0,(SUM(T61:T63)+T67+T68+T70+T72+T73)/(T60+T66)) -> 0.99730137
B77: Ocala
A78: 12_Lead_ECG_for_Chest_Pain_Cases | C78: 12 Lead ECG for Chest Pain Cases | D78: {=SUM(IF(Period=D$4,IF(Site=$B$77,data!$G$2:$G$1784)))} -> 171 | E78: {=SUM(IF(Period=E$4,IF(Site=$B$77,data!$G$2:$G$1784)))} -> 188 | F78: {=SUM(IF(Period=F$4,IF(Site=$B$77,data!$G$2:$G$1784)))} -> 213 | G78: {=SUM(IF(Period=G$4,IF(Site=$B$77,data!$G$2:$G$1784)))} -> 180 | H78: {=SUM(IF(Period=H$4,IF(Site=$B$77,data!$G$2:$G$1784)))} -> 235 | I78: {=SUM(IF(Period=I$4,IF(Site=$B$77,data!$G$2:$G$1784)))} -> 216 | J78: {=SUM(IF(Period=J$4,IF(Site=$B$77,data!$G$2:$G$1784)))} -> 241 | K78: {=SUM(IF(Period=K$4,IF(Site=$B$77,data!$G$2:$G$1784)))} -> 228 | ... O78: {=SUM(IF(Period=O$4,IF(Site=$B$77,data!$G$2:$G$1784)))} -> 143 | Q78: =SUM(D78:F78) -> 572 | R78: =SUM(G78:I78) -> 631 | S78: =SUM(J78:L78) -> 700 | T78: =SUM(M78:O78) -> 571
A79: 3120F | C79: 3120F | D79: {=SUM(IF(Period=D$4,IF(Site=$B$77,data!$H$2:$H$1784)))} -> 171 | E79: {=SUM(IF(Period=E$4,IF(Site=$B$77,data!$H$2:$H$1784)))} -> 185 | F79: {=SUM(IF(Period=F$4,IF(Site=$B$77,data!$H$2:$H$1784)))} -> 212 | G79: {=SUM(IF(Period=G$4,IF(Site=$B$77,data!$H$2:$H$1784)))} -> 180 | H79: {=SUM(IF(Period=H$4,IF(Site=$B$77,data!$H$2:$H$1784)))} -> 233 | I79: {=SUM(IF(Period=I$4,IF(Site=$B$77,data!$H$2:$H$1784)))} -> 215 | J79: {=SUM(IF(Period=J$4,IF(Site=$B$77,data!$H$2:$H$1784)))} -> 241 | K79: {=SUM(IF(Period=K$4,IF(Site=$B$77,data!$H$2:$H$1784)))} -> 228 | ... O79: {=SUM(IF(Period=O$4,IF(Site=$B$77,data!$H$2:$H$1784)))} -> 143 | Q79: =SUM(D79:F79) -> 568 | R79: =SUM(G79:I79) -> 628 | S79: =SUM(J79:L79) -> 698 | T79: =SUM(M79:O79) -> 568
A80: 3120F_1P | C80: 3120F 1P | D80: {=SUM(IF(Period=D$4,IF(Site=$B$77,data!$I$2:$I$1784)))} -> 0 | E80: {=SUM(IF(Period=E$4,IF(Site=$B$77,data!$I$2:$I$1784)))} -> 2 | F80: {=SUM(IF(Period=F$4,IF(Site=$B$77,data!$I$2:$I$1784)))} -> 0 | G80: {=SUM(IF(Period=G$4,IF(Site=$B$77,data!$I$2:$I$1784)))} -> 0 | H80: {=SUM(IF(Period=H$4,IF(Site=$B$77,data!$I$2:$I$1784)))} -> 1 | I80: {=SUM(IF(Period=I$4,IF(Site=$B$77,data!$I$2:$I$1784)))} -> 0 | J80: {=SUM(IF(Period=J$4,IF(Site=$B$77,data!$I$2:$I$1784)))} -> 0 | K80: {=SUM(IF(Period=K$4,IF(Site=$B$77,data!$I$2:$I$1784)))} -> 0 | ... O80: {=SUM(IF(Period=O$4,IF(Site=$B$77,data!$I$2:$I$1784)))} -> 0 | Q80: =SUM(D80:F80) -> 2 | R80: =SUM(G80:I80) -> 1 | S80: =SUM(J80:L80) -> 0 | T80: =SUM(M80:O80) -> 0
A81: 3120F_2P | C81: 3120F 2P | D81: {=SUM(IF(Period=D$4,IF(Site=$B$77,data!$J$2:$J$1784)))} -> 0 | E81: {=SUM(IF(Period=E$4,IF(Site=$B$77,data!$J$2:$J$1784)))} -> 0 | F81: {=SUM(IF(Period=F$4,IF(Site=$B$77,data!$J$2:$J$1784)))} -> 0 | G81: {=SUM(IF(Period=G$4,IF(Site=$B$77,data!$J$2:$J$1784)))} -> 0 | H81: {=SUM(IF(Period=H$4,IF(Site=$B$77,data!$J$2:$J$1784)))} -> 1 | I81: {=SUM(IF(Period=I$4,IF(Site=$B$77,data!$J$2:$J$1784)))} -> 0 | J81: {=SUM(IF(Period=J$4,IF(Site=$B$77,data!$J$2:$J$1784)))} -> 0 | K81: {=SUM(IF(Period=K$4,IF(Site=$B$77,data!$J$2:$J$1784)))} -> 0 | ... O81: {=SUM(IF(Period=O$4,IF(Site=$B$77,data!$J$2:$J$1784)))} -> 0 | Q81: =SUM(D81:F81) -> 0 | R81: =SUM(G81:I81) -> 1 | S81: =SUM(J81:L81) -> 1 | T81: =SUM(M81:O81) -> 0
A82: 3120F_8P | C82: 3120F 8P | D82: {=SUM(IF(Period=D$4,IF(Site=$B$77,data!$K$2:$K$1784)))} -> 0 | E82: {=SUM(IF(Period=E$4,IF(Site=$B$77,data!$K$2:$K$1784)))} -> 1 | F82: {=SUM(IF(Period=F$4,IF(Site=$B$77,data!$K$2:$K$1784)))} -> 1 | G82: {=SUM(IF(Period=G$4,IF(Site=$B$77,data!$K$2:$K$1784)))} -> 0 | H82: {=SUM(IF(Period=H$4,IF(Site=$B$77,data!$K$2:$K$1784)))} -> 0 | I82: {=SUM(IF(Period=I$4,IF(Site=$B$77,data!$K$2:$K$1784)))} -> 1 | J82: {=SUM(IF(Period=J$4,IF(Site=$B$77,data!$K$2:$K$1784)))} -> 0 | K82: {=SUM(IF(Period=K$4,IF(Site=$B$77,data!$K$2:$K$1784)))} -> 0 | ... O82: {=SUM(IF(Period=O$4,IF(Site=$B$77,data!$K$2:$K$1784)))} -> 0 | Q82: =SUM(D82:F82) -> 2 | R82: =SUM(G82:I82) -> 1 | S82: =SUM(J82:L82) -> 1 | T82: =SUM(M82:O82) -> 3
A83: 12_Lead_ECG_for_Chest_Pain_Performance_Score | C83: 12 Lead ECG for Chest Pain Performance Score | D83: =IF(D78=0,0,SUM(D79:D81)/D78) -> 1 | E83: =IF(E78=0,0,SUM(E79:E81)/E78) -> 0.99468085 | F83: =IF(F78=0,0,SUM(F79:F81)/F78) -> 0.99530516 | G83: =IF(G78=0,0,SUM(G79:G81)/G78) -> 1 | H83: =IF(H78=0,0,SUM(H79:H81)/H78) -> 1 | I83: =IF(I78=0,0,SUM(I79:I81)/I78) -> 0.99537037 | J83: =IF(J78=0,0,SUM(J79:J81)/J78) -> 1 | K83: =IF(K78=0,0,SUM(K79:K81)/K78) -> 1 | ... O83: =IF(O78=0,0,SUM(O79:O81)/O78) -> 1 | Q83: =IF(Q78=0,0,SUM(Q79:Q81)/Q78) -> 0.9965035 | R83: =IF(R78=0,0,SUM(R79:R81)/R78) -> 0.99841521 | S83: =IF(S78=0,0,SUM(S79:S81)/S78) -> 0.99857143 | T83: =IF(T78=0,0,SUM(T79:T81)/T78) -> 0.99474606
A84: BP_Screening_Cases | C84: BP Screening Cases | D84: {=SUM(IF(Period=D$4,IF(Site=$B$77,data!$M$2:$M$1784)))} -> 2181 | E84: {=SUM(IF(Period=E$4,IF(Site=$B$77,data!$M$2:$M$1784)))} -> 3124 | F84: {=SUM(IF(Period=F$4,IF(Site=$B$77,data!$M$2:$M$1784)))} -> 3129 | G84: {=SUM(IF(Period=G$4,IF(Site=$B$77,data!$M$2:$M$1784)))} -> 3192 | H84: {=SUM(IF(Period=H$4,IF(Site=$B$77,data!$M$2:$M$1784)))} -> 3473 | I84: {=SUM(IF(Period=I$4,IF(Site=$B$77,data!$M$2:$M$1784)))} -> 3014 | J84: {=SUM(IF(Period=J$4,IF(Site=$B$77,data!$M$2:$M$1784)))} -> 3259 | K84: {=SUM(IF(Period=K$4,IF(Site=$B$77,data!$M$2:$M$1784)))} -> 3317 | ... O84: {=SUM(IF(Period=O$4,IF(Site=$B$77,data!$M$2:$M$1784)))} -> 2234 | Q84: =SUM(D84:F84) -> 8434 | R84: =SUM(G84:I84) -> 9679 | S84: =SUM(J84:L84) -> 9792 | T84: =SUM(M84:O84) -> 8588
A85: G8783_Normal_BP_no_followup_needed | C85: G8783 Normal BP no followup needed | D85: {=SUM(IF(Period=D$4,IF(Site=$B$77,data!$N$2:$N$1784)))} -> 366 | E85: {=SUM(IF(Period=E$4,IF(Site=$B$77,data!$N$2:$N$1784)))} -> 384 | F85: {=SUM(IF(Period=F$4,IF(Site=$B$77,data!$N$2:$N$1784)))} -> 324 | G85: {=SUM(IF(Period=G$4,IF(Site=$B$77,data!$N$2:$N$1784)))} -> 392 | H85: {=SUM(IF(Period=H$4,IF(Site=$B$77,data!$N$2:$N$1784)))} -> 447 | I85: {=SUM(IF(Period=I$4,IF(Site=$B$77,data!$N$2:$N$1784)))} -> 397 | J85: {=SUM(IF(Period=J$4,IF(Site=$B$77,data!$N$2:$N$1784)))} -> 353 | K85: {=SUM(IF(Period=K$4,IF(Site=$B$77,data!$N$2:$N$1784)))} -> 371 | ... O85: {=SUM(IF(Period=O$4,IF(Site=$B$77,data!$N$2:$N$1784)))} -> 233 | Q85: =SUM(D85:F85) -> 1074 | R85: =SUM(G85:I85) -> 1236 | S85: =SUM(J85:L85) -> 1054 | T85: =SUM(M85:O85) -> 1040
A86: G8784_Not_eligible--active_HTN_pt refuses_emergent_case | C86: G8784 Not eligible--active HTN pt refuses emergent case | D86: {=SUM(IF(Period=D$4,IF(Site=$B$77,data!$O$2:$O$1784)))} -> 112 | E86: {=SUM(IF(Period=E$4,IF(Site=$B$77,data!$O$2:$O$1784)))} -> 0 | F86: {=SUM(IF(Period=F$4,IF(Site=$B$77,data!$O$2:$O$1784)))} -> 0 | G86: {=SUM(IF(Period=G$4,IF(Site=$B$77,data!$O$2:$O$1784)))} -> 0 | H86: {=SUM(IF(Period=H$4,IF(Site=$B$77,data!$O$2:$O$1784)))} -> 0 | I86: {=SUM(IF(Period=I$4,IF(Site=$B$77,data!$O$2:$O$1784)))} -> 0 | J86: {=SUM(IF(Period=J$4,IF(Site=$B$77,data!$O$2:$O$1784)))} -> 0 | K86: {=SUM(IF(Period=K$4,IF(Site=$B$77,data!$O$2:$O$1784)))} -> 0 | ... O86: {=SUM(IF(Period=O$4,IF(Site=$B$77,data!$O$2:$O$1784)))} -> 0 | Q86: =SUM(D86:F86) -> 112 | R86: =SUM(G86:I86) -> 0 | S86: =SUM(J86:L86) -> 0 | T86: =SUM(M86:O86) -> 0
A87: G8785_BP_not_documented | C87: G8785 BP not documented | D87: {=SUM(IF(Period=D$4,IF(Site=$B$77,data!$P$2:$P$1784)))} -> 12 | E87: {=SUM(IF(Period=E$4,IF(Site=$B$77,data!$P$2:$P$1784)))} -> 2 | F87: {=SUM(IF(Period=F$4,IF(Site=$B$77,data!$P$2:$P$1784)))} -> 6 | G87: {=SUM(IF(Period=G$4,IF(Site=$B$77,data!$P$2:$P$1784)))} -> 6 | H87: {=SUM(IF(Period=H$4,IF(Site=$B$77,data!$P$2:$P$1784)))} -> 10 | I87: {=SUM(IF(Period=I$4,IF(Site=$B$77,data!$P$2:$P$1784)))} -> 4 | J87: {=SUM(IF(Period=J$4,IF(Site=$B$77,data!$P$2:$P$1784)))} -> 6 | K87: {=SUM(IF(Period=K$4,IF(Site=$B$77,data!$P$2:$P$1784)))} -> 4 | ... O87: {=SUM(IF(Period=O$4,IF(Site=$B$77,data!$P$2:$P$1784)))} -> 8 | Q87: =SUM(D87:F87) -> 20 | R87: =SUM(G87:I87) -> 20 | S87: =SUM(J87:L87) -> 13 | T87: =SUM(M87:O87) -> 23
A88: G8950_elevated_BP_with_followup | C88: G8950 elevated BP with followup | D88: {=SUM(IF(Period=D$4,IF(Site=$B$77,data!$Q$2:$Q$1784)))} -> 1652 | E88: {=SUM(IF(Period=E$4,IF(Site=$B$77,data!$Q$2:$Q$1784)))} -> 1555 | F88: {=SUM(IF(Period=F$4,IF(Site=$B$77,data!$Q$2:$Q$1784)))} -> 1486 | G88: {=SUM(IF(Period=G$4,IF(Site=$B$77,data!$Q$2:$Q$1784)))} -> 1546 | H88: {=SUM(IF(Period=H$4,IF(Site=$B$77,data!$Q$2:$Q$1784)))} -> 1694 | I88: {=SUM(IF(Period=I$4,IF(Site=$B$77,data!$Q$2:$Q$1784)))} -> 1563 | J88: {=SUM(IF(Period=J$4,IF(Site=$B$77,data!$Q$2:$Q$1784)))} -> 1680 | K88: {=SUM(IF(Period=K$4,IF(Site=$B$77,data!$Q$2:$Q$1784)))} -> 1712 | ... O88: {=SUM(IF(Period=O$4,IF(Site=$B$77,data!$Q$2:$Q$1784)))} -> 1120 | Q88: =SUM(D88:F88) -> 4693 | R88: =SUM(G88:I88) -> 4803 | S88: =SUM(J88:L88) -> 5039 | T88: =SUM(M88:O88) -> 4313
A89: G8952_elevated_BP_no_followup | C89: G8952 elevated BP no followup | D89: {=SUM(IF(Period=D$4,IF(Site=$B$77,data!$R$2:$R$1784)))} -> 39 | E89: {=SUM(IF(Period=E$4,IF(Site=$B$77,data!$R$2:$R$1784)))} -> 12 | F89: {=SUM(IF(Period=F$4,IF(Site=$B$77,data!$R$2:$R$1784)))} -> 6 | G89: {=SUM(IF(Period=G$4,IF(Site=$B$77,data!$R$2:$R$1784)))} -> 9 | H89: {=SUM(IF(Period=H$4,IF(Site=$B$77,data!$R$2:$R$1784)))} -> 4 | I89: {=SUM(IF(Period=I$4,IF(Site=$B$77,data!$R$2:$R$1784)))} -> 6 | J89: {=SUM(IF(Period=J$4,IF(Site=$B$77,data!$R$2:$R$1784)))} -> 9 | K89: {=SUM(IF(Period=K$4,IF(Site=$B$77,data!$R$2:$R$1784)))} -> 9 | ... O89: {=SUM(IF(Period=O$4,IF(Site=$B$77,data!$R$2:$R$1784)))} -> 11 | Q89: =SUM(D89:F89) -> 57 | R89: =SUM(G89:I89) -> 19 | S89: =SUM(J89:L89) -> 23 | T89: =SUM(M89:O89) -> 21
A90: G9744_Not_eligible--active_HTN_Pt refuses_emergent_case | C90: G9744 Not eligible--active HTN Pt refuses emergent case | D90: {=SUM(IF(Period=D$4,IF(Site=$B$77,data!$S$2:$S$1784)))} -> 0 | E90: {=SUM(IF(Period=E$4,IF(Site=$B$77,data!$S$2:$S$1784)))} -> 1113 | F90: {=SUM(IF(Period=F$4,IF(Site=$B$77,data!$S$2:$S$1784)))} -> 1268 | G90: {=SUM(IF(Period=G$4,IF(Site=$B$77,data!$S$2:$S$1784)))} -> 1192 | H90: {=SUM(IF(Period=H$4,IF(Site=$B$77,data!$S$2:$S$1784)))} -> 1282 | I90: {=SUM(IF(Period=I$4,IF(Site=$B$77,data!$S$2:$S$1784)))} -> 1038 | J90: {=SUM(IF(Period=J$4,IF(Site=$B$77,data!$S$2:$S$1784)))} -> 1204 | K90: {=SUM(IF(Period=K$4,IF(Site=$B$77,data!$S$2:$S$1784)))} -> 1212 | ... O90: {=SUM(IF(Period=O$4,IF(Site=$B$77,data!$S$2:$S$1784)))} -> 850 | Q90: =SUM(D90:F90) -> 2381 | R90: =SUM(G90:I90) -> 3512 | S90: =SUM(J90:L90) -> 3636 | T90: =SUM(M90:O90) -> 3138
A91: G9745_Reason_given_for_no_screening_or_recommending_followup | C91: G9745 Reason given for no screening or recommending followup | D91: {=SUM(IF(Period=D$4,IF(Site=$B$77,data!$T$2:$T$1784)))} -> 0 | E91: {=SUM(IF(Period=E$4,IF(Site=$B$77,data!$T$2:$T$1784)))} -> 58 | F91: {=SUM(IF(Period=F$4,IF(Site=$B$77,data!$T$2:$T$1784)))} -> 39 | G91: {=SUM(IF(Period=G$4,IF(Site=$B$77,data!$T$2:$T$1784)))} -> 47 | H91: {=SUM(IF(Period=H$4,IF(Site=$B$77,data!$T$2:$T$1784)))} -> 36 | I91: {=SUM(IF(Period=I$4,IF(Site=$B$77,data!$T$2:$T$1784)))} -> 6 | J91: {=SUM(IF(Period=J$4,IF(Site=$B$77,data!$T$2:$T$1784)))} -> 7 | K91: {=SUM(IF(Period=K$4,IF(Site=$B$77,data!$T$2:$T$1784)))} -> 9 | ... O91: {=SUM(IF(Period=O$4,IF(Site=$B$77,data!$T$2:$T$1784)))} -> 12 | Q91: =SUM(D91:F91) -> 97 | R91: =SUM(G91:I91) -> 89 | S91: =SUM(J91:L91) -> 27 | T91: =SUM(M91:O91) -> 53
A92: BP_Screening_Performance_Score | C92: BP Screening Performance Score | D92: =IF(D84=0,0,(D85+D86+D88)/D84) -> 0.97661623 | E92: =IF(E84=0,0,(E85+E86+E88+E90+E91)/E84) -> 0.99551857 | F92: =IF(F84=0,0,(F85+F86+F88+F90+F91)/F84) -> 0.99616491 | G92: =IF(G84=0,0,(G85+G86+G88+G90+G91)/G84) -> 0.99530075 | H92: =IF(H84=0,0,(H85+H86+H88+H90+H91)/H84) -> 0.9959689 | I92: =IF(I84=0,0,(I85+I86+I88+I90+I91)/I84) -> 0.99668215 | J92: =IF(J84=0,0,(J85+J86+J88+J90+J91)/J84) -> 0.99539736 | K92: =IF(K84=0,0,(K85+K86+K88+K90+K91)/K84) -> 0.9960808 | L92: =IF(L84=0,0,(L85+L86+L88+L90+L91)/L84) -> 0.99751244 | ... O92: =IF(O84=0,0,(O85+O86+O88+O90+O91)/O84) -> 0.99149508 | Q92: =IF(Q84=0,0,(Q85+Q86+Q88+Q90+Q91)/Q84) -> 0.99087029 | R92: =IF(R84=0,0,(R85+R86+R88+R90+R91)/R84) -> 0.99597066 | S92: =IF(S84=0,0,(S85+S86+S88+S90+S91)/S84) -> 0.99632353 | T92: =IF(T84=0,0,(T85+T86+T88+T90+T91)/T84) -> 0.99487657
A93: Overall_Score | C93: Overall Score | D93: =IF(AND(D78=0,D84=0),0,(SUM(D79:D81)+D85+D86+D88+D90+D91)/(D78+D84)) -> 0.97831633 | E93: =IF(AND(E78=0,E84=0),0,(SUM(E79:E81)+E85+E86+E88+E90+E91)/(E78+E84)) -> 0.99547101 | F93: =IF(AND(F78=0,F84=0),0,(SUM(F79:F81)+F85+F86+F88+F90+F91)/(F78+F84)) -> 0.99611011 | G93: =IF(AND(G78=0,G84=0),0,(SUM(G79:G81)+G85+G86+G88+G90+G91)/(G78+G84)) -> 0.9955516 | H93: =IF(AND(H78=0,H84=0),0,(SUM(H79:H81)+H85+H86+H88+H90+H91)/(H78+H84)) -> 0.99622438 | I93: =IF(AND(I78=0,I84=0),0,(SUM(I79:I81)+I85+I86+I88+I90+I91)/(I78+I84)) -> 0.99659443 | J93: =IF(AND(J78=0,J84=0),0,(SUM(J79:J81)+J85+J86+J88+J90+J91)/(J78+J84)) -> 0.99571429 | K93: =IF(AND(K78=0,K84=0),0,(SUM(K79:K81)+K85+K86+K88+K90+K91)/(K78+K84)) -> 0.99633286 | ... O93: =IF(AND(O78=0,O84=0),0,(SUM(O79:O81)+O85+O86+O88+O90+O91)/(O78+O84)) -> 0.99200673 | Q93: =IF(AND(Q78=0,Q84=0),0,(SUM(Q79:Q81)+Q85+Q86+Q88+Q90+Q91)/(Q78+Q84)) -> 0.99122807 | R93: =IF(AND(R78=0,R84=0),0,(SUM(R79:R81)+R85+R86+R88+R90+R91)/(R78+R84)) -> 0.99612027 | S93: =IF(AND(S78=0,S84=0),0,(SUM(S79:S81)+S85+S86+S88+S90+S91)/(S78+S84)) -> 0.9964735 | T93: =IF(AND(T78=0,T84=0),0,(SUM(T79:T81)+T85+T86+T88+T90+T91)/(T78+T84)) -> 0.99486844
B95: San Ramon
A96: 12_Lead_ECG_for_Chest_Pain_Cases | C96: 12 Lead ECG for Chest Pain Cases | D96: {=SUM(IF(Period=D$4,IF(Site=$B$93,data!$G$2:$G$1784)))} -> 0 | E96: {=SUM(IF(Period=E$4,IF(Site=$B$93,data!$G$2:$G$1784)))} -> 0 | F96: {=SUM(IF(Period=F$4,IF(Site=$B$93,data!$G$2:$G$1784)))} -> 0 | G96: {=SUM(IF(Period=G$4,IF(Site=$B$93,data!$G$2:$G$1784)))} -> 0 | H96: {=SUM(IF(Period=H$4,IF(Site=$B$93,data!$G$2:$G$1784)))} -> 0 | I96: {=SUM(IF(Period=I$4,IF(Site=$B$93,data!$G$2:$G$1784)))} -> 0 | J96: {=SUM(IF(Period=J$4,IF(Site=$B$93,data!$G$2:$G$1784)))} -> 0 | K96: {=SUM(IF(Period=K$4,IF(Site=$B$93,data!$G$2:$G$1784)))} -> 0 | ... O96: {=SUM(IF(Period=O$4,IF(Site=$B$93,data!$G$2:$G$1784)))} -> 0 | Q96: {=SUM(IF(Period=Q$4,IF(Site=$B$95,data!$G$2:$G$1784)))} -> 224 | R96: {=SUM(IF(Period=R$4,IF(Site=$B$95,data!$G$2:$G$1784)))} -> 187 | S96: {=SUM(IF(Period=S$4,IF(Site=$B$95,data!$G$2:$G$1784)))} -> 217 | T96: {=SUM(IF(Period=T$4,IF(Site=$B$95,data!$G$2:$G$1803)))} -> 179
A97: 3120F | C97: 3120F | D97: {=SUM(IF(Period=D$4,IF(Site=$B$93,data!$H$2:$H$1784)))} -> 0 | E97: {=SUM(IF(Period=E$4,IF(Site=$B$93,data!$H$2:$H$1784)))} -> 0 | F97: {=SUM(IF(Period=F$4,IF(Site=$B$93,data!$H$2:$H$1784)))} -> 0 | G97: {=SUM(IF(Period=G$4,IF(Site=$B$93,data!$H$2:$H$1784)))} -> 0 | H97: {=SUM(IF(Period=H$4,IF(Site=$B$93,data!$H$2:$H$1784)))} -> 0 | I97: {=SUM(IF(Period=I$4,IF(Site=$B$93,data!$H$2:$H$1784)))} -> 0 | J97: {=SUM(IF(Period=J$4,IF(Site=$B$93,data!$H$2:$H$1784)))} -> 0 | K97: {=SUM(IF(Period=K$4,IF(Site=$B$93,data!$H$2:$H$1784)))} -> 0 | ... O97: {=SUM(IF(Period=O$4,IF(Site=$B$93,data!$H$2:$H$1784)))} -> 0 | Q97: {=SUM(IF(Period=Q$4,IF(Site=$B$95,data!$H$2:$H$1784)))} -> 224 | R97: {=SUM(IF(Period=R$4,IF(Site=$B$95,data!$H$2:$H$1784)))} -> 187 | S97: {=SUM(IF(Period=S$4,IF(Site=$B$95,data!$H$2:$H$1784)))} -> 217 | T97: {=SUM(IF(Period=T$4,IF(Site=$B$95,data!$H$2:$H$1803)))} -> 179
A98: 3120F_1P | C98: 3120F 1P | D98: {=SUM(IF(Period=D$4,IF(Site=$B$93,data!$I$2:$I$1784)))} -> 0 | E98: {=SUM(IF(Period=E$4,IF(Site=$B$93,data!$I$2:$I$1784)))} -> 0 | F98: {=SUM(IF(Period=F$4,IF(Site=$B$93,data!$I$2:$I$1784)))} -> 0 | G98: {=SUM(IF(Period=G$4,IF(Site=$B$93,data!$I$2:$I$1784)))} -> 0 | H98: {=SUM(IF(Period=H$4,IF(Site=$B$93,data!$I$2:$I$1784)))} -> 0 | I98: {=SUM(IF(Period=I$4,IF(Site=$B$93,data!$I$2:$I$1784)))} -> 0 | J98: {=SUM(IF(Period=J$4,IF(Site=$B$93,data!$I$2:$I$1784)))} -> 0 | K98: {=SUM(IF(Period=K$4,IF(Site=$B$93,data!$I$2:$I$1784)))} -> 0 | ... O98: {=SUM(IF(Period=O$4,IF(Site=$B$93,data!$I$2:$I$1784)))} -> 0 | Q98: {=SUM(IF(Period=Q$4,IF(Site=$B$95,data!$I$2:$I$1784)))} -> 0 | R98: {=SUM(IF(Period=R$4,IF(Site=$B$95,data!$I$2:$I$1784)))} -> 0 | S98: {=SUM(IF(Period=S$4,IF(Site=$B$95,data!$I$2:$I$1784)))} -> 0 | T98: {=SUM(IF(Period=T$4,IF(Site=$B$95,data!$I$2:$I$1803)))} -> 0
A99: 3120F_2P | C99: 3120F 2P | D99: {=SUM(IF(Period=D$4,IF(Site=$B$93,data!$J$2:$J$1784)))} -> 0 | E99: {=SUM(IF(Period=E$4,IF(Site=$B$93,data!$J$2:$J$1784)))} -> 0 | F99: {=SUM(IF(Period=F$4,IF(Site=$B$93,data!$J$2:$J$1784)))} -> 0 | G99: {=SUM(IF(Period=G$4,IF(Site=$B$93,data!$J$2:$J$1784)))} -> 0 | H99: {=SUM(IF(Period=H$4,IF(Site=$B$93,data!$J$2:$J$1784)))} -> 0 | I99: {=SUM(IF(Period=I$4,IF(Site=$B$93,data!$J$2:$J$1784)))} -> 0 | J99: {=SUM(IF(Period=J$4,IF(Site=$B$93,data!$J$2:$J$1784)))} -> 0 | K99: {=SUM(IF(Period=K$4,IF(Site=$B$93,data!$J$2:$J$1784)))} -> 0 | ... O99: {=SUM(IF(Period=O$4,IF(Site=$B$93,data!$J$2:$J$1784)))} -> 0 | Q99: {=SUM(IF(Period=Q$4,IF(Site=$B$95,data!$J$2:$J$1784)))} -> 0 | R99: {=SUM(IF(Period=R$4,IF(Site=$B$95,data!$J$2:$J$1784)))} -> 0 | S99: {=SUM(IF(Period=S$4,IF(Site=$B$95,data!$J$2:$J$1784)))} -> 0 | T99: {=SUM(IF(Period=T$4,IF(Site=$B$95,data!$J$2:$J$1803)))} -> 0
A100: 3120F_8P | C100: 3120F 8P | D100: {=SUM(IF(Period=D$4,IF(Site=$B$93,data!$K$2:$K$1784)))} -> 0 | E100: {=SUM(IF(Period=E$4,IF(Site=$B$93,data!$K$2:$K$1784)))} -> 0 | F100: {=SUM(IF(Period=F$4,IF(Site=$B$93,data!$K$2:$K$1784)))} -> 0 | G100: {=SUM(IF(Period=G$4,IF(Site=$B$93,data!$K$2:$K$1784)))} -> 0 | H100: {=SUM(IF(Period=H$4,IF(Site=$B$93,data!$K$2:$K$1784)))} -> 0 | I100: {=SUM(IF(Period=I$4,IF(Site=$B$93,data!$K$2:$K$1784)))} -> 0 | J100: {=SUM(IF(Period=J$4,IF(Site=$B$93,data!$K$2:$K$1784)))} -> 0 | K100: {=SUM(IF(Period=K$4,IF(Site=$B$93,data!$K$2:$K$1784)))} -> 0 | ... O100: {=SUM(IF(Period=O$4,IF(Site=$B$93,data!$K$2:$K$1784)))} -> 0 | Q100: {=SUM(IF(Period=Q$4,IF(Site=$B$95,data!$K$2:$K$1784)))} -> 0 | R100: {=SUM(IF(Period=R$4,IF(Site=$B$95,data!$K$2:$K$1784)))} -> 0 | S100: {=SUM(IF(Period=S$4,IF(Site=$B$95,data!$K$2:$K$1784)))} -> 0 | T100: {=SUM(IF(Period=T$4,IF(Site=$B$95,data!$K$2:$K$1803)))} -> 0
A101: 12_Lead_ECG_for_Chest_Pain_Performance_Score | C101: 12 Lead ECG for Chest Pain Performance Score | D101: =IF(D96=0,0,SUM(D97:D99)/D96) -> 0 | E101: =IF(E96=0,0,SUM(E97:E99)/E96) -> 0 | F101: =IF(F96=0,0,SUM(F97:F99)/F96) -> 0 | G101: =IF(G96=0,0,SUM(G97:G99)/G96) -> 0 | H101: =IF(H96=0,0,SUM(H97:H99)/H96) -> 0 | I101: =IF(I96=0,0,SUM(I97:I99)/I96) -> 0 | J101: =IF(J96=0,0,SUM(J97:J99)/J96) -> 0 | K101: =IF(K96=0,0,SUM(K97:K99)/K96) -> 0 | ... O101: =IF(O96=0,0,SUM(O97:O99)/O96) -> 0 | Q101: =IF(Q96=0,0,SUM(Q97:Q99)/Q96) -> 1 | R101: =IF(R96=0,0,SUM(R97:R99)/R96) -> 1 | S101: =IF(S96=0,0,SUM(S97:S99)/S96) -> 1 | T101: =IF(T96=0,0,SUM(T97:T99)/T96) -> 1
A102: BP_Screening_Cases | C102: BP Screening Cases | D102: {=SUM(IF(Period=D$4,IF(Site=$B$93,data!$M$2:$M$1784)))} -> 0 | E102: {=SUM(IF(Period=E$4,IF(Site=$B$93,data!$M$2:$M$1784)))} -> 0 | F102: {=SUM(IF(Period=F$4,IF(Site=$B$93,data!$M$2:$M$1784)))} -> 0 | G102: {=SUM(IF(Period=G$4,IF(Site=$B$93,data!$M$2:$M$1784)))} -> 0 | H102: {=SUM(IF(Period=H$4,IF(Site=$B$93,data!$M$2:$M$1784)))} -> 0 | I102: {=SUM(IF(Period=I$4,IF(Site=$B$93,data!$M$2:$M$1784)))} -> 0 | J102: {=SUM(IF(Period=J$4,IF(Site=$B$93,data!$M$2:$M$1784)))} -> 0 | K102: {=SUM(IF(Period=K$4,IF(Site=$B$93,data!$M$2:$M$1784)))} -> 0 | ... O102: {=SUM(IF(Period=O$4,IF(Site=$B$93,data!$M$2:$M$1784)))} -> 0 | Q102: {=SUM(IF(Period=Q$4,IF(Site=$B$95,data!$M$2:$M$1784)))} -> 3723 | R102: {=SUM(IF(Period=R$4,IF(Site=$B$95,data!$M$2:$M$1784)))} -> 3515 | S102: {=SUM(IF(Period=S$4,IF(Site=$B$95,data!$M$2:$M$1784)))} -> 3688 | T102: {=SUM(IF(Period=T$4,IF(Site=$B$95,data!$M$2:$M$1803)))} -> 3218
A103: G8783_Normal_BP_no_followup_needed | C103: G8783 Normal BP no followup needed | D103: {=SUM(IF(Period=D$4,IF(Site=$B$93,data!$N$2:$N$1784)))} -> 0 | E103: {=SUM(IF(Period=E$4,IF(Site=$B$93,data!$N$2:$N$1784)))} -> 0 | F103: {=SUM(IF(Period=F$4,IF(Site=$B$93,data!$N$2:$N$1784)))} -> 0 | G103: {=SUM(IF(Period=G$4,IF(Site=$B$93,data!$N$2:$N$1784)))} -> 0 | H103: {=SUM(IF(Period=H$4,IF(Site=$B$93,data!$N$2:$N$1784)))} -> 0 | I103: {=SUM(IF(Period=I$4,IF(Site=$B$93,data!$N$2:$N$1784)))} -> 0 | J103: {=SUM(IF(Period=J$4,IF(Site=$B$93,data!$N$2:$N$1784)))} -> 0 | K103: {=SUM(IF(Period=K$4,IF(Site=$B$93,data!$N$2:$N$1784)))} -> 0 | ... O103: {=SUM(IF(Period=O$4,IF(Site=$B$93,data!$N$2:$N$1784)))} -> 0 | Q103: {=SUM(IF(Period=Q$4,IF(Site=$B$95,data!$N$2:$N$1784)))} -> 489 | R103: {=SUM(IF(Period=R$4,IF(Site=$B$95,data!$N$2:$N$1784)))} -> 412 | S103: {=SUM(IF(Period=S$4,IF(Site=$B$95,data!$N$2:$N$1784)))} -> 474 | T103: {=SUM(IF(Period=T$4,IF(Site=$B$95,data!$N$2:$N$1803)))} -> 426
A104: G8784_Not_eligible--active_HTN_pt refuses_emergent_case | C104: G8784 Not eligible--active HTN pt refuses emergent case | D104: {=SUM(IF(Period=D$4,IF(Site=$B$93,data!$O$2:$O$1784)))} -> 0 | E104: {=SUM(IF(Period=E$4,IF(Site=$B$93,data!$O$2:$O$1784)))} -> 0 | F104: {=SUM(IF(Period=F$4,IF(Site=$B$93,data!$O$2:$O$1784)))} -> 0 | G104: {=SUM(IF(Period=G$4,IF(Site=$B$93,data!$O$2:$O$1784)))} -> 0 | H104: {=SUM(IF(Period=H$4,IF(Site=$B$93,data!$O$2:$O$1784)))} -> 0 | I104: {=SUM(IF(Period=I$4,IF(Site=$B$93,data!$O$2:$O$1784)))} -> 0 | J104: {=SUM(IF(Period=J$4,IF(Site=$B$93,data!$O$2:$O$1784)))} -> 0 | K104: {=SUM(IF(Period=K$4,IF(Site=$B$93,data!$O$2:$O$1784)))} -> 0 | ... O104: {=SUM(IF(Period=O$4,IF(Site=$B$93,data!$O$2:$O$1784)))} -> 0 | Q104: {=SUM(IF(Period=Q$4,IF(Site=$B$95,data!$O$2:$O$1784)))} -> 0 | R104: {=SUM(IF(Period=R$4,IF(Site=$B$95,data!$O$2:$O$1784)))} -> 0 | S104: {=SUM(IF(Period=S$4,IF(Site=$B$95,data!$O$2:$O$1784)))} -> 0 | T104: {=SUM(IF(Period=T$4,IF(Site=$B$95,data!$O$2:$O$1803)))} -> 0
A105: G8785_BP_not_documented | C105: G8785 BP not documented | D105: {=SUM(IF(Period=D$4,IF(Site=$B$93,data!$P$2:$P$1784)))} -> 0 | E105: {=SUM(IF(Period=E$4,IF(Site=$B$93,data!$P$2:$P$1784)))} -> 0 | F105: {=SUM(IF(Period=F$4,IF(Site=$B$93,data!$P$2:$P$1784)))} -> 0 | G105: {=SUM(IF(Period=G$4,IF(Site=$B$93,data!$P$2:$P$1784)))} -> 0 | H105: {=SUM(IF(Period=H$4,IF(Site=$B$93,data!$P$2:$P$1784)))} -> 0 | I105: {=SUM(IF(Period=I$4,IF(Site=$B$93,data!$P$2:$P$1784)))} -> 0 | J105: {=SUM(IF(Period=J$4,IF(Site=$B$93,data!$P$2:$P$1784)))} -> 0 | K105: {=SUM(IF(Period=K$4,IF(Site=$B$93,data!$P$2:$P$1784)))} -> 0 | ... O105: {=SUM(IF(Period=O$4,IF(Site=$B$93,data!$P$2:$P$1784)))} -> 0 | Q105: {=SUM(IF(Period=Q$4,IF(Site=$B$95,data!$P$2:$P$1784)))} -> 5 | R105: {=SUM(IF(Period=R$4,IF(Site=$B$95,data!$P$2:$P$1784)))} -> 7 | S105: {=SUM(IF(Period=S$4,IF(Site=$B$95,data!$P$2:$P$1784)))} -> 3 | T105: {=SUM(IF(Period=T$4,IF(Site=$B$95,data!$P$2:$P$1803)))} -> 5
A106: G8950_elevated_BP_with_followup | C106: G8950 elevated BP with followup | D106: {=SUM(IF(Period=D$4,IF(Site=$B$93,data!$Q$2:$Q$1784)))} -> 0 | E106: {=SUM(IF(Period=E$4,IF(Site=$B$93,data!$Q$2:$Q$1784)))} -> 0 | F106: {=SUM(IF(Period=F$4,IF(Site=$B$93,data!$Q$2:$Q$1784)))} -> 0 | G106: {=SUM(IF(Period=G$4,IF(Site=$B$93,data!$Q$2:$Q$1784)))} -> 0 | H106: {=SUM(IF(Period=H$4,IF(Site=$B$93,data!$Q$2:$Q$1784)))} -> 0 | I106: {=SUM(IF(Period=I$4,IF(Site=$B$93,data!$Q$2:$Q$1784)))} -> 0 | J106: {=SUM(IF(Period=J$4,IF(Site=$B$93,data!$Q$2:$Q$1784)))} -> 0 | K106: {=SUM(IF(Period=K$4,IF(Site=$B$93,data!$Q$2:$Q$1784)))} -> 0 | ... O106: {=SUM(IF(Period=O$4,IF(Site=$B$93,data!$Q$2:$Q$1784)))} -> 0 | Q106: {=SUM(IF(Period=Q$4,IF(Site=$B$95,data!$Q$2:$Q$1784)))} -> 2082 | R106: {=SUM(IF(Period=R$4,IF(Site=$B$95,data!$Q$2:$Q$1784)))} -> 2021 | S106: {=SUM(IF(Period=S$4,IF(Site=$B$95,data!$Q$2:$Q$1784)))} -> 2170 | T106: {=SUM(IF(Period=T$4,IF(Site=$B$95,data!$Q$2:$Q$1803)))} -> 1861
A107: G8952_elevated_BP_no_followup | C107: G8952 elevated BP no followup | D107: {=SUM(IF(Period=D$4,IF(Site=$B$93,data!$R$2:$R$1784)))} -> 0 | E107: {=SUM(IF(Period=E$4,IF(Site=$B$93,data!$R$2:$R$1784)))} -> 0 | F107: {=SUM(IF(Period=F$4,IF(Site=$B$93,data!$R$2:$R$1784)))} -> 0 | G107: {=SUM(IF(Period=G$4,IF(Site=$B$93,data!$R$2:$R$1784)))} -> 0 | H107: {=SUM(IF(Period=H$4,IF(Site=$B$93,data!$R$2:$R$1784)))} -> 0 | I107: {=SUM(IF(Period=I$4,IF(Site=$B$93,data!$R$2:$R$1784)))} -> 0 | J107: {=SUM(IF(Period=J$4,IF(Site=$B$93,data!$R$2:$R$1784)))} -> 0 | K107: {=SUM(IF(Period=K$4,IF(Site=$B$93,data!$R$2:$R$1784)))} -> 0 | ... O107: {=SUM(IF(Period=O$4,IF(Site=$B$93,data!$R$2:$R$1784)))} -> 0 | Q107: {=SUM(IF(Period=Q$4,IF(Site=$B$95,data!$R$2:$R$1784)))} -> 17 | R107: {=SUM(IF(Period=R$4,IF(Site=$B$95,data!$R$2:$R$1784)))} -> 18 | S107: {=SUM(IF(Period=S$4,IF(Site=$B$95,data!$R$2:$R$1784)))} -> 4 | T107: {=SUM(IF(Period=T$4,IF(Site=$B$95,data!$R$2:$R$1803)))} -> 3
...

Sheet data_transformed
A1: Site | B1: Period | C1: Metric | D1: Measure
A2: Baptist | B2: Jan | C2: 12 Lead ECG for Chest Pain Cases | D2: ='Summary by Site'!$D$6 -> 141
A3: Baptist | B3: Jan | C3: 3120F | D3: ='Summary by Site'!$D$7 -> 141
A4: Baptist | B4: Jan | C4: 3120F 1P | D4: ='Summary by Site'!$D$8 -> 0
A5: Baptist | B5: Jan | C5: 3120F 2P | D5: ='Summary by Site'!$D$9 -> 0
A6: Baptist | B6: Jan | C6: 3120F 8P | D6: ='Summary by Site'!$D$10 -> 0
A7: Baptist | B7: Jan | C7: 12 Lead ECG for Chest Pain Performance Score | D7: ='Summary by Site'!$D$11 -> 1
A8: Baptist | B8: Jan | C8: BP Screening Cases | D8: ='Summary by Site'!$D$12 -> 2830
A9: Baptist | B9: Jan | C9: G8783 Normal BP no followup needed | D9: ='Summary by Site'!$D$13 -> 781
A10: Baptist | B10: Jan | C10: G8784 Not eligible--active HTN pt refuses emergent case | D10: ='Summary by Site'!$D$14 -> 140
A11: Baptist | B11: Jan | C11: G8785 BP not documented | D11: ='Summary by Site'!$D$15 -> 1
A12: Baptist | B12: Jan | C12: G8950 elevated BP with followup | D12: ='Summary by Site'!$D$16 -> 1900
A13: Baptist | B13: Jan | C13: G8952 elevated BP no followup | D13: ='Summary by Site'!$D$17 -> 9
A14: Baptist | B14: Jan | C14: G9744 Not eligible--active HTN Pt refuses emergent case | D14: ='Summary by Site'!$D$18 -> 0
A15: Baptist | B15: Jan | C15: G9745 Reason given for no screening or recommending followup | D15: ='Summary by Site'!$D$19 -> 0
A16: Baptist | B16: Jan | C16: BP Screening Performance Score | D16: ='Summary by Site'!$D$20 -> 0.99681979
A17: Baptist | B17: Jan | C17: Overall Score | D17: ='Summary by Site'!$D$21 -> 0.99697072
A18: Baptist | B18: Feb | C18: 12 Lead ECG for Chest Pain Cases | D18: ='Summary by Site'!$E$6 -> 297
A19: Baptist | B19: Feb | C19: 3120F | D19: ='Summary by Site'!$E$7 -> 297
A20: Baptist | B20: Feb | C20: 3120F 1P | D20: ='Summary by Site'!$E$8 -> 0
A21: Baptist | B21: Feb | C21: 3120F 2P | D21: ='Summary by Site'!$E$9 -> 0
A22: Baptist | B22: Feb | C22: 3120F 8P | D22: ='Summary by Site'!$E$10 -> 0
A23: Baptist | B23: Feb | C23: 12 Lead ECG for Chest Pain Performance Score | D23: ='Summary by Site'!$E$11 -> 1
A24: Baptist | B24: Feb | C24: BP Screening Cases | D24: ='Summary by Site'!$E$12 -> 5233
A25: Baptist | B25: Feb | C25: G8783 Normal BP no followup needed | D25: ='Summary by Site'!$E$13 -> 1041
A26: Baptist | B26: Feb | C26: G8784 Not eligible--active HTN pt refuses emergent case | D26: ='Summary by Site'!$E$14 -> 0
A27: Baptist | B27: Feb | C27: G8785 BP not documented | D27: ='Summary by Site'!$E$15 -> 0
A28: Baptist | B28: Feb | C28: G8950 elevated BP with followup | D28: ='Summary by Site'!$E$16 -> 2383
A29: Baptist | B29: Feb | C29: G8952 elevated BP no followup | D29: ='Summary by Site'!$E$17 -> 4
A30: Baptist | B30: Feb | C30: G9744 Not eligible--active HTN Pt refuses emergent case | D30: ='Summary by Site'!$E$18 -> 1792
A31: Baptist | B31: Feb | C31: G9745 Reason given for no screening or recommending followup | D31: ='Summary by Site'!$E$19 -> 13
A32: Baptist | B32: Feb | C32: BP Screening Performance Score | D32: ='Summary by Site'!$E$20 -> 0.99923562
A33: Baptist | B33: Feb | C33: Overall Score | D33: ='Summary by Site'!$E$21 -> 0.99927667
A34: Baptist | B34: Mar | C34: 12 Lead ECG for Chest Pain Cases | D34: ='Summary by Site'!$F$6 -> 395
A35: Baptist | B35: Mar | C35: 3120F | D35: ='Summary by Site'!$F$7 -> 395
A36: Baptist | B36: Mar | C36: 3120F 1P | D36: ='Summary by Site'!$F$8 -> 0
A37: Baptist | B37: Mar | C37: 3120F 2P | D37: ='Summary by Site'!$F$9 -> 0
A38: Baptist | B38: Mar | C38: 3120F 8P | D38: ='Summary by Site'!$F$10 -> 0
A39: Baptist | B39: Mar | C39: 12 Lead ECG for Chest Pain Performance Score | D39: ='Summary by Site'!$F$11 -> 1
A40: Baptist | B40: Mar | C40: BP Screening Cases | D40: ='Summary by Site'!$F$12 -> 6524
A41: Baptist | B41: Mar | C41: G8783 Normal BP no followup needed | D41: ='Summary by Site'!$F$13 -> 1186
A42: Baptist | B42: Mar | C42: G8784 Not eligible--active HTN pt refuses emergent case | D42: ='Summary by Site'!$F$14 -> 0
A43: Baptist | B43: Mar | C43: G8785 BP not documented | D43: ='Summary by Site'!$F$15 -> 3
A44: Baptist | B44: Mar | C44: G8950 elevated BP with followup | D44: ='Summary by Site'!$F$16 -> 2641
A45: Baptist | B45: Mar | C45: G8952 elevated BP no followup | D45: ='Summary by Site'!$F$17 -> 19
A46: Baptist | B46: Mar | C46: G9744 Not eligible--active HTN Pt refuses emergent case | D46: ='Summary by Site'!$F$18 -> 2656
A47: Baptist | B47: Mar | C47: G9745 Reason given for no screening or recommending followup | D47: ='Summary by Site'!$F$19 -> 19
A48: Baptist | B48: Mar | C48: BP Screening Performance Score | D48: ='Summary by Site'!$F$20 -> 0.99662784
A49: Baptist | B49: Mar | C49: Overall Score | D49: ='Summary by Site'!$F$21 -> 0.99682035
A50: Baptist | B50: Apr | C50: 12 Lead ECG for Chest Pain Cases | D50: ='Summary by Site'!$G$6 -> 391
A51: Baptist | B51: Apr | C51: 3120F | D51: ='Summary by Site'!$G$7 -> 389
A52: Baptist | B52: Apr | C52: 3120F 1P | D52: ='Summary by Site'!$G$8 -> 0
A53: Baptist | B53: Apr | C53: 3120F 2P | D53: ='Summary by Site'!$G$9 -> 2
A54: Baptist | B54: Apr | C54: 3120F 8P | D54: ='Summary by Site'!$G$10 -> 0
A55: Baptist | B55: Apr | C55: 12 Lead ECG for Chest Pain Performance Score | D55: ='Summary by Site'!$G$11 -> 1
A56: Baptist | B56: Apr | C56: BP Screening Cases | D56: ='Summary by Site'!$G$12 -> 6211
A57: Baptist | B57: Apr | C57: G8783 Normal BP no followup needed | D57: ='Summary by Site'!$G$13 -> 1212
A58: Baptist | B58: Apr | C58: G8784 Not eligible--active HTN pt refuses emergent case | D58: ='Summary by Site'!$G$14 -> 0
A59: Baptist | B59: Apr | C59: G8785 BP not documented | D59: ='Summary by Site'!$G$15 -> 6
A60: Baptist | B60: Apr | C60: G8950 elevated BP with followup | D60: ='Summary by Site'!$G$16 -> 2499
A61: Baptist | B61: Apr | C61: G8952 elevated BP no followup | D61: ='Summary by Site'!$G$17 -> 14
A62: Baptist | B62: Apr | C62: G9744 Not eligible--active HTN Pt refuses emergent case | D62: ='Summary by Site'!$G$18 -> 2457
A63: Baptist | B63: Apr | C63: G9745 Reason given for no screening or recommending followup | D63: ='Summary by Site'!$G$19 -> 23
A64: Baptist | B64: Apr | C64: BP Screening Performance Score | D64: ='Summary by Site'!$G$20 -> 0.99677991
A65: Baptist | B65: Apr | C65: Overall Score | D65: ='Summary by Site'!$G$21 -> 0.99697061
A66: Baptist | B66: May | C66: 12 Lead ECG for Chest Pain Cases | D66: ='Summary by Site'!$H$6 -> 456
A67: Baptist | B67: May | C67: 3120F | D67: ='Summary by Site'!$H$7 -> 454
A68: Baptist | B68: May | C68: 3120F 1P | D68: ='Summary by Site'!$H$8 -> 1
A69: Baptist | B69: May | C69: 3120F 2P | D69: ='Summary by Site'!$H$9 -> 0
A70: Baptist | B70: May | C70: 3120F 8P | D70: ='Summary by Site'!$H$10 -> 1
A71: Baptist | B71: May | C71: 12 Lead ECG for Chest Pain Performance Score | D71: ='Summary by Site'!$H$11 -> 0.99780702
A72: Baptist | B72: May | C72: BP Screening Cases | D72: ='Summary by Site'!$H$12 -> 6625
A73: Baptist | B73: May | C73: G8783 Normal BP no followup needed | D73: ='Summary by Site'!$H$13 -> 1079
A74: Baptist | B74: May | C74: G8784 Not eligible--active HTN pt refuses emergent case | D74: ='Summary by Site'!$H$14 -> 0
A75: Baptist | B75: May | C75: G8785 BP not documented | D75: ='Summary by Site'!$H$15 -> 9
A76: Baptist | B76: May | C76: G8950 elevated BP with followup | D76: ='Summary by Site'!$H$16 -> 2894
A77: Baptist | B77: May | C77: G8952 elevated BP no followup | D77: ='Summary by Site'!$H$17 -> 10
A78: Baptist | B78: May | C78: G9744 Not eligible--active HTN Pt refuses emergent case | D78: ='Summary by Site'!$H$18 -> 2604
A79: Baptist | B79: May | C79: G9745 Reason given for no screening or recommending followup | D79: ='Summary by Site'!$H$19 -> 29
A80: Baptist | B80: May | C80: BP Screening Performance Score | D80: ='Summary by Site'!$H$20 -> 0.99713208
A81: Baptist | B81: May | C81: Overall Score | D81: ='Summary by Site'!$H$21 -> 0.99717554
A82: Baptist | B82: Jun | C82: 12 Lead ECG for Chest Pain Cases | D82: ='Summary by Site'!$I$6 -> 427
A83: Baptist | B83: Jun | C83: 3120F | D83: ='Summary by Site'!$I$7 -> 425
A84: Baptist | B84: Jun | C84: 3120F 1P | D84: ='Summary by Site'!$I$8 -> 0
A85: Baptist | B85: Jun | C85: 3120F 2P | D85: ='Summary by Site'!$I$9 -> 1
A86: Baptist | B86: Jun | C86: 3120F 8P | D86: ='Summary by Site'!$I$10 -> 1
A87: Baptist | B87: Jun | C87: 12 Lead ECG for Chest Pain Performance Score | D87: ='Summary by Site'!$I$11 -> 0.99765808
A88: Baptist | B88: Jun | C88: BP Screening Cases | D88: ='Summary by Site'!$I$12 -> 6422
A89: Baptist | B89: Jun | C89: G8783 Normal BP no followup needed | D89: ='Summary by Site'!$I$13 -> 977
A90: Baptist | B90: Jun | C90: G8784 Not eligible--active HTN pt refuses emergent case | D90: ='Summary by Site'!$I$14 -> 0
A91: Baptist | B91: Jun | C91: G8785 BP not documented | D91: ='Summary by Site'!$I$15 -> 1
A92: Baptist | B92: Jun | C92: G8950 elevated BP with followup | D92: ='Summary by Site'!$I$16 -> 2889
A93: Baptist | B93: Jun | C93: G8952 elevated BP no followup | D93: ='Summary by Site'!$I$17 -> 8
A94: Baptist | B94: Jun | C94: G9744 Not eligible--active HTN Pt refuses emergent case | D94: ='Summary by Site'!$I$18 -> 2534
A95: Baptist | B95: Jun | C95: G9745 Reason given for no screening or recommending followup | D95: ='Summary by Site'!$I$19 -> 13
A96: Baptist | B96: Jun | C96: BP Screening Performance Score | D96: ='Summary by Site'!$I$20 -> 0.99859857
A97: Baptist | B97: Jun | C97: Overall Score | D97: ='Summary by Site'!$I$21 -> 0.99853993
A98: Baptist | B98: Jul | C98: 12 Lead ECG for Chest Pain Cases | D98: ='Summary by Site'!$J$6 -> 471
A99: Baptist | B99: Jul | C99: 3120F | D99: ='Summary by Site'!$J$7 -> 468
A100: Baptist | B100: Jul | C100: 3120F 1P | D100: ='Summary by Site'!$J$8 -> 0
...

Sheet data
A1: Year | B1: Period | C1: Site | D1: Prov_Num | E1: Prov_Num_Lawson | F1: Provider_Name | G1: 12_Lead_ECG_for_Chest_Pain_Cases | H1: 3120F | I1: 3120F_1P | J1: 3120F_2P | K1: 3120F_8P | L1: 12_Lead_ECG_for_Chest_Pain_Performance_Score | M1: BP_Screening_Cases | N1: G8783_Normal_BP_no_followup_needed | O1: G8784_Not_eligible--active_HTN_pt refuses_emergent_case | P1: G8785_BP_not_documented | Q1: G8950_elevated_BP_with_followup | R1: G8952_elevated_BP_no_followup | S1: G9744_Not_eligible--active_HTN_Pt refuses_emergent_case | T1: G9745_Reason_given_for_no_screening_or_recommending_followup | U1: BP_Screening_Performance_Score | V1: Overall_Score
A2: 2017 | B2: Jan | C2: Baptist | D2: 53 | E2: 4713 | F2: ARNOLD-DOBAL DO, KARIN A | G2: 2 | H2: 2 | I2: 0 | J2: 0 | K2: 0 | L2: =IF(G2=0,0,SUM(H2:J2)/G2) -> 1 | M2: 155 | N2: 40 | O2: 10 | P2: 0 | Q2: 104 | R2: 1 | S2: 0 | T2: 0 | U2: =(N2+O2+Q2)/M2 -> 0.99354839 | V2: =(H2+I2+J2+N2+O2+Q2)/(G2+M2) -> 0.99363057
A3: 2017 | B3: Jan | C3: Baptist | D3: 243 | E3: 4498 | F3: BAKHTIARI MD, POOPAK G | G3: 0 | H3: 0 | I3: 0 | J3: 0 | K3: 0 | L3: =IF(G3=0,0,SUM(H3:J3)/G3) -> 0 | M3: 57 | N3: 16 | O3: 1 | P3: 0 | Q3: 40 | R3: 0 | S3: 0 | T3: 0 | U3: =(N3+O3+Q3)/M3 -> 1 | V3: =(H3+I3+J3+N3+O3+Q3)/(G3+M3) -> 1
A4: 2017 | B4: Jan | C4: Baptist | D4: 16594 | E4: 119329 | F4: BETANCOURT DO, ANDREA | G4: 0 | H4: 0 | I4: 0 | J4: 0 | K4: 0 | L4: =IF(G4=0,0,SUM(H4:J4)/G4) -> 0 | M4: 77 | N4: 21 | O4: 6 | P4: 0 | Q4: 49 | R4: 1 | S4: 0 | T4: 0 | U4: =(N4+O4+Q4)/M4 -> 0.98701299 | V4: =(H4+I4+J4+N4+O4+Q4)/(G4+M4) -> 0.98701299
A5: 2017 | B5: Jan | C5: Baptist | D5: 335 | E5: 2726 | F5: BRAZDA MD, MICHAEL T | G5: 16 | H5: 16 | I5: 0 | J5: 0 | K5: 0 | L5: =IF(G5=0,0,SUM(H5:J5)/G5) -> 1 | M5: 103 | N5: 24 | O5: 4 | P5: 0 | Q5: 75 | R5: 0 | S5: 0 | T5: 0 | U5: =(N5+O5+Q5)/M5 -> 1 | V5: =(H5+I5+J5+N5+O5+Q5)/(G5+M5) -> 1
A6: 2017 | B6: Jan | C6: Baptist | D6: 473 | E6: 5243 | F6: DAMORE MD, DANIEL T | G6: 3 | H6: 3 | I6: 0 | J6: 0 | K6: 0 | L6: =IF(G6=0,0,SUM(H6:J6)/G6) -> 1 | M6: 120 | N6: 44 | O6: 5 | P6: 0 | Q6: 71 | R6: 0 | S6: 0 | T6: 0 | U6: =(N6+O6+Q6)/M6 -> 1 | V6: =(H6+I6+J6+N6+O6+Q6)/(G6+M6) -> 1
A7: 2017 | B7: Jan | C7: Baptist | D7: 67 | E7: 2833 | F7: DIAZ DO, ELAINE | G7: 3 | H7: 3 | I7: 0 | J7: 0 | K7: 0 | L7: =IF(G7=0,0,SUM(H7:J7)/G7) -> 1 | M7: 24 | N7: 10 | O7: 0 | P7: 0 | Q7: 14 | R7: 0 | S7: 0 | T7: 0 | U7: =(N7+O7+Q7)/M7 -> 1 | V7: =(H7+I7+J7+N7+O7+Q7)/(G7+M7) -> 1
A8: 2017 | B8: Jan | C8: Baptist | D8: 3621 | E8: 9748 | F8: ELETTO DO, SARAH J | G8: 1 | H8: 1 | I8: 0 | J8: 0 | K8: 0 | L8: =IF(G8=0,0,SUM(H8:J8)/G8) -> 1 | M8: 69 | N8: 13 | O8: 4 | P8: 0 | Q8: 52 | R8: 0 | S8: 0 | T8: 0 | U8: =(N8+O8+Q8)/M8 -> 1 | V8: =(H8+I8+J8+N8+O8+Q8)/(G8+M8) -> 1
A9: 2017 | B9: Jan | C9: Baptist | D9: 567 | E9: 3218 | F9: ESCATEL MD, EVA | G9: 10 | H9: 10 | I9: 0 | J9: 0 | K9: 0 | L9: =IF(G9=0,0,SUM(H9:J9)/G9) -> 1 | M9: 179 | N9: 48 | O9: 3 | P9: 0 | Q9: 128 | R9: 0 | S9: 0 | T9: 0 | U9: =(N9+O9+Q9)/M9 -> 1 | V9: =(H9+I9+J9+N9+O9+Q9)/(G9+M9) -> 1
A10: 2017 | B10: Jan | C10: Baptist | D10: 627 | E10: 3693 | F10: FRIEDMAN MD, ANTHONY | G10: 38 | H10: 38 | I10: 0 | J10: 0 | K10: 0 | L10: =IF(G10=0,0,SUM(H10:J10)/G10) -> 1 | M10: 179 | N10: 56 | O10: 8 | P10: 0 | Q10: 115 | R10: 0 | S10: 0 | T10: 0 | U10: =(N10+O10+Q10)/M10 -> 1 | V10: =(H10+I10+J10+N10+O10+Q10)/(G10+M10) -> 1
A11: 2017 | B11: Jan | C11: Baptist | D11: 130 | E11: 5419 | F11: GARCIA DO, ALEXANDER | G11: 4 | H11: 4 | I11: 0 | J11: 0 | K11: 0 | L11: =IF(G11=0,0,SUM(H11:J11)/G11) -> 1 | M11: 89 | N11: 27 | O11: 5 | P11: 1 | Q11: 57 | R11: 0 | S11: 0 | T11: 0 | U11: =(N11+O11+Q11)/M11 -> 1 | V11: =(H11+I11+J11+N11+O11+Q11)/(G11+M11) -> 1
A12: 2017 | B12: Jan | C12: Baptist | D12: 1397 | E12: 3661 | F12: GARCIA-GONZALEZ MD, MIGDALIA I | G12: 2 | H12: 2 | I12: 0 | J12: 0 | K12: 0 | L12: =IF(G12=0,0,SUM(H12:J12)/G12) -> 1 | M12: 68 | N12: 15 | O12: 4 | P12: 0 | Q12: 49 | R12: 0 | S12: 0 | T12: 0 | U12: =(N12+O12+Q12)/M12 -> 1 | V12: =(H12+I12+J12+N12+O12+Q12)/(G12+M12) -> 1
A13: 2017 | B13: Jan | C13: Baptist | D13: 1508 | E13: 3157 | F13: HASPIL-CORGAN MD, TESSA A | G13: 0 | H13: 0 | I13: 0 | J13: 0 | K13: 0 | L13: =IF(G13=0,0,SUM(H13:J13)/G13) -> 0 | M13: 46 | N13: 18 | O13: 3 | P13: 0 | Q13: 25 | R13: 0 | S13: 0 | T13: 0 | U13: =(N13+O13+Q13)/M13 -> 1 | V13: =(H13+I13+J13+N13+O13+Q13)/(G13+M13) -> 1
... A72: 2017 | B72: Jan | C72: West Marion | D72: 543 | E72: 10917 | F72: STEENSTRA DO, ROBYN | G72: 18 | H72: 18 | I72: 0 | J72: 0 | K72: 0 | L72: =IF(G72=0,0,SUM(H72:J72)/G72) -> 1 | M72: 170 | N72: 31 | O72: 14 | P72: 0 | Q72: 121 | R72: 4 | S72: 0 | T72: 0 | U72: =(N72+O72+Q72)/M72 -> 0.97647059 | V72: =(H72+I72+J72+N72+O72+Q72)/(G72+M72) -> 0.9787234
A73: 2017 | B73: Jan | C73: West Marion | D73: 576 | E73: 122114 | F73: VITERITTI DO, JOHN J | G73: 7 | H73: 7 | I73: 0 | J73: 0 | K73: 0 | L73: =IF(G73=0,0,SUM(H73:J73)/G73) -> 1 | M73: 92 | N73: 14 | O73: 8 | P73: 0 | Q73: 70 | R73: 0 | S73: 0 | T73: 0 | U73: =IF(M73=0,0,((N73+O73+Q73)/M73)) -> 1 | V73: =(H73+I73+J73+N73+O73+Q73)/(G73+M73) -> 1
A74: 2017 | B74: Jan | C74: West Marion | D74: 536 | E74: 10757 | F74: VON BARGEN DO, WILLIAM F | G74: 1 | H74: 1 | I74: 0 | J74: 0 | K74: 0 | L74: =IF(G74=0,0,SUM(H74:J74)/G74) -> 1 | M74: 304 | N74: 40 | O74: 15 | P74: 0 | Q74: 238 | R74: 11 | S74: 0 | T74: 0 | U74: =IF(M74=0,0,((N74+O74+Q74)/M74)) -> 0.96381579 | V74: =(H74+I74+J74+N74+O74+Q74)/(G74+M74) -> 0.96393443
A75: 2017 | B75: Jan | C75: West Marion | D75: 588 | E75: 122737 | F75: WAXLER DO, JENNIFER L | G75: 0 | H75: 0 | I75: 0 | J75: 0 | K75: 0 | L75: =IF(G75=0,0,SUM(H75:J75)/G75) -> 0 | M75: 30 | N75: 2 | O75: 2 | P75: 0 | Q75: 26 | R75: 0 | S75: 0 | T75: 0 | U75: =IF(M75=0,0,((N75+O75+Q75)/M75)) -> 1 | V75: =(H75+I75+J75+N75+O75+Q75)/(G75+M75) -> 1
A76: 2017 | B76: Jan | C76: West Marion | D76: 550 | E76: 119292 | F76: WELBERN MD, VANESSA R | G76: 16 | H76: 16 | I76: 0 | J76: 0 | K76: 0 | L76: =IF(G76=0,0,SUM(H76:J76)/G76) -> 1 | M76: 177 | N76: 28 | O76: 2 | P76: 0 | Q76: 147 | R76: 0 | S76: 0 | T76: 0 | U76: =IF(M76=0,0,((N76+O76+Q76)/M76)) -> 1 | V76: =(H76+I76+J76+N76+O76+Q76)/(G76+M76) -> 1
A77: 2017 | B77: Jan | C77: West Marion | D77: 563 | E77: 5246 | F77: WILSON MD, DAVID L | G77: 0 | H77: 0 | I77: 0 | J77: 0 | K77: 0 | L77: =IF(G77=0,0,SUM(H77:J77)/G77) -> 0 | M77: 5 | N77: 1 | O77: 0 | P77: 0 | Q77: 4 | R77: 0 | S77: 0 | T77: 0 | U77: =IF(M77=0,0,((N77+O77+Q77)/M77)) -> 1 | V77: =(H77+I77+J77+N77+O77+Q77)/(G77+M77) -> 1
A78: 2017 | B78: Jan | C78: JFK-Main | D78: 137 | E78: 5010 | F78: BOJAN MD, DAVID | G78: 17 | H78: 17 | I78: 0 | J78: 0 | K78: 0 | L78: =IF(G78=0,0,SUM(H78:J78)/G78) -> 1 | M78: 105 | N78: 41 | O78: 4 | P78: 0 | Q78: 55 | R78: 5 | S78: 0 | T78: 0 | U78: =IF(M78=0,0,((N78+O78+Q78)/M78)) -> 0.95238095 | V78: =(H78+I78+J78+N78+O78+Q78)/(G78+M78) -> 0.95901639
A79: 2017 | B79: Jan | C79: JFK-Main | D79: 29 | E79: 4489 | F79: BOWRY MD, RIDDHI | G79: 16 | H79: 16 | I79: 0 | J79: 0 | K79: 0 | L79: =IF(G79=0,0,SUM(H79:J79)/G79) -> 1 | M79: 279 | N79: 102 | O79: 29 | P79: 0 | Q79: 147 | R79: 1 | S79: 0 | T79: 0 | U79: =IF(M79=0,0,((N79+O79+Q79)/M79)) -> 0.99641577 | V79: =(H79+I79+J79+N79+O79+Q79)/(G79+M79) -> 0.99661017
A80: 2017 | B80: Jan | C80: JFK-Main | D80: 38 | E80: 7115 | F80: BUCHHOLZ DO, KEITH L | G80: 17 | H80: 17 | I80: 0 | J80: 0 | K80: 0 | L80: =IF(G80=0,0,SUM(H80:J80)/G80) -> 1 | M80: 93 | N80: 28 | O80: 20 | P80: 0 | Q80: 39 | R80: 6 | S80: 0 | T80: 0 | U80: =IF(M80=0,0,((N80+O80+Q80)/M80)) -> 0.93548387 | V80: =(H80+I80+J80+N80+O80+Q80)/(G80+M80) -> 0.94545455
A81: 2017 | B81: Jan | C81: JFK-Main | D81: 58 | E81: 7621 | F81: BUI DO, TRIMINH H | G81: 34 | H81: 34 | I81: 0 | J81: 0 | K81: 0 | L81: =IF(G81=0,0,SUM(H81:J81)/G81) -> 1 | M81: 431 | N81: 135 | O81: 32 | P81: 1 | Q81: 263 | R81: 0 | S81: 0 | T81: 0 | U81: =IF(M81=0,0,((N81+O81+Q81)/M81)) -> 0.99767981 | V81: =(H81+I81+J81+N81+O81+Q81)/(G81+M81) -> 0.99784946
A82: 2017 | B82: Jan | C82: JFK-Main | D82: 112 | E82: 10769 | F82: CRANE MD, JOSEPH T | G82: 0 | H82: 0 | I82: 0 | J82: 0 | K82: 0 | L82: =IF(G82=0,0,SUM(H82:J82)/G82) -> 0 | M82: 32 | N82: 11 | O82: 8 | P82: 0 | Q82: 13 | R82: 0 | S82: 0 | T82: 0 | U82: =IF(M82=0,0,((N82+O82+Q82)/M82)) -> 1 | V82: =(H82+I82+J82+N82+O82+Q82)/(G82+M82) -> 1
A83: 2017 | B83: Jan | C83: JFK-Main | D83: 60 | E83: 7787 | F83: FISH DO, JAMES A | G83: 0 | H83: 0 | I83: 0 | J83: 0 | K83: 0 | L83: =IF(G83=0,0,SUM(H83:J83)/G83) -> 0 | M83: 1 | N83: 1 | O83: 0 | P83: 0 | Q83: 0 | R83: 0 | S83: 0 | T83: 0 | U83: =IF(M83=0,0,((N83+O83+Q83)/M83)) -> 1 | V83: =(H83+I83+J83+N83+O83+Q83)/(G83+M83) -> 1
A84: 2017 | B84: Jan | C84: JFK-Main | D84: 23 | E84: 5832 | F84: FOWLER MD, DAVID M | G84: 7 | H84: 7 | I84: 0 | J84: 0 | K84: 0 | L84: =IF(G84=0,0,SUM(H84:J84)/G84) -> 1 | M84: 54 | N84: 15 | O84: 10 | P84: 0 | Q84: 28 | R84: 1 | S84: 0 | T84: 0 | U84: =IF(M84=0,0,((N84+O84+Q84)/M84)) -> 0.98148148 | V84: =(H84+I84+J84+N84+O84+Q84)/(G84+M84) -> 0.98360656
... A92: 2017 | B92: Jan | C92: JFK-Main | D92: 70 | E92: 8358 | F92: LEMAY DO, CHRISTOPHER R | G92: 4 | H92: 4 | I92: 0 | J92: 0 | K92: 0 | L92: =IF(G92=0,0,SUM(H92:J92)/G92) -> 1 | M92: 24 | N92: 12 | O92: 0 | P92: 1 | Q92: 11 | R92: 0 | S92: 0 | T92: 0 | U92: =IF(M92=0,0,((N92+O92+Q92)/M92)) -> 0.95833333 | V92: =(H92+I92+J92+N92+O92+Q92)/(G92+M92) -> 0.96428571
A93: 2017 | B93: Jan | C93: JFK-Main | D93: 1 | E93: 6777 | F93: MCCAIG MD, CAMERON S | G93: 0 | H93: 0 | I93: 0 | J93: 0 | K93: 0 | L93: =IF(G93=0,0,SUM(H93:J93)/G93) -> 0 | M93: 0 | N93: 0 | O93: 0 | P93: 0 | Q93: 0 | R93: 0 | S93: 0 | T93: 0 | U93: =IF(M93=0,0,((N93+O93+Q93)/M93)) -> 0 | V93: 0
A94: 2017 | B94: Jan | C94: JFK-Main | D94: 52 | E94: 222222222 | F94: MCCALLA MD, TIFFANY N | G94: 0 | H94: 0 | I94: 0 | J94: 0 | K94: 0 | L94: =IF(G94=0,0,SUM(H94:J94)/G94) -> 0 | M94: 1 | N94: 1 | O94: 0 | P94: 0 | Q94: 0 | R94: 0 | S94: 0 | T94: 0 | U94: =IF(M94=0,0,((N94+O94+Q94)/M94)) -> 1 | V94: =(H94+I94+J94+N94+O94+Q94)/(G94+M94) -> 1
A95: 2017 | B95: Jan | C95: JFK-Main | D95: 65 | E95: 7806 | F95: MCDOW DO, CHRISTOPHER C | G95: 23 | H95: 23 | I95: 0 | J95: 0 | K95: 0 | L95: =IF(G95=0,0,SUM(H95:J95)/G95) -> 1 | M95: 257 | N95: 93 | O95: 6 | P95: 0 | Q95: 156 | R95: 2 | S95: 0 | T95: 0 | U95: =IF(M95=0,0,((N95+O95+Q95)/M95)) -> 0.9922179 | V95: =(H95+I95+J95+N95+O95+Q95)/(G95+M95) -> 0.99285714
A96: 2017 | B96: Jan | C96: JFK-Main | D96: 27 | E96: 4492 | F96: MEZE DO, MEZEDA | G96: 22 | H96: 22 | I96: 0 | J96: 0 | K96: 0 | L96: =IF(G96=0,0,SUM(H96:J96)/G96) -> 1 | M96: 253 | N96: 88 | O96: 18 | P96: 0 | Q96: 144 | R96: 3 | S96: 0 | T96: 0 | U96: =IF(M96=0,0,((N96+O96+Q96)/M96)) -> 0.98814229 | V96: =(H96+I96+J96+N96+O96+Q96)/(G96+M96) -> 0.98909091
A97: 2017 | B97: Jan | C97: JFK-Main | D97: 119 | E97: 8697 | F97: NECKRITZ DO, DAVID P | G97: 7 | H97: 7 | I97: 0 | J97: 0 | K97: 0 | L97: =IF(G97=0,0,SUM(H97:J97)/G97) -> 1 | M97: 431 | N97: 137 | O97: 10 | P97: 0 | Q97: 282 | R97: 2 | S97: 0 | T97: 0 | U97: =IF(M97=0,0,((N97+O97+Q97)/M97)) -> 0.99535963 | V97: =(H97+I97+J97+N97+O97+Q97)/(G97+M97) -> 0.99543379
A98: 2017 | B98: Jan | C98: JFK-Main | D98: 25 | E98: 4357 | F98: SALEHI MD, SHARIF | G98: 36 | H98: 36 | I98: 0 | J98: 0 | K98: 0 | L98: =IF(G98=0,0,SUM(H98:J98)/G98) -> 1 | M98: 235 | N98: 70 | O98: 32 | P98: 0 | Q98: 121 | R98: 12 | S98: 0 | T98: 0 | U98: =IF(M98=0,0,((N98+O98+Q98)/M98)) -> 0.94893617 | V98: =(H98+I98+J98+N98+O98+Q98)/(G98+M98) -> 0.95571956
A99: 2017 | B99: Jan | C99: JFK-Main | D99: 21 | E99: 5875 | F99: SCHEPPKE MD, KENNETH A | G99: 0 | H99: 0 | I99: 0 | J99: 0 | K99: 0 | L99: =IF(G99=0,0,SUM(H99:J99)/G99) -> 0 | M99: 1 | N99: 1 | O99: 0 | P99: 0 | Q99: 0 | R99: 0 | S99: 0 | T99: 0 | U99: =IF(M99=0,0,((N99+O99+Q99)/M99)) -> 1 | V99: =(H99+I99+J99+N99+O99+Q99)/(G99+M99) -> 1
A100: 2017 | B100: Jan | C100: JFK-Main | D100: 184 | E100: 120870 | F100: STURM MD, ANDREW P | G100: 26 | H100: 26 | I100: 0 | J100: 0 | K100: 0 | L100: =IF(G100=0,0,SUM(H100:J100)/G100) -> 1 | M100: 196 | N100: 61 | O100: 7 | P100: 0 | Q100: 128 | R100: 0 | S100: 0 | T100: 0 | U100: =IF(M100=0,0,((N100+O100+Q100)/M100)) -> 1 | V100: =(H100+I100+J100+N100+O100+Q100)/(G100+M100) -> 1
A101: 2017 | B101: Jan | C101: JFK-Main | D101: 142 | E101: 122502 | F101: ZALACAIN MD, JOAQUIN F | G101: 27 | H101: 27 | I101: 0 | J101: 0 | K101: 0 | L101: =IF(G101=0,0,SUM(H101:J101)/G101) -> 1 | M101: 261 | N101: 88 | O101: 30 | P101: 0 | Q101: 142 | R101: 1 | S101: 0 | T101: 0 | U101: =IF(M101=0,0,((N101+O101+Q101)/M101)) -> 0.99616858 | V101: =(H101+I101+J101+N101+O101+Q101)/(G101+M101) -> 0.99652778
A102: 2017 | B102: Jan | C102: Jupiter | D102: 489 | E102: 7740 | F102: ALLISON MD, TIMOTHY B | G102: 9 | H102: 9 | I102: 0 | J102: 0 | K102: 0 | L102: =IF(G102=0,0,SUM(H102:J102)/G102) -> 1 | M102: 128 | N102: 26 | O102: 6 | P102: 0 | Q102: 95 | R102: 1 | S102: 0 | T102: 0 | U102: =IF(M102=0,0,((N102+O102+Q102)/M102)) -> 0.9921875 | V102: =(H102+I102+J102+N102+O102+Q102)/(G102+M102) -> 0.99270073
A103: 2017 | B103: Jan | C103: Jupiter | D103: 2 | E103: 121285 | F103: BRADFORD DO, TODD H | G103: 0 | H103: 0 | I103: 0 | J103: 0 | K103: 0 | L103: =IF(G103=0,0,SUM(H103:J103)/G103) -> 0 | M103: 0 | N103: 0 | O103: 0 | P103: 0 | Q103: 0 | R103: 0 | S103: 0 | T103: 0 | U103: =IF(M103=0,0,((N103+O103+Q103)/M103)) -> 0 | V103: 0
A104: 2017 | B104: Jan | C104: Jupiter | D104: 492 | E104: 7744 | F104: CASKER MD, MARGERY V | G104: 14 | H104: 14 | I104: 0 | J104: 0 | K104: 0 | L104: =IF(G104=0,0,SUM(H104:J104)/G104) -> 1 | M104: 167 | N104: 48 | O104: 23 | P104: 0 | Q104: 94 | R104: 2 | S104: 0 | T104: 0 | U104: =IF(M104=0,0,((N104+O104+Q104)/M104)) -> 0.98802395 | V104: =(H104+I104+J104+N104+O104+Q104)/(G104+M104) -> 0.98895028
A105: 2017 | B105: Jan | C105: Jupiter | D105: 555 | E105: 119114 | F105: CHAPIN MD, ETHAN A | G105: 4 | H105: 4 | I105: 0 | J105: 0 | K105: 0 | L105: =IF(G105=0,0,SUM(H105:J105)/G105) -> 1 | M105: 80 | N105: 20 | O105: 4 | P105: 0 | Q105: 56 | R105: 0 | S105: 0 | T105: 0 | U105: =IF(M105=0,0,((N105+O105+Q105)/M105)) -> 1 | V105: =(H105+I105+J105+N105+O105+Q105)/(G105+M105) -> 1
A106: 2017 | B106: Jan | C106: Jupiter | D106: 493 | E106: 7742 | F106: COLLINS MD, CHARLES M | G106: 3 | H106: 3 | I106: 0 | J106: 0 | K106: 0 | L106: =IF(G106=0,0,SUM(H106:J106)/G106) -> 1 | M106: 138 | N106: 37 | O106: 25 | P106: 0 | Q106: 75 | R106: 1 | S106: 0 | T106: 0 | U106: =IF(M106=0,0,((N106+O106+Q106)/M106)) -> 0.99275362 | V106: =(H106+I106+J106+N106+O106+Q106)/(G106+M106) -> 0.9929078
A107: 2017 | B107: Jan | C107: Jupiter | D107: 13 | E107: 122214 | F107: DUNTEMAN MD, COLT R | G107: 0 | H107: 0 | I107: 0 | J107: 0 | K107: 0 | L107: =IF(G107=0,0,SUM(H107:J107)/G107) -> 0 | M107: 0 | N107: 0 | O107: 0 | P107: 0 | Q107: 0 | R107: 0 | S107: 0 | T107: 0 | U107: =IF(M107=0,0,((N107+O107+Q107)/M107)) -> 0 | V107: 0
A108: 2017 | B108: Jan | C108: Jupiter | D108: 286 | E108: 119469 | F108: FOX MD, TERESITA | G108: 0 | H108: 0 | I108: 0 | J108: 0 | K108: 0 | L108: =IF(G108=0,0,SUM(H108:J108)/G108) -> 0 | M108: 1 | N108: 0 | O108: 0 | P108: 0 | Q108: 1 | R108: 0 | S108: 0 | T108: 0 | U108: =IF(M108=0,0,((N108+O108+Q108)/M108)) -> 1 | V108: =(H108+I108+J108+N108+O108+Q108)/(G108+M108) -> 1
A109: 2017 | B109: Jan | C109: Jupiter | D109: 593 | E109: 122796 | F109: GOZAR MD, JOHN A | G109: 8 | H109: 8 | I109: 0 | J109: 0 | K109: 0 | L109: =IF(G109=0,0,SUM(H109:J109)/G109) -> 1 | M109: 174 | N109: 37 | O109: 21 | P109: 0 | Q109: 116 | R109: 0 | S109: 0 | T109: 0 | U109: =IF(M109=0,0,((N109+O109+Q109)/M109)) -> 1 | V109: =(H109+I109+J109+N109+O109+Q109)/(G109+M109) -> 1
A110: 2017 | B110: Jan | C110: Jupiter | D110: 291 | E110: 121506 | F110: HASSAN MD, KEITH L | G110: 0 | H110: 0 | I110: 0 | J110: 0 | K110: 0 | L110: =IF(G110=0,0,SUM(H110:J110)/G110) -> 0 | M110: 1 | N110: 0 | O110: 0 | P110: 0 | Q110: 1 | R110: 0 | S110: 0 | T110: 0 | U110: =IF(M110=0,0,((N110+O110+Q110)/M110)) -> 1 | V110: =(H110+I110+J110+N110+O110+Q110)/(G110+M110) -> 1
A111: 2017 | B111: Jan | C111: Jupiter | D111: 584 | E111: 2834 | F111: HUYNH DO, LEO | G111: 1 | H111: 1 | I111: 0 | J111: 0 | K111: 0 | L111: =IF(G111=0,0,SUM(H111:J111)/G111) -> 1 | M111: 21 | N111: 4 | O111: 0 | P111: 0 | Q111: 17 | R111: 0 | S111: 0 | T111: 0 | U111: =IF(M111=0,0,((N111+O111+Q111)/M111)) -> 1 | V111: =(H111+I111+J111+N111+O111+Q111)/(G111+M111) -> 1
A112: 2017 | B112: Jan | C112: Jupiter | D112: 592 | E112: 122956 | F112: INGEMAN MD, JEFFREY E | G112: 11 | H112: 11 | I112: 0 | J112: 0 | K112: 0 | L112: =IF(G112=0,0,SUM(H112:J112)/G112) -> 1 | M112: 91 | N112: 32 | O112: 4 | P112: 0 | Q112: 52 | R112: 3 | S112: 0 | T112: 0 | U112: =IF(M112=0,0,((N112+O112+Q112)/M112)) -> 0.96703297 | V112: =(H112+I112+J112+N112+O112+Q112)/(G112+M112) -> 0.97058824
A113: 2017 | B113: Jan | C113: Jupiter | D113: 1 | E113: 121274 | F113: MILLER MD, SEAN A | G113: 0 | H113: 0 | I113: 0 | J113: 0 | K113: 0 | L113: =IF(G113=0,0,SUM(H113:J113)/G113) -> 0 | M113: 0 | N113: 0 | O113: 0 | P113: 0 | Q113: 0 | R113: 0 | S113: 0 | T113: 0 | U113: =IF(M113=0,0,((N113+O113+Q113)/M113)) -> 0 | V113: 0
A114: 2017 | B114: Jan | C114: Jupiter | D114: 494 | E114: 7743 | F114: MUENCHEN MD, CHRISTOPHER C | G114: 17 | H114: 17 | I114: 0 | J114: 0 | K114: 0 | L114: =IF(G114=0,0,SUM(H114:J114)/G114) -> 1 | M114: 229 | N114: 61 | O114: 31 | P114: 0 | Q114: 134 | R114: 3 | S114: 0 | T114: 0 | U114: =IF(M114=0,0,((N114+O114+Q114)/M114)) -> 0.98689956 | V114: =(H114+I114+J114+N114+O114+Q114)/(G114+M114) -> 0.98780488
A115: 2017 | B115: Jan | C115: Jupiter | D115: 279 | E115: 10480 | F115: PIREZ DE CARDENAS MD, CRISTINA M | G115: 0 | H115: 0 | I115: 0 | J115: 0 | K115: 0 | L115: =IF(G115=0,0,SUM(H115:J115)/G115) -> 0 | M115: 3 | N115: 2 | O115: 0 | P115: 0 | Q115: 1 | R115: 0 | S115: 0 | T115: 0 | U115: =IF(M115=0,0,((N115+O115+Q115)/M115)) -> 1 | V115: =(H115+I115+J115+N115+O115+Q115)/(G115+M115) -> 1
A116: 2017 | B116: Jan | C116: Jupiter | D116: 534 | E116: 10480 | F116: PIREZ DE CARDENAS MD, CRISTINA M | G116: 0 | H116: 0 | I116: 0 | J116: 0 | K116: 0 | L116: =IF(G116=0,0,SUM(H116:J116)/G116) -> 0 | M116: 5 | N116: 0 | O116: 0 | P116: 0 | Q116: 5 | R116: 0 | S116: 0 | T116: 0 | U116: =IF(M116=0,0,((N116+O116+Q116)/M116)) -> 1 | V116: =(H116+I116+J116+N116+O116+Q116)/(G116+M116) -> 1
A117: 2017 | B117: Jan | C117: Jupiter | D117: 278 | E117: 5803 | F117: RHODES MD, VICKI L | G117: 0 | H117: 0 | I117: 0 | J117: 0 | K117: 0 | L117: =IF(G117=0,0,SUM(H117:J117)/G117) -> 0 | M117: 0 | N117: 0 | O117: 0 | P117: 0 | Q117: 0 | R117: 0 | S117: 0 | T117: 0 | U117: =IF(M117=0,0,((N117+O117+Q117)/M117)) -> 0 | V117: 0
A118: 2017 | B118: Jan | C118: Jupiter | D118: 533 | E118: 5803 | F118: RHODES MD, VICKI L | G118: 0 | H118: 0 | I118: 0 | J118: 0 | K118: 0 | L118: =IF(G118=0,0,SUM(H118:J118)/G118) -> 0 | M118: 9 | N118: 3 | O118: 0 | P118: 0 | Q118: 6 | R118: 0 | S118: 0 | T118: 0 | U118: =IF(M118=0,0,((N118+O118+Q118)/M118)) -> 1 | V118: =(H118+I118+J118+N118+O118+Q118)/(G118+M118) -> 1
A119: 2017 | B119: Jan | C119: Jupiter | D119: 12 | E119: 122201 | F119: SOLANKI DO, EKTA | G119: 0 | H119: 0 | I119: 0 | J119: 0 | K119: 0 | L119: =IF(G119=0,0,SUM(H119:J119)/G119) -> 0 | M119: 0 | N119: 0 | O119: 0 | P119: 0 | Q119: 0 | R119: 0 | S119: 0 | T119: 0 | U119: =IF(M119=0,0,((N119+O119+Q119)/M119)) -> 0 | V119: 0
A120: 2017 | B120: Jan | C120: Jupiter | D120: 496 | E120: 7741 | F120: TANABE MD, DON T | G120: 21 | H120: 21 | I120: 0 | J120: 0 | K120: 0 | L120: =IF(G120=0,0,SUM(H120:J120)/G120) -> 1 | M120: 202 | N120: 53 | O120: 50 | P120: 0 | Q120: 98 | R120: 1 | S120: 0 | T120: 0 | U120: =IF(M120=0,0,((N120+O120+Q120)/M120)) -> 0.9950495 | V120: =(H120+I120+J120+N120+O120+Q120)/(G120+M120) -> 0.9955157
A121: 2017 | B121: Jan | C121: Jupiter | D121: 444 | E121: 7314 | F121: VENTZEK DO, AL J | G121: 10 | H121: 10 | I121: 0 | J121: 0 | K121: 0 | L121: =IF(G121=0,0,SUM(H121:J121)/G121) -> 1 | M121: 144 | N121: 39 | O121: 41 | P121: 0 | Q121: 64 | R121: 0 | S121: 0 | T121: 0 | U121: =IF(M121=0,0,((N121+O121+Q121)/M121)) -> 1 | V121: =(H121+I121+J121+N121+O121+Q121)/(G121+M121) -> 1
A122: 2017 | B122: Jan | C122: Jupiter | D122: 505 | E122: 8344 | F122: VIRKLER MD, JONATHAN A | G122: 23 | H122: 23 | I122: 0 | J122: 0 | K122: 0 | L122: =IF(G122=0,0,SUM(H122:J122)/G122) -> 1 | M122: 231 | N122: 64 | O122: 31 | P122: 0 | Q122: 133 | R122: 3 | S122: 0 | T122: 0 | U122: =IF(M122=0,0,((N122+O122+Q122)/M122)) -> 0.98701299 | V122: =(H122+I122+J122+N122+O122+Q122)/(G122+M122) -> 0.98818898
A123: 2017 | B123: Jan | C123: Kendall | D123: 136 | E123: 121923 | F123: ABRAM MD, ELIZABETH | G123: 12 | H123: 12 | I123: 0 | J123: 0 | K123: 0 | L123: =IF(G123=0,0,SUM(H123:J123)/G123) -> 1 | M123: 158 | N123: 51 | O123: 17 | P123: 0 | Q123: 90 | R123: 0 | S123: 0 | T123: 0 | U123: =IF(M123=0,0,((N123+O123+Q123)/M123)) -> 1 | V123: =(H123+I123+J123+N123+O123+Q123)/(G123+M123) -> 1
A124: 2017 | B124: Jan | C124: Kendall | D124: 13 | E124: 5621 | F124: AVERBACH MD, JOSEPH B | G124: 13 | H124: 13 | I124: 0 | J124: 0 | K124: 0 | L124: =IF(G124=0,0,SUM(H124:J124)/G124) -> 1 | M124: 199 | N124: 46 | O124: 31 | P124: 0 | Q124: 121 | R124: 1 | S124: 0 | T124: 0 | U124: =IF(M124=0,0,((N124+O124+Q124)/M124)) -> 0.99497487 | V124: =(H124+I124+J124+N124+O124+Q124)/(G124+M124) -> 0.99528302
A125: 2017 | B125: Jan | C125: Kendall | D125: 115 | E125: 119430 | F125: AVILES-LUGO MD, NICOLE M | G125: 11 | H125: 11 | I125: 0 | J125: 0 | K125: 0 | L125: =IF(G125=0,0,SUM(H125:J125)/G125) -> 1 | M125: 139 | N125: 41 | O125: 15 | P125: 0 | Q125: 83 | R125: 0 | S125: 0 | T125: 0 | U125: =IF(M125=0,0,((N125+O125+Q125)/M125)) -> 1 | V125: =(H125+I125+J125+N125+O125+Q125)/(G125+M125) -> 1
A126: 2017 | B126: Jan | C126: Kendall | D126: 16 | E126: 5774 | F126: BAZEMORE JR MD, DEREK | G126: 8 | H126: 8 | I126: 0 | J126: 0 | K126: 0 | L126: =IF(G126=0,0,SUM(H126:J126)/G126) -> 1 | M126: 154 | N126: 40 | O126: 19 | P126: 1 | Q126: 92 | R126: 2 | S126: 0 | T126: 0 | U126: =IF(M126=0,0,((N126+O126+Q126)/M126)) -> 0.98051948 | V126: =(H126+I126+J126+N126+O126+Q126)/(G126+M126) -> 0.98148148
A127: 2017 | B127: Jan | C127: Kendall | D127: 107 | E127: 119171 | F127: BREA MD, ISABEL J | G127: 4 | H127: 4 | I127: 0 | J127: 0 | K127: 0 | L127: =IF(G127=0,0,SUM(H127:J127)/G127) -> 1 | M127: 60 | N127: 19 | O127: 17 | P127: 0 | Q127: 24 | R127: 0 | S127: 0 | T127: 0 | U127: =IF(M127=0,0,((N127+O127+Q127)/M127)) -> 1 | V127: =(H127+I127+J127+N127+O127+Q127)/(G127+M127) -> 1
A128: 2017 | B128: Jan | C128: Kendall | D128: 104 | E128: 118880 | F128: COUSINS MD, RODERICK D | G128: 12 | H128: 12 | I128: 0 | J128: 0 | K128: 0 | L128: =IF(G128=0,0,SUM(H128:J128)/G128) -> 1 | M128: 166 | N128: 27 | O128: 28 | P128: 0 | Q128: 111 | R128: 0 | S128: 0 | T128: 0 | U128: =IF(M128=0,0,((N128+O128+Q128)/M128)) -> 1 | V128: =(H128+I128+J128+N128+O128+Q128)/(G128+M128) -> 1
A129: 2017 | B129: Jan | C129: Kendall | D129: 132 | E129: 121352 | F129: D'ALONZO MD, WALTER M | G129: 7 | H129: 7 | I129: 0 | J129: 0 | K129: 0 | L129: =IF(G129=0,0,SUM(H129:J129)/G129) -> 1 | M129: 207 | N129: 48 | O129: 22 | P129: 0 | Q129: 136 | R129: 1 | S129: 0 | T129: 0 | U129: =IF(M129=0,0,((N129+O129+Q129)/M129)) -> 0.99516908 | V129: =(H129+I129+J129+N129+O129+Q129)/(G129+M129) -> 0.9953271
A130: 2017 | B130: Jan | C130: Kendall | D130: 84 | E130: 9529 | F130: DHADWAL MD, ANISH H | G130: 8 | H130: 8 | I130: 0 | J130: 0 | K130: 0 | L130: =IF(G130=0,0,SUM(H130:J130)/G130) -> 1 | M130: 124 | N130: 39 | O130: 16 | P130: 0 | Q130: 67 | R130: 2 | S130: 0 | T130: 0 | U130: =IF(M130=0,0,((N130+O130+Q130)/M130)) -> 0.98387097 | V130: =(H130+I130+J130+N130+O130+Q130)/(G130+M130) -> 0.98484848
A131: 2017 | B131: Jan | C131: Kendall | D131: 113 | E131: 119349 | F131: DOURIEZ MD, CAROLE A | G131: 13 | H131: 12 | I131: 0 | J131: 0 | K131: 1 | L131: =IF(G131=0,0,SUM(H131:J131)/G131) -> 0.92307692 | M131: 212 | N131: 54 | O131: 44 | P131: 0 | Q131: 114 | R131: 0 | S131: 0 | T131: 0 | U131: =IF(M131=0,0,((N131+O131+Q131)/M131)) -> 1 | V131: =(H131+I131+J131+N131+O131+Q131)/(G131+M131) -> 0.99555556
... A139: 2017 | B139: Jan | C139: Kendall | D139: 24 | E139: 1674 | F139: POLERA DO, CATHERINE B | G139: 1 | H139: 1 | I139: 0 | J139: 0 | K139: 0 | L139: =IF(G139=0,0,SUM(H139:J139)/G139) -> 1 | M139: 37 | N139: 9 | O139: 5 | P139: 0 | Q139: 23 | R139: 0 | S139: 0 | T139: 0 | U139: =IF(M139=0,0,((N139+O139+Q139)/M139)) -> 1 | V139: =(H139+I139+J139+N139+O139+Q139)/(G139+M139) -> 1
A140: 2017 | B140: Jan | C140: Kendall | D140: 40 | E140: 6831 | F140: QUINONES-DEECHEGARAY, JESSICA | G140: 10 | H140: 10 | I140: 0 | J140: 0 | K140: 0 | L140: =IF(G140=0,0,SUM(H140:J140)/G140) -> 1 | M140: 260 | N140: 59 | O140: 15 | P140: 0 | Q140: 185 | R140: 1 | S140: 0 | T140: 0 | U140: =IF(M140=0,0,((N140+O140+Q140+S140+T140)/M140)) -> 0.99615385 | V140: =(H140+I140+J140+N140+O140+Q140)/(G140+M140) -> 0.9962963
A141: 2017 | B141: Jan | C141: Kendall | D141: 111 | E141: 118696 | F141: RAVAL DO, HITESH Y | G141: 10 | H141: 10 | I141: 0 | J141: 0 | K141: 0 | L141: =IF(G141=0,0,SUM(H141:J141)/G141) -> 1 | M141: 136 | N141: 27 | O141: 19 | P141: 0 | Q141: 90 | R141: 0 | S141: 0 | T141: 0 | U141: =IF(M141=0,0,((N141+O141+Q141+S141+T141)/M141)) -> 1 | V141: =(H141+I141+J141+N141+O141+Q141)/(G141+M141) -> 1
A142: 2017 | B142: Jan | C142: Kendall | D142: 139 | E142: 122085 | F142: ROTOLO MD, ALYSSA | G142: 13 | H142: 13 | I142: 0 | J142: 0 | K142: 0 | L142: =IF(G142=0,0,SUM(H142:J142)/G142) -> 1 | M142: 124 | N142: 36 | O142: 24 | P142: 0 | Q142: 64 | R142: 0 | S142: 0 | T142: 0 | U142: =IF(M142=0,0,((N142+O142+Q142+S142+T142)/M142)) -> 1 | V142: =(H142+I142+J142+N142+O142+Q142)/(G142+M142) -> 1
A143: 2017 | B143: Jan | C143: Kendall | D143: 134 | E143: 4968 | F143: ROVIRA-FIGUEROA MD, HELEN | G143: 6 | H143: 6 | I143: 0 | J143: 0 | K143: 0 | L143: =IF(G143=0,0,SUM(H143:J143)/G143) -> 1 | M143: 169 | N143: 44 | O143: 18 | P143: 0 | Q143: 107 | R143: 0 | S143: 0 | T143: 0 | U143: =IF(M143=0,0,((N143+O143+Q143+S143+T143)/M143)) -> 1 | V143: =(H143+I143+J143+N143+O143+Q143)/(G143+M143) -> 1
A144: 2017 | B144: Jan | C144: Kendall | D144: 131 | E144: 121355 | F144: RUIZ-VALCARCEL MD, CARMEN | G144: 1 | H144: 1 | I144: 0 | J144: 0 | K144: 0 | L144: =IF(G144=0,0,SUM(H144:J144)/G144) -> 1 | M144: 91 | N144: 22 | O144: 33 | P144: 0 | Q144: 36 | R144: 0 | S144: 0 | T144: 0 | U144: =IF(M144=0,0,((N144+O144+Q144+S144+T144)/M144)) -> 1 | V144: =(H144+I144+J144+N144+O144+Q144)/(G144+M144) -> 1
A145: 2017 | B145: Jan | C145: Kendall | D145: 138 | E145: 122073 | F145: SEDA MD, JESUS A | G145: 9 | H145: 9 | I145: 0 | J145: 0 | K145: 0 | L145: =IF(G145=0,0,SUM(H145:J145)/G145) -> 1 | M145: 183 | N145: 42 | O145: 28 | P145: 0 | Q145: 112 | R145: 1 | S145: 0 | T145: 0 | U145: =IF(M145=0,0,((N145+O145+Q145+S145+T145)/M145)) -> 0.99453552 | V145: =(H145+I145+J145+N145+O145+Q145)/(G145+M145) -> 0.99479167
A146: 2017 | B146: Jan | C146: Kendall | D146: 39 | E146: 6832 | F146: SUERO-SALVADOR MD, TITO | G146: 5 | H146: 5 | I146: 0 | J146: 0 | K146: 0 | L146: =IF(G146=0,0,SUM(H146:J146)/G146) -> 1 | M146: 178 | N146: 43 | O146: 21 | P146: 0 | Q146: 114 | R146: 0 | S146: 0 | T146: 0 | U146: =IF(M146=0,0,((N146+O146+Q146+S146+T146)/M146)) -> 1 | V146: =(H146+I146+J146+N146+O146+Q146)/(G146+M146) -> 1
A147: 2017 | B147: Jan | C147: Kendall | D147: 78 | E147: 8720 | F147: XAVIER MD, ALBIN | G147: 11 | H147: 11 | I147: 0 | J147: 0 | K147: 0 | L147: =IF(G147=0,0,SUM(H147:J147)/G147) -> 1 | M147: 103 | N147: 27 | O147: 16 | P147: 0 | Q147: 59 | R147: 1 | S147: 0 | T147: 0 | U147: =IF(M147=0,0,((N147+O147+Q147+S147+T147)/M147)) -> 0.99029126 | V147: =(H147+I147+J147+N147+O147+Q147)/(G147+M147) -> 0.99122807
A148: 2017 | B148: Feb | C148: JFK-Main | D148: 137 | E148: 5010 | F148: BOJAN MD, DAVID | G148: 10 | H148: 9 | I148: 1 | J148: 0 | K148: 0 | L148: =IF(G148=0,0,SUM(H148:J148)/G148) -> 1 | M148: 246 | N148: 58 | O148: 0 | P148: 0 | Q148: 70 | R148: 6 | S148: 112 | T148: 0 | U148: =IF(M148=0,0,((N148+O148+Q148+S148+T148)/M148)) -> 0.97560976 | V148: =(H148+I148+J148+N148+O148+Q148)/(G148+M148) -> 0.5390625
A149: 2017 | B149: Feb | C149: JFK-Main | D149: 29 | E149: 4489 | F149: BOWRY MD, RIDDHI | G149: 16 | H149: 16 | I149: 0 | J149: 0 | K149: 0 | L149: =IF(G149=0,0,SUM(H149:J149)/G149) -> 1 | M149: 383 | N149: 93 | O149: 0 | P149: 1 | Q149: 145 | R149: 0 | S149: 139 | T149: 5 | U149: =IF(M149=0,0,((N149+O149+Q149+S149+T149)/M149)) -> 0.99738903 | V149: =(H149+I149+J149+N149+Q149+S149+T149)/(G149+M149) -> 0.99749373
A150: 2017 | B150: Feb | C150: JFK-Main | D150: 58 | E150: 7621 | F150: BUI DO, TRIMINH H | G150: 44 | H150: 43 | I150: 0 | J150: 0 | K150: 1 | L150: =IF(G150=0,0,SUM(H150:J150)/G150) -> 0.97727273 | M150: 492 | N150: 104 | O150: 0 | P150: 1 | Q150: 214 | R150: 2 | S150: 160 | T150: 11 | U150: =IF(M150=0,0,((N150+O150+Q150+S150+T150)/M150)) -> 0.99390244 | V150: =(H150+I150+J150+N150+Q150+S150+T150)/(G150+M150) -> 0.99253731
A151: 2017 | B151: Feb | C151: JFK-Main | D151: 97 | E151: 119020 | F151: CLOHESSY DO, BRIAN J | G151: 1 | H151: 1 | I151: 0 | J151: 0 | K151: 0 | L151: =IF(G151=0,0,SUM(H151:J151)/G151) -> 1 | M151: 75 | N151: 5 | O151: 0 | P151: 0 | Q151: 30 | R151: 0 | S151: 40 | T151: 0 | U151: =IF(M151=0,0,((N151+O151+Q151+S151+T151)/M151)) -> 1 | V151: =(H151+I151+J151+N151+Q151+S151+T151)/(G151+M151) -> 1
A152: 2017 | B152: Feb | C152: JFK-Main | D152: 51 | E152: 7616 | F152: FELICIANO MD, ANGEL | G152: 1 | H152: 1 | I152: 0 | J152: 0 | K152: 0 | L152: =IF(G152=0,0,SUM(H152:J152)/G152) -> 1 | M152: 27 | N152: 2 | O152: 0 | P152: 0 | Q152: 16 | R152: 0 | S152: 9 | T152: 0 | U152: =IF(M152=0,0,((N152+O152+Q152+S152+T152)/M152)) -> 1 | V152: =(H152+I152+J152+N152+Q152+S152+T152)/(G152+M152) -> 1
A153: 2017 | B153: Feb | C153: JFK-Main | D153: 60 | E153: 7787 | F153: FISH DO, JAMES A | G153: 0 | H153: 0 | I153: 0 | J153: 0 | K153: 0 | L153: =IF(G153=0,0,SUM(H153:J153)/G153) -> 0 | M153: 71 | N153: 10 | O153: 0 | P153: 0 | Q153: 52 | R153: 0 | S153: 8 | T153: 1 | U153: =IF(M153=0,0,((N153+O153+Q153+S153+T153)/M153)) -> 1 | V153: =(H153+I153+J153+N153+Q153+S153+T153)/(G153+M153) -> 1
A154: 2017 | B154: Feb | C154: JFK-Main | D154: 23 | E154: 5832 | F154: FOWLER MD, DAVID M | G154: 14 | H154: 13 | I154: 1 | J154: 0 | K154: 0 | L154: =IF(G154=0,0,SUM(H154:J154)/G154) -> 1 | M154: 262 | N154: 27 | O154: 0 | P154: 0 | Q154: 97 | R154: 2 | S154: 131 | T154: 5 | U154: =IF(M154=0,0,((N154+O154+Q154+S154+T154)/M154)) -> 0.99236641 | V154: =(H154+I154+J154+N154+Q154+S154+T154)/(G154+M154) -> 0.99275362
A155: 2017 | B155: Feb | C155: JFK-Main | D155: 77 | E155: 9967 | F155: GIROUX DO, RICHARD D | G155: 34 | H155: 32 | I155: 2 | J155: 0 | K155: 0 | L155: =IF(G155=0,0,SUM(H155:J155)/G155) -> 1 | M155: 377 | N155: 66 | O155: 0 | P155: 0 | Q155: 152 | R155: 2 | S155: 154 | T155: 3 | U155: =IF(M155=0,0,((N155+O155+Q155+S155+T155)/M155)) -> 0.99469496 | V155: =(H155+I155+J155+N155+Q155+S155+T155)/(G155+M155) -> 0.99513382
A156: 2017 | B156: Feb | C156: JFK-Main | D156: 72 | E156: 2531 | F156: GONZALEZ MD, JOSE M | G156: 5 | H156: 4 | I156: 1 | J156: 0 | K156: 0 | L156: =IF(G156=0,0,SUM(H156:J156)/G156) -> 1 | M156: 51 | N156: 3 | O156: 0 | P156: 0 | Q156: 23 | R156: 0 | S156: 23 | T156: 2 | U156: =IF(M156=0,0,((N156+O156+Q156+S156+T156)/M156)) -> 1 | V156: =(H156+I156+J156+N156+Q156+S156+T156)/(G156+M156) -> 1
A157: 2017 | B157: Feb | C157: JFK-Main | D157: 47 | E157: 7465 | F157: GRECO DO, FRANCINE | G157: 3 | H157: 3 | I157: 0 | J157: 0 | K157: 0 | L157: =IF(G157=0,0,SUM(H157:J157)/G157) -> 1 | M157: 105 | N157: 14 | O157: 0 | P157: 0 | Q157: 55 | R157: 0 | S157: 35 | T157: 1 | U157: =IF(M157=0,0,((N157+O157+Q157+S157+T157)/M157)) -> 1 | V157: =(H157+I157+J157+N157+Q157+S157+T157)/(G157+M157) -> 1
A158: 2017 | B158: Feb | C158: JFK-Main | D158: 28 | E158: 4356 | F158: GRENIER DO, DANIEL A | G158: 42 | H158: 41 | I158: 0 | J158: 0 | K158: 1 | L158: =IF(G158=0,0,SUM(H158:J158)/G158) -> 0.97619048 | M158: 652 | N158: 136 | O158: 0 | P158: 2 | Q158: 234 | R158: 2 | S158: 276 | T158: 2 | U158: =IF(M158=0,0,((N158+O158+Q158+S158+T158)/M158)) -> 0.99386503 | V158: =(H158+I158+J158+N158+Q158+S158+T158)/(G158+M158) -> 0.99279539
A159: 2017 | B159: Feb | C159: JFK-Main | D159: 63 | E159: 7817 | F159: HAMMAD MD, OMAR | G159: 30 | H159: 29 | I159: 0 | J159: 0 | K159: 1 | L159: =IF(G159=0,0,SUM(H159:J159)/G159) -> 0.96666667 | M159: 385 | N159: 80 | O159: 0 | P159: 1 | Q159: 149 | R159: 0 | S159: 151 | T159: 4 | U159: =IF(M159=0,0,((N159+O159+Q159+S159+T159)/M159)) -> 0.9974026 | V159: =(H159+I159+J159+N159+Q159+S159+T159)/(G159+M159) -> 0.99518072
A160: 2017 | B160: Feb | C160: JFK-Main | D160: 19 | E160: 5831 | F160: HARRIS MD, HILLEL Z | G160: 19 | H160: 18 | I160: 1 | J160: 0 | K160: 0 | L160: =IF(G160=0,0,SUM(H160:J160)/G160) -> 1 | M160: 294 | N160: 57 | O160: 0 | P160: 0 | Q160: 81 | R160: 10 | S160: 142 | T160: 4 | U160: =IF(M160=0,0,((N160+O160+Q160+S160+T160)/M160)) -> 0.96598639 | V160: =(H160+I160+J160+N160+Q160+S160+T160)/(G160+M160) -> 0.96805112
... A197: 2017 | B197: Feb | C197: Jupiter | D197: 505 | E197: 8344 | F197: VIRKLER MD, JONATHAN A | G197: 26 | H197: 26 | I197: 0 | J197: 0 | K197: 0 | L197: =IF(G197=0,0,SUM(H197:J197)/G197) -> 1 | M197: 418 | N197: 71 | O197: 0 | P197: 0 | Q197: 178 | R197: 0 | S197: 168 | T197: 1 | U197: =IF(M197=0,0,((N197+O197+Q197+S197+T197)/M197)) -> 1 | V197: =(H197+I197+J197+N197+Q197+S197+T197)/(G197+M197) -> 1
A198: 2017 | B198: Feb | C198: Jupiter | D198: 599 | E198: 123211 | F198: WALKER MD, KRISTEN V | G198: 0 | H198: 0 | I198: 0 | J198: 0 | K198: 0 | L198: =IF(G198=0,0,SUM(H198:J198)/G198) -> 0 | M198: 2 | N198: 2 | O198: 0 | P198: 0 | R198: 0 | S198: 0 | T198: 0 | U198: =IF(M198=0,0,((N198+O198+Q198+S198+T198)/M198)) -> 1 | V198: =(H198+I198+J198+N198+Q198+S198+T198)/(G198+M198) -> 1
A199: 2017 | B199: Feb | C199: Kendall | D199: 136 | E199: 121923 | F199: ABRAM MD, ELIZABETH | G199: 11 | H199: 11 | I199: 0 | J199: 0 | K199: 0 | L199: =IF(G199=0,0,SUM(H199:J199)/G199) -> 1 | M199: 147 | N199: 27 | O199: 0 | P199: 0 | Q199: 68 | R199: 0 | S199: 52 | T199: 0 | U199: =IF(M199=0,0,((N199+O199+Q199+S199+T199)/M199)) -> 1 | V199: =(H199+I199+J199+N199+Q199+S199+T199)/(G199+M199) -> 1
A200: 2017 | B200: Feb | C200: Kendall | D200: 13 | E200: 5621 | F200: AVERBACH MD, JOSEPH B | G200: 7 | H200: 7 | I200: 0 | J200: 0 | K200: 0 | L200: =IF(G200=0,0,SUM(H200:J200)/G200) -> 1 | M200: 210 | N200: 32 | O200: 0 | P200: 0 | Q200: 90 | R200: 3 | S200: 83 | T200: 2 | U200: =IF(M200=0,0,((N200+O200+Q200+S200+T200)/M200)) -> 0.98571429 | V200: =(H200+I200+J200+N200+Q200+S200+T200)/(G200+M200) -> 0.98617512
A201: 2017 | B201: Feb | C201: Kendall | D201: 115 | E201: 119430 | F201: AVILES-LUGO MD, NICOLE M | G201: 4 | H201: 3 | I201: 0 | J201: 1 | K201: 0 | L201: =IF(G201=0,0,SUM(H201:J201)/G201) -> 1 | M201: 159 | N201: 36 | O201: 0 | P201: 0 | Q201: 76 | R201: 0 | S201: 46 | T201: 1 | U201: =IF(M201=0,0,((N201+O201+Q201+S201+T201)/M201)) -> 1 | V201: =(H201+I201+J201+N201+Q201+S201+T201)/(G201+M201) -> 1
A202: 2017 | B202: Feb | C202: Kendall | D202: 16 | E202: 5774 | F202: BAZEMORE JR MD, DEREK | G202: 9 | H202: 9 | I202: 0 | J202: 0 | K202: 0 | L202: =IF(G202=0,0,SUM(H202:J202)/G202) -> 1 | M202: 235 | N202: 50 | O202: 0 | P202: 1 | Q202: 96 | R202: 3 | S202: 84 | T202: 1 | U202: =IF(M202=0,0,((N202+O202+Q202+S202+T202)/M202)) -> 0.98297872 | V202: =(H202+I202+J202+N202+Q202+S202+T202)/(G202+M202) -> 0.98360656
A203: 2017 | B203: Feb | C203: Kendall | D203: 107 | E203: 119171 | F203: BREA MD, ISABEL J | G203: 7 | H203: 7 | I203: 0 | J203: 0 | K203: 0 | L203: =IF(G203=0,0,SUM(H203:J203)/G203) -> 1 | M203: 86 | N203: 20 | O203: 0 | P203: 0 | Q203: 28 | R203: 0 | S203: 36 | T203: 2 | U203: =IF(M203=0,0,((N203+O203+Q203+S203+T203)/M203)) -> 1 | V203: =(H203+I203+J203+N203+Q203+S203+T203)/(G203+M203) -> 1
A204: 2017 | B204: Feb | C204: Kendall | D204: 14 | E204: 5614 | F204: BURO DO, DOMINICK | G204: 0 | H204: 0 | I204: 0 | J204: 0 | K204: 0 | L204: =IF(G204=0,0,SUM(H204:J204)/G204) -> 0 | M204: 1 | N204: 0 | O204: 0 | P204: 0 | Q204: 0 | R204: 0 | S204: 1 | T204: 0 | U204: =IF(M204=0,0,((N204+O204+Q204+S204+T204)/M204)) -> 1 | V204: =(H204+I204+J204+N204+Q204+S204+T204)/(G204+M204) -> 1
A205: 2017 | B205: Feb | C205: Kendall | D205: 104 | E205: 118880 | F205: COUSINS MD, RODERICK D | G205: 11 | H205: 11 | I205: 0 | J205: 0 | K205: 0 | L205: =IF(G205=0,0,SUM(H205:J205)/G205) -> 1 | M205: 203 | N205: 45 | O205: 0 | P205: 1 | Q205: 81 | R205: 0 | S205: 76 | T205: 0 | U205: =IF(M205=0,0,((N205+O205+Q205+S205+T205)/M205)) -> 0.99507389 | V205: =(H205+I205+J205+N205+Q205+S205+T205)/(G205+M205) -> 0.9953271
A206: 2017 | B206: Feb | C206: Kendall | D206: 132 | E206: 121352 | F206: D'ALONZO MD, WALTER M | G206: 12 | H206: 12 | I206: 0 | J206: 0 | K206: 0 | L206: =IF(G206=0,0,SUM(H206:J206)/G206) -> 1 | M206: 277 | N206: 44 | O206: 0 | P206: 4 | Q206: 118 | R206: 2 | S206: 108 | T206: 1 | U206: =IF(M206=0,0,((N206+O206+Q206+S206+T206)/M206)) -> 0.97833935 | V206: =(H206+I206+J206+N206+Q206+S206+T206)/(G206+M206) -> 0.97923875
A207: 2017 | B207: Feb | C207: Kendall | D207: 84 | E207: 9529 | F207: DHADWAL MD, ANISH H | G207: 13 | H207: 13 | I207: 0 | J207: 0 | K207: 0 | L207: =IF(G207=0,0,SUM(H207:J207)/G207) -> 1 | M207: 236 | N207: 52 | O207: 0 | P207: 0 | Q207: 100 | R207: 1 | S207: 81 | T207: 2 | U207: =IF(M207=0,0,((N207+O207+Q207+S207+T207)/M207)) -> 0.99576271 | V207: =(H207+I207+J207+N207+Q207+S207+T207)/(G207+M207) -> 0.99598394
A208: 2017 | B208: Feb | C208: Kendall | D208: 113 | E208: 119349 | F208: DOURIEZ MD, CAROLE A | G208: 19 | H208: 19 | I208: 0 | J208: 0 | K208: 0 | L208: =IF(G208=0,0,SUM(H208:J208)/G208) -> 1 | M208: 190 | N208: 37 | O208: 0 | P208: 0 | Q208: 69 | R208: 0 | S208: 79 | T208: 5 | U208: =IF(M208=0,0,((N208+O208+Q208+S208+T208)/M208)) -> 1 | V208: =(H208+I208+J208+N208+Q208+S208+T208)/(G208+M208) -> 1
...
