Workbook

Sheet Summary
A3: Site | B3: Meausre | C3: Year | D3: Jan | E3: Feb | F3: Mar | G3: Apr | H3: May | I3: Jun | J3: Jul | K3: Aug | L3: Sep | M3: Oct | N3: Nov | O3: Dec
A5: Baptist | B5: Mortalities | C5: 2017 | D5: 8 | E5: 12 | F5: 11 | G5: 4 | H5: 5 | I5: 6 | J5: 7 | K5: 9 | L5: 13 | M5: 7 | N5: 6 | O5: 10
A6: Baptist | B6: 72hr_Returns_Total | C6: 2017 | D6: 0 | E6: 0 | F6: 0 | G6: 0 | H6: 0 | I6: 0 | J6: 0 | K6: 0 | L6: 0 | M6: 0 | N6: 0 | O6: 0 | P6: Per PM, don't have this metric currently but MAY get it later
A7: Baptist | B7: 72hr_Returns_Admit | C7: 2017 | D7: 0 | E7: 0 | F7: 0 | G7: 0 | H7: 0 | I7: 0 | J7: 0 | K7: 0 | L7: 0 | M7: 0 | N7: 0 | O7: 0 | P7: Per PM, don't have this metric currently but MAY get it later
A9: Jupiter | B9: Mortalities | C9: 2017 | D9: 7 | E9: 0 | F9: 6 | G9: 0 | H9: 0 | I9: 0 | J9: 3 | K9: 4 | L9: 0 | M9: 3 | N9: 0 | O9: 0
A10: Jupiter | B10: 72hr_Returns_Total | C10: 2017 | D10: 74 | E10: 64 | F10: 79 | G10: 70 | H10: 74 | I10: 78 | J10: 72 | K10: 81 | L10: 53 | M10: 60 | N10: 0 | O10: 0
A11: Jupiter | B11: 72hr_Returns_Admit | C11: 2017 | D11: 29 | E11: 24 | F11: 29 | G11: 29 | H11: 24 | I11: 31 | J11: 31 | K11: 33 | L11: 25 | M11: 21 | N11: 0 | O11: 0
A13: Ocala | B13: Mortalities | C13: 2017 | D13: 5 | E13: 0 | F13: 2 | G13: 3 | H13: 5 | I13: 3 | J13: 3 | K13: 5 | L13: 1 | M13: 0 | N13: 0 | O13: 0
A14: Ocala | B14: 72hr_Returns_Total | C14: 2017 | D14: 26 | E14: 17 | F14: 17 | G14: 19 | H14: 16 | I14: 17 | J14: 47 | K14: 63 | L14: 42 | M14: 38 | N14: 39 | O14: 30
A15: Ocala | B15: 72hr_Returns_Admit | C15: 2017 | D15: 1 | E15: 2 | F15: 0 | G15: 3 | H15: 1 | I15: 1 | J15: 0 | K15: 4 | L15: 2 | M15: 2 | N15: 0 | O15: 2
A17: West Marion | B17: Mortalities | C17: 2017 | D17: 1 | E17: 2 | F17: 0 | G17: 2 | H17: 1 | I17: 1 | J17: 0 | K17: 1 | L17: 1 | M17: 0 | N17: 0 | O17: 0
A18: West Marion | B18: 72hr_Returns_Total | C18: 2017 | D18: 20 | E18: 27 | F18: 21 | G18: 14 | H18: 30 | I18: 20 | J18: 35 | K18: 43 | L18: 60 | M18: 57 | N18: 64 | O18: 55
A19: West Marion | B19: 72hr_Returns_Admit | C19: 2017 | D19: 1 | E19: 8 | F19: 3 | G19: 0 | H19: 1 | I19: 0 | J19: 2 | K19: 4 | L19: 1 | M19: 6 | N19: 0 | O19: 1
A21: Summerfield | B21: Mortalities | C21: 2017 | D21: 0 | E21: 0 | F21: 0 | G21: 0 | H21: 0 | I21: 1 | J21: 1 | K21: 2 | L21: 0 | M21: 0 | N21: 0 | O21: 0
A22: Summerfield | B22: 72hr_Returns_Total | C22: 2017 | D22: 2 | E22: 4 | F22: 8 | G22: 5 | H22: 3 | I22: 10 | J22: 13 | K22: 0 | L22: 0 | M22: 35 | N22: 28 | O22: 24
A23: Summerfield | B23: 72hr_Returns_Admit | C23: 2017 | D23: 0 | E23: 0 | F23: 0 | G23: 0 | H23: 0 | I23: 0 | J23: 0 | K23: 0 | L23: 0 | M23: 0 | N23: 0 | O23: 0
... A35: Kendall | B35: 72hr_Returns_Admit | C35: 2017 | D35: 57 | E35: 42 | F35: 34 | G35: 25 | H35: 31 | I35: 22 | J35: 63 | K35: 33 | L35: 22 | M35: 25 | N35: 22 | O35: 27

Sheet mortalities_72hr_returns
A1: Site | B1: Year | C1: Period | D1: Mortalities | E1: 72hr_Returns_Total | F1: 72hr_Returns_Admit
A2: Baptist | B2: 2017 | C2: Jan | D2: =Summary!$D$5 -> 8 | E2: =Summary!$D$6 -> 0 | F2: =Summary!$D$7 -> 0
A3: Baptist | B3: 2017 | C3: Feb | D3: =Summary!$E$5 -> 12 | E3: =Summary!$E$6 -> 0 | F3: =Summary!$E$7 -> 0
A4: Baptist | B4: 2017 | C4: Mar | D4: =Summary!$F$5 -> 11 | E4: =Summary!$F$6 -> 0 | F4: =Summary!$F$7 -> 0
A5: Baptist | B5: 2017 | C5: Apr | D5: =Summary!$G$5 -> 4 | E5: =Summary!$G$6 -> 0 | F5: =Summary!$G$7 -> 0
A6: Baptist | B6: 2017 | C6: May | D6: =Summary!$H$5 -> 5 | E6: =Summary!$H$6 -> 0 | F6: =Summary!$H$7 -> 0
A7: Baptist | B7: 2017 | C7: Jun | D7: =Summary!$I$5 -> 6 | E7: =Summary!$I$6 -> 0 | F7: =Summary!$I$7 -> 0
A8: Baptist | B8: 2017 | C8: Jul | D8: =Summary!$J$5 -> 7 | E8: =Summary!$J$6 -> 0 | F8: =Summary!$J$7 -> 0
A9: Baptist | B9: 2017 | C9: Aug | D9: =Summary!$K$5 -> 9 | E9: =Summary!$K$6 -> 0 | F9: =Summary!$K$7 -> 0
A10: Baptist | B10: 2017 | C10: Sep | D10: =Summary!$L$5 -> 13 | E10: =Summary!$L$6 -> 0 | F10: =Summary!$L$7 -> 0
A11: Baptist | B11: 2017 | C11: Oct | D11: =Summary!$M$5 -> 7 | E11: =Summary!$M$6 -> 0 | F11: =Summary!$M$7 -> 0
A12: Baptist | B12: 2017 | C12: Nov | D12: =Summary!$N$5 -> 6 | E12: =Summary!$N$6 -> 0 | F12: =Summary!$N$7 -> 0
A13: Baptist | B13: 2017 | C13: Dec | D13: =Summary!$O$5 -> 10 | E13: =Summary!$O$6 -> 0 | F13: =Summary!$O$7 -> 0
A14: Jupiter | B14: 2017 | C14: Jan | D14: =Summary!$D$9 -> 7 | E14: =Summary!$D$10 -> 74 | F14: =Summary!$D$11 -> 29
A15: Jupiter | B15: 2017 | C15: Feb | D15: =Summary!$E$9 -> 0 | E15: =Summary!$E$10 -> 64 | F15: =Summary!$E$11 -> 24
A16: Jupiter | B16: 2017 | C16: Mar | D16: =Summary!$F$9 -> 6 | E16: =Summary!$F$10 -> 79 | F16: =Summary!$F$11 -> 29
A17: Jupiter | B17: 2017 | C17: Apr | D17: =Summary!$G$9 -> 0 | E17: =Summary!$G$10 -> 70 | F17: =Summary!$G$11 -> 29
A18: Jupiter | B18: 2017 | C18: May | D18: =Summary!$H$9 -> 0 | E18: =Summary!$H$10 -> 74 | F18: =Summary!$H$11 -> 24
A19: Jupiter | B19: 2017 | C19: Jun | D19: =Summary!$I$9 -> 0 | E19: =Summary!$I$10 -> 78 | F19: =Summary!$I$11 -> 31
A20: Jupiter | B20: 2017 | C20: Jul | D20: =Summary!$J$9 -> 3 | E20: =Summary!$J$10 -> 72 | F20: =Summary!$J$11 -> 31
A21: Jupiter | B21: 2017 | C21: Aug | D21: =Summary!$K$9 -> 4 | E21: =Summary!$K$10 -> 81 | F21: =Summary!$K$11 -> 33
A22: Jupiter | B22: 2017 | C22: Sep | D22: =Summary!$L$9 -> 0 | E22: =Summary!$L$10 -> 53 | F22: =Summary!$L$11 -> 25
A23: Jupiter | B23: 2017 | C23: Oct | D23: =Summary!$M$9 -> 3 | E23: =Summary!$M$10 -> 60 | F23: =Summary!$M$11 -> 21
A24: Jupiter | B24: 2017 | C24: Nov | D24: =Summary!$N$9 -> 0 | E24: =Summary!$N$10 -> 0 | F24: =Summary!$N$11 -> 0
A25: Jupiter | B25: 2017 | C25: Dec | D25: =Summary!$O$9 -> 0 | E25: =Summary!$O$10 -> 0 | F25: =Summary!$O$11 -> 0
A26: Ocala | B26: 2017 | C26: Jan | D26: =Summary!$D$13 -> 5 | E26: =Summary!$D$14 -> 26 | F26: =Summary!$D$15 -> 1
A27: Ocala | B27: 2017 | C27: Feb | D27: =Summary!$E$13 -> 0 | E27: =Summary!$E$14 -> 17 | F27: =Summary!$E$15 -> 2
A28: Ocala | B28: 2017 | C28: Mar | D28: =Summary!$F$13 -> 2 | E28: =Summary!$F$14 -> 17 | F28: =Summary!$F$15 -> 0
A29: Ocala | B29: 2017 | C29: Apr | D29: =Summary!$G$13 -> 3 | E29: =Summary!$G$14 -> 19 | F29: =Summary!$G$15 -> 3
A30: Ocala | B30: 2017 | C30: May | D30: =Summary!$H$13 -> 5 | E30: =Summary!$H$14 -> 16 | F30: =Summary!$H$15 -> 1
A31: Ocala | B31: 2017 | C31: Jun | D31: =Summary!$I$13 -> 3 | E31: =Summary!$I$14 -> 17 | F31: =Summary!$I$15 -> 1
A32: Ocala | B32: 2017 | C32: Jul | D32: =Summary!$J$13 -> 3 | E32: =Summary!$J$14 -> 47 | F32: =Summary!$J$15 -> 0
A33: Ocala | B33: 2017 | C33: Aug | D33: =Summary!$K$13 -> 5 | E33: =Summary!$K$14 -> 63 | F33: =Summary!$K$15 -> 4
A34: Ocala | B34: 2017 | C34: Sep | D34: =Summary!$L$13 -> 1 | E34: =Summary!$L$14 -> 42 | F34: =Summary!$L$15 -> 2
A35: Ocala | B35: 2017 | C35: Oct | D35: =Summary!$M$13 -> 0 | E35: =Summary!$M$14 -> 38 | F35: =Summary!$M$15 -> 2
A36: Ocala | B36: 2017 | C36: Nov | D36: =Summary!$N$13 -> 0 | E36: =Summary!$N$14 -> 39 | F36: =Summary!$N$15 -> 0
A37: Ocala | B37: 2017 | C37: Dec | D37: =Summary!$O$13 -> 0 | E37: =Summary!$O$14 -> 30 | F37: =Summary!$O$15 -> 2
A38: West Marion | B38: 2017 | C38: Jan | D38: =Summary!$D$17 -> 1 | E38: =Summary!$D$18 -> 20 | F38: =Summary!$D$19 -> 1
A39: West Marion | B39: 2017 | C39: Feb | D39: =Summary!$E$17 -> 2 | E39: =Summary!$E$18 -> 27 | F39: =Summary!$E$19 -> 8
A40: West Marion | B40: 2017 | C40: Mar | D40: =Summary!$F$17 -> 0 | E40: =Summary!$F$18 -> 21 | F40: =Summary!$F$19 -> 3
A41: West Marion | B41: 2017 | C41: Apr | D41: =Summary!$G$17 -> 2 | E41: =Summary!$G$18 -> 14 | F41: =Summary!$G$19 -> 0
A42: West Marion | B42: 2017 | C42: May | D42: =Summary!$H$17 -> 1 | E42: =Summary!$H$18 -> 30 | F42: =Summary!$H$19 -> 1
A43: West Marion | B43: 2017 | C43: Jun | D43: =Summary!$I$17 -> 1 | E43: =Summary!$I$18 -> 20 | F43: =Summary!$I$19 -> 0
A44: West Marion | B44: 2017 | C44: Jul | D44: =Summary!$J$17 -> 0 | E44: =Summary!$J$18 -> 35 | F44: =Summary!$J$19 -> 2
A45: West Marion | B45: 2017 | C45: Aug | D45: =Summary!$K$17 -> 1 | E45: =Summary!$K$18 -> 43 | F45: =Summary!$K$19 -> 4
A46: West Marion | B46: 2017 | C46: Sep | D46: =Summary!$L$17 -> 1 | E46: =Summary!$L$18 -> 60 | F46: =Summary!$L$19 -> 1
A47: West Marion | B47: 2017 | C47: Oct | D47: =Summary!$M$17 -> 0 | E47: =Summary!$M$18 -> 57 | F47: =Summary!$M$19 -> 6
A48: West Marion | B48: 2017 | C48: Nov | D48: =Summary!$N$17 -> 0 | E48: =Summary!$N$18 -> 64 | F48: =Summary!$N$19 -> 0
A49: West Marion | B49: 2017 | C49: Dec | D49: =Summary!$O$17 -> 0 | E49: =Summary!$O$18 -> 55 | F49: =Summary!$O$19 -> 1
A50: Summerfield | B50: 2017 | C50: Jan | D50: =Summary!$D$21 -> 0 | E50: =Summary!$D$22 -> 2 | F50: =Summary!$D$23 -> 0
A51: Summerfield | B51: 2017 | C51: Feb | D51: =Summary!$E$21 -> 0 | E51: =Summary!$E$22 -> 4 | F51: =Summary!$E$23 -> 0
A52: Summerfield | B52: 2017 | C52: Mar | D52: =Summary!$F$21 -> 0 | E52: =Summary!$F$22 -> 8 | F52: =Summary!$F$23 -> 0
A53: Summerfield | B53: 2017 | C53: Apr | D53: =Summary!$G$21 -> 0 | E53: =Summary!$G$22 -> 5 | F53: =Summary!$G$23 -> 0
A54: Summerfield | B54: 2017 | C54: May | D54: =Summary!$H$21 -> 0 | E54: =Summary!$H$22 -> 3 | F54: =Summary!$H$23 -> 0
A55: Summerfield | B55: 2017 | C55: Jun | D55: =Summary!$I$21 -> 1 | E55: =Summary!$I$22 -> 10 | F55: =Summary!$I$23 -> 0
A56: Summerfield | B56: 2017 | C56: Jul | D56: =Summary!$J$21 -> 1 | E56: =Summary!$J$22 -> 13 | F56: =Summary!$J$23 -> 0
A57: Summerfield | B57: 2017 | C57: Aug | D57: =Summary!$K$21 -> 2 | E57: =Summary!$K$22 -> 0 | F57: =Summary!$K$23 -> 0
A58: Summerfield | B58: 2017 | C58: Sep | D58: =Summary!$L$21 -> 0 | E58: =Summary!$L$22 -> 0 | F58: =Summary!$L$23 -> 0
A59: Summerfield | B59: 2017 | C59: Oct | D59: =Summary!$M$21 -> 0 | E59: =Summary!$M$22 -> 35 | F59: =Summary!$M$23 -> 0
A60: Summerfield | B60: 2017 | C60: Nov | D60: =Summary!$N$21 -> 0 | E60: =Summary!$N$22 -> 28 | F60: =Summary!$N$23 -> 0
A61: Summerfield | B61: 2017 | C61: Dec | D61: =Summary!$O$21 -> 0 | E61: =Summary!$O$22 -> 24 | F61: =Summary!$O$23 -> 0
A62: San Ramon | B62: 2017 | C62: Jan | D62: =Summary!$D$25 -> 0 | E62: =Summary!$D$26 -> 63 | F62: =Summary!$D$27 -> 14
A63: San Ramon | B63: 2017 | C63: Feb | D63: =Summary!$E$25 -> 4 | E63: =Summary!$E$26 -> 61 | F63: =Summary!$E$27 -> 13
A64: San Ramon | B64: 2017 | C64: Mar | D64: =Summary!$F$25 -> 2 | E64: =Summary!$F$26 -> 46 | F64: =Summary!$F$27 -> 8
A65: San Ramon | B65: 2017 | C65: Apr | D65: =Summary!$G$25 -> 4 | E65: =Summary!$G$26 -> 48 | F65: =Summary!$G$27 -> 12
A66: San Ramon | B66: 2017 | C66: May | D66: =Summary!$H$25 -> 2 | E66: =Summary!$H$26 -> 56 | F66: =Summary!$H$27 -> 9
A67: San Ramon | B67: 2017 | C67: Jun | D67: =Summary!$I$25 -> 2 | E67: =Summary!$I$26 -> 75 | F67: =Summary!$I$27 -> 19
A68: San Ramon | B68: 2017 | C68: Jul | D68: =Summary!$J$25 -> 2 | E68: =Summary!$J$26 -> 69 | F68: =Summary!$J$27 -> 12
A69: San Ramon | B69: 2017 | C69: Aug | D69: =Summary!$K$25 -> 3 | E69: =Summary!$K$26 -> 52 | F69: =Summary!$K$27 -> 12
A70: San Ramon | B70: 2017 | C70: Sep | D70: =Summary!$L$25 -> 3 | E70: =Summary!$L$26 -> 61 | F70: =Summary!$L$27 -> 9
A71: San Ramon | B71: 2017 | C71: Oct | D71: =Summary!$M$25 -> 3 | E71: =Summary!$M$26 -> 64 | F71: =Summary!$M$27 -> 7
A72: San Ramon | B72: 2017 | C72: Nov | D72: =Summary!$N$25 -> 2 | E72: =Summary!$N$26 -> 43 | F72: =Summary!$N$27 -> 7
A73: San Ramon | B73: 2017 | C73: Dec | D73: =Summary!$O$25 -> 6 | E73: =Summary!$O$26 -> 59 | F73: =Summary!$O$27 -> 13
A74: Westchester | B74: 2017 | C74: Jan | D74: =Summary!$D$29 -> 0 | E74: =Summary!$D$30 -> 30 | F74: =Summary!$D$31 -> 10
A75: Westchester | B75: 2017 | C75: Feb | D75: =Summary!$E$29 -> 0 | E75: =Summary!$E$30 -> 19 | F75: =Summary!$E$31 -> 8
A76: Westchester | B76: 2017 | C76: Mar | D76: =Summary!$F$29 -> 0 | E76: =Summary!$F$30 -> 15 | F76: =Summary!$F$31 -> 4
A77: Westchester | B77: 2017 | C77: Apr | D77: =Summary!$G$29 -> 0 | E77: =Summary!$G$30 -> 22 | F77: =Summary!$G$31 -> 4
A78: Westchester | B78: 2017 | C78: May | D78: =Summary!$H$29 -> 0 | E78: =Summary!$H$30 -> 16 | F78: =Summary!$H$31 -> 3
A79: Westchester | B79: 2017 | C79: Jun | D79: =Summary!$I$29 -> 0 | E79: =Summary!$I$30 -> 17 | F79: =Summary!$I$31 -> 6
A80: Westchester | B80: 2017 | C80: Jul | D80: =Summary!$J$29 -> 0 | E80: =Summary!$J$30 -> 23 | F80: =Summary!$J$31 -> 10
A81: Westchester | B81: 2017 | C81: Aug | D81: =Summary!$K$29 -> 0 | E81: =Summary!$K$30 -> 13 | F81: =Summary!$K$31 -> 2
A82: Westchester | B82: 2017 | C82: Sep | D82: =Summary!$L$29 -> 0 | E82: =Summary!$L$30 -> 19 | F82: =Summary!$L$31 -> 7
A83: Westchester | B83: 2017 | C83: Oct | D83: =Summary!$M$29 -> 0 | E83: =Summary!$M$30 -> 21 | F83: =Summary!$M$31 -> 8
A84: Westchester | B84: 2017 | C84: Nov | D84: =Summary!$N$29 -> 0 | E84: =Summary!$N$30 -> 18 | F84: =Summary!$N$31 -> 4
A85: Westchester | B85: 2017 | C85: Dec | D85: =Summary!$O$29 -> 1 | E85: =Summary!$O$30 -> 19 | F85: =Summary!$O$31 -> 7
A86: Kendall | B86: 2017 | C86: Jan | D86: =Summary!$D$33 -> 25 | E86: =Summary!$D$34 -> 230 | F86: =Summary!$D$35 -> 57
A87: Kendall | B87: 2017 | C87: Feb | D87: =Summary!$E$33 -> 18 | E87: =Summary!$E$34 -> 190 | F87: =Summary!$E$35 -> 42
A88: Kendall | B88: 2017 | C88: Mar | D88: =Summary!$F$33 -> 23 | E88: =Summary!$F$34 -> 221 | F88: =Summary!$F$35 -> 34
A89: Kendall | B89: 2017 | C89: Apr | D89: =Summary!$G$33 -> 9 | E89: =Summary!$G$34 -> 184 | F89: =Summary!$G$35 -> 25
A90: Kendall | B90: 2017 | C90: May | D90: =Summary!$H$33 -> 8 | E90: =Summary!$H$34 -> 190 | F90: =Summary!$H$35 -> 31
A91: Kendall | B91: 2017 | C91: Jun | D91: =Summary!$I$33 -> 8 | E91: =Summary!$I$34 -> 189 | F91: =Summary!$I$35 -> 22
A92: Kendall | B92: 2017 | C92: Jul | D92: =Summary!$J$33 -> 11 | E92: =Summary!$J$34 -> 204 | F92: =Summary!$J$35 -> 63
A93: Kendall | B93: 2017 | C93: Aug | D93: =Summary!$K$33 -> 13 | E93: =Summary!$K$34 -> 184 | F93: =Summary!$K$35 -> 33
A94: Kendall | B94: 2017 | C94: Sep | D94: =Summary!$L$33 -> 26 | E94: =Summary!$L$34 -> 204 | F94: =Summary!$L$35 -> 22
A95: Kendall | B95: 2017 | C95: Oct | D95: =Summary!$M$33 -> 13 | E95: =Summary!$M$34 -> 143 | F95: =Summary!$M$35 -> 25
A96: Kendall | B96: 2017 | C96: Nov | D96: =Summary!$N$33 -> 7 | E96: =Summary!$N$34 -> 189 | F96: =Summary!$N$35 -> 22
A97: Kendall | B97: 2017 | C97: Dec | D97: =Summary!$O$33 -> 25 | E97: =Summary!$O$34 -> 174 | F97: =Summary!$O$35 -> 27
