Workbook

Sheet Doctor_Satisfaction
A1: Satisfaction Scores (Doctors)
B4: Jan | C4: =SUM(Data!I6:I8) -> 0.91633333
B5: Feb | C5: =SUM(Data!I30:I32) -> 0.871
B6: Mar | C6: =SUM(Data!I54:I56) -> 0.89833333
B7: Apr | C7: =SUM(Data!I85:I88) -> 0.78984034
B8: May | C8: =SUM(Data!I120:I123) -> 0.76086943
B9: Jun | C9: =SUM(Data!I155:I158) -> 0.70196764
B10: Jul | C10: =SUM(Data!I190:I193) -> 0.77736861
B11: Aug | C11: =SUM(Data!I225:I228) -> 0.84860991
B12: Sep | C12: =SUM(Data!I260:I263) -> 0.79791582
B13: Oct
B14: Nov
B15: Dec

Sheet Data
A1: Site | B1: Period | C1: Year | D1: Satisfaction_Category | E1: Question | F1: N | G1: Question_Score | H1: Category_Weights | I1: Category_Score | J1: Overall_Score
A2: San Ramon | B2: January | C2: 2017 | D2: Nursing Communication | E2: Nurses courtesy and respect | F2: 50 | G2: 91.5 | H2: =G2*(F2/SUM($F$2:$F$5)) -> 22.875 | I2: =H2/100 -> 0.22875 | J2: =G2*(F2/(SUM($F$2:$F$8)+SUM($F$10:$F$25))) -> 3.9782609
A3: San Ramon | B3: January | C3: 2017 | D3: Nursing Communication | E3: Nurses listened carefully | F3: 50 | G3: 90 | H3: =G3*(F3/SUM($F$2:$F$5)) -> 22.5 | I3: =H3/100 -> 0.225 | J3: =G3*(F3/(SUM($F$2:$F$8)+SUM($F$10:$F$25))) -> 3.9130435
A4: San Ramon | B4: January | C4: 2017 | D4: Nursing Communication | E4: Nurses explanations clear | F4: 50 | G4: 87.8 | H4: =G4*(F4/SUM($F$2:$F$5)) -> 21.95 | I4: =H4/100 -> 0.2195 | J4: =G4*(F4/(SUM($F$2:$F$8)+SUM($F$10:$F$25))) -> 3.8173913
A5: San Ramon | B5: January | C5: 2017 | D5: Nursing Communication | E5: Nurses helped patients feel at ease | F5: 50 | G5: 87.8 | H5: =G5*(F5/SUM($F$2:$F$5)) -> 21.95 | I5: =H5/100 -> 0.2195 | J5: =G5*(F5/(SUM($F$2:$F$8)+SUM($F$10:$F$25))) -> 3.8173913
A6: San Ramon | B6: January | C6: 2017 | D6: Doctor Communication | E6: Doctors courtesy and respect | F6: 50 | G6: 93.6 | H6: =G6*(F6/SUM($F$6:$F$8)) -> 31.2 | I6: =H6/100 -> 0.312 | J6: =G6*(F6/(SUM($F$2:$F$8)+SUM($F$10:$F$25))) -> 4.0695652
A7: San Ramon | B7: January | C7: 2017 | D7: Doctor Communication | E7: Doctors listened carefully | F7: 50 | G7: 91.7 | H7: =G7*(F7/SUM($F$6:$F$8)) -> 30.566667 | I7: =H7/100 -> 0.30566667 | J7: =G7*(F7/(SUM($F$2:$F$8)+SUM($F$10:$F$25))) -> 3.9869565
A8: San Ramon | B8: January | C8: 2017 | D8: Doctor Communication | E8: Doctors explanations clear | F8: 50 | G8: 89.6 | H8: =G8*(F8/SUM($F$6:$F$8)) -> 29.866667 | I8: =H8/100 -> 0.29866667 | J8: =G8*(F8/(SUM($F$2:$F$8)+SUM($F$10:$F$25))) -> 3.8956522
A9: San Ramon | B9: January | C9: 2017 | D9: Patient Access | E9: Staff clearly explained financial/insurance matters | F9: 50 | G9: 0 | H9: =G9*(F9/SUM($F10:$F11)) -> 0 | I9: =H9/100 -> 0 | J9: 0
A10: San Ramon | B10: January | C10: 2017 | D10: Patient Access | E10: Did staff clearly explain financial/insurance matters | F10: 50 | G10: 62.5 | H10: =G10*(F10/SUM($F10:$F11)) -> 31.25 | I10: =H10/100 -> 0.3125 | J10: =G10*(F10/(SUM($F$2:$F$8)+SUM($F$10:$F$25))) -> 2.7173913
A11: San Ramon | B11: January | C11: 2017 | D11: Patient Access | E11: Admissions staff courtesy and respect | F11: 50 | G11: 79.6 | H11: =G11*(F11/SUM($F10:$F11)) -> 39.8 | I11: =H11/100 -> 0.398 | J11: =G11*(F11/(SUM($F$2:$F$8)+SUM($F$10:$F$25))) -> 3.4608696
A12: San Ramon | B12: January | C12: 2017 | D12: Wait Time | E12: Amount of time before taken to treatment room | F12: 50 | G12: 72.9 | H12: =G12*(F12/SUM($F12:$F13)) -> 36.45 | I12: =H12/100 -> 0.3645 | J12: =G12*(F12/(SUM($F$2:$F$8)+SUM($F$10:$F$25))) -> 3.1695652
A13: San Ramon | B13: January | C13: 2017 | D13: Wait Time | E13: Amount of time waited before seeing doctor | F13: 50 | G13: 71.4 | H13: =G13*(F13/SUM($F12:$F13)) -> 35.7 | I13: =H13/100 -> 0.357 | J13: =G13*(F13/(SUM($F$2:$F$8)+SUM($F$10:$F$25))) -> 3.1043478
A14: San Ramon | B14: January | C14: 2017 | D14: Pain Management | E14: Pain well controlled | F14: 50 | G14: 65 | H14: =G14*(F14/SUM($F14:$F15)) -> 32.5 | I14: =H14/100 -> 0.325 | J14: =G14*(F14/(SUM($F$2:$F$8)+SUM($F$10:$F$25))) -> 2.826087
A15: San Ramon | B15: January | C15: 2017 | D15: Pain Management | E15: Staff helped patient with pain | F15: 50 | G15: 86.4 | H15: =G15*(F15/SUM($F14:$F15)) -> 43.2 | I15: =H15/100 -> 0.432 | J15: =G15*(F15/(SUM($F$2:$F$8)+SUM($F$10:$F$25))) -> 3.7565217
A16: San Ramon | B16: January | C16: 2017 | D16: Communication about Medications | E16: Staff explained medicine | F16: 50 | G16: 100 | H16: =G16*(F16/SUM($F16:$F17)) -> 50 | I16: =H16/100 -> 0.5 | J16: =G16*(F16/(SUM($F$2:$F$8)+SUM($F$10:$F$25))) -> 4.3478261
A17: San Ramon | B17: January | C17: 2017 | D17: Communication about Medications | E17: Staff clearly described side effects | F17: 50 | G17: 84.6 | H17: =G17*(F17/SUM($F16:$F17)) -> 42.3 | I17: =H17/100 -> 0.423 | J17: =G17*(F17/(SUM($F$2:$F$8)+SUM($F$10:$F$25))) -> 3.6782609
A18: San Ramon | B18: January | C18: 2017 | D18: Discharge Information | E18: Staff discussed discharge help | F18: 50 | G18: 68.3 | H18: =G18*(F18/SUM($F18:$F19)) -> 34.15 | I18: =H18/100 -> 0.3415 | J18: =G18*(F18/(SUM($F$2:$F$8)+SUM($F$10:$F$25))) -> 2.9695652
A19: San Ramon | B19: January | C19: 2017 | D19: Discharge Information | E19: Written symptoms/health info provided | F19: 50 | G19: 93.6 | H19: =G19*(F19/SUM($F18:$F19)) -> 46.8 | I19: =H19/100 -> 0.468 | J19: =G19*(F19/(SUM($F$2:$F$8)+SUM($F$10:$F$25))) -> 4.0695652
A20: San Ramon | B20: January | C20: 2017 | D20: Hospital Rating Question | E20: Hospital Rating Question | F20: 50 | G20: 83.3 | H20: =G20 -> 83.3 | I20: =H20/100 -> 0.833 | J20: =G20*(F20/(SUM($F$2:$F$8)+SUM($F$10:$F$25))) -> 3.6217391
A21: San Ramon | B21: January | C21: 2017 | D21: Willing to Recommend | E21: Willing to Recommend | F21: 50 | G21: 89.4 | H21: =G21 -> 89.4 | I21: =H21/100 -> 0.894 | J21: =G21*(F21/(SUM($F$2:$F$8)+SUM($F$10:$F$25))) -> 3.8869565
A22: San Ramon | B22: January | C22: 2017 | D22: Tenet Custom | E22: Staff provided safe patient care | F22: 50 | G22: 85.1 | H22: =G22*(F22/SUM($F22:$F25)) -> 21.275 | I22: =H22/100 -> 0.21275 | J22: =G22*(F22/(SUM($F$2:$F$8)+SUM($F$10:$F$25))) -> 3.7
A23: San Ramon | B23: January | C23: 2017 | D23: Tenet Custom | E23: Staff sensitive to families' needs | F23: 50 | G23: 87.2 | H23: =G23*(F23/SUM($F22:$F25)) -> 21.8 | I23: =H23/100 -> 0.218 | J23: =G23*(F23/(SUM($F$2:$F$8)+SUM($F$10:$F$25))) -> 3.7913043
A24: San Ramon | B24: January | C24: 2017 | D24: Tenet Custom | E24: Staff worked together as a team | F24: 50 | G24: 79.6 | H24: =G24*(F24/SUM($F22:$F25)) -> 19.9 | I24: =H24/100 -> 0.199 | J24: =G24*(F24/(SUM($F$2:$F$8)+SUM($F$10:$F$25))) -> 3.4608696
A25: San Ramon | B25: January | C25: 2017 | D25: Tenet Custom | E25: Staff respected patient privacy | F25: 50 | G25: 93.9 | H25: =G25*(F25/SUM($F22:$F25)) -> 23.475 | I25: =H25/100 -> 0.23475 | J25: =G25*(F25/(SUM($F$2:$F$8)+SUM($F$10:$F$25))) -> 4.0826087
A26: San Ramon | B26: February | C26: 2017 | D26: Nursing Communication | E26: Nurses courtesy and respect | F26: 50 | G26: 89.6 | H26: =G26*(F26/SUM($F$26:$F$29)) -> 22.4 | I26: =H26/100 -> 0.224
A27: San Ramon | B27: February | C27: 2017 | D27: Nursing Communication | E27: Nurses listened carefully | F27: 50 | G27: 87.5 | H27: =G27*(F27/SUM($F$26:$F$29)) -> 21.875 | I27: =H27/100 -> 0.21875
A28: San Ramon | B28: February | C28: 2017 | D28: Nursing Communication | E28: Nurses explanations clear | F28: 50 | G28: 88 | H28: =G28*(F28/SUM($F$26:$F$29)) -> 22 | I28: =H28/100 -> 0.22
A29: San Ramon | B29: February | C29: 2017 | D29: Nursing Communication | E29: Nurses helped patients feel at ease | F29: 50 | G29: 86 | H29: =G29*(F29/SUM($F$26:$F$29)) -> 21.5 | I29: =H29/100 -> 0.215
A30: San Ramon | B30: February | C30: 2017 | D30: Doctor Communication | E30: Doctors courtesy and respect | F30: 50 | G30: 84 | H30: =G30*(F30/SUM($F$30:$F$32)) -> 28 | I30: =H30/100 -> 0.28
A31: San Ramon | B31: February | C31: 2017 | D31: Doctor Communication | E31: Doctors listened carefully | F31: 50 | G31: 87.5 | H31: =G31*(F31/SUM($F$30:$F$32)) -> 29.166667 | I31: =H31/100 -> 0.29166667
A32: San Ramon | B32: February | C32: 2017 | D32: Doctor Communication | E32: Doctors explanations clear | F32: 50 | G32: 89.8 | H32: =G32*(F32/SUM($F$30:$F$32)) -> 29.933333 | I32: =H32/100 -> 0.29933333
A33: San Ramon | B33: February | C33: 2017 | D33: Patient Access | E33: Staff clearly explained financial/insurance matters | F33: 50 | G33: 0 | H33: =G33*(F33/SUM($F34:$F35)) -> 0 | I33: =H33/100 -> 0
A34: San Ramon | B34: February | C34: 2017 | D34: Patient Access | E34: Did staff clearly explain financial/insurance matters | F34: 50 | G34: 58.1 | H34: =G34*(F34/SUM($F34:$F35)) -> 29.05 | I34: =H34/100 -> 0.2905
A35: San Ramon | B35: February | C35: 2017 | D35: Patient Access | E35: Admissions staff courtesy and respect | F35: 50 | G35: 84 | H35: =G35*(F35/SUM($F34:$F35)) -> 42 | I35: =H35/100 -> 0.42
A36: San Ramon | B36: February | C36: 2017 | D36: Wait Time | E36: Amount of time before taken to treatment room | F36: 50 | G36: 78 | H36: =G36*(F36/SUM($F36:$F37)) -> 39 | I36: =H36/100 -> 0.39
A37: San Ramon | B37: February | C37: 2017 | D37: Wait Time | E37: Amount of time waited before seeing doctor | F37: 50 | G37: 56 | H37: =G37*(F37/SUM($F36:$F37)) -> 28 | I37: =H37/100 -> 0.28
A38: San Ramon | B38: February | C38: 2017 | D38: Pain Management | E38: Pain well controlled | F38: 50 | G38: 75 | H38: =G38*(F38/SUM($F38:$F39)) -> 37.5 | I38: =H38/100 -> 0.375
A39: San Ramon | B39: February | C39: 2017 | D39: Pain Management | E39: Staff helped patient with pain | F39: 50 | G39: 79.2 | H39: =G39*(F39/SUM($F38:$F39)) -> 39.6 | I39: =H39/100 -> 0.396
A40: San Ramon | B40: February | C40: 2017 | D40: Communication about Medications | E40: Staff explained medicine | F40: 50 | G40: 93.3 | H40: =G40*(F40/SUM($F40:$F41)) -> 46.65 | I40: =H40/100 -> 0.4665
A41: San Ramon | B41: February | C41: 2017 | D41: Communication about Medications | E41: Staff clearly described side effects | F41: 50 | G41: 78.6 | H41: =G41*(F41/SUM($F40:$F41)) -> 39.3 | I41: =H41/100 -> 0.393
A42: San Ramon | B42: February | C42: 2017 | D42: Discharge Information | E42: Staff discussed discharge help | F42: 50 | G42: 75.7 | H42: =G42*(F42/SUM($F42:$F43)) -> 37.85 | I42: =H42/100 -> 0.3785
A43: San Ramon | B43: February | C43: 2017 | D43: Discharge Information | E43: Written symptoms/health info provided | F43: 50 | G43: 95.2 | H43: =G43*(F43/SUM($F42:$F43)) -> 47.6 | I43: =H43/100 -> 0.476
A44: San Ramon | B44: February | C44: 2017 | D44: Hospital Rating Question | E44: Hospital Rating Question | F44: 50 | G44: 86.7 | H44: =G44 -> 86.7 | I44: =H44/100 -> 0.867
A45: San Ramon | B45: February | C45: 2017 | D45: Willing to Recommend | E45: Willing to Recommend | F45: 50 | G45: 86.4 | H45: =G45 -> 86.4 | I45: =H45/100 -> 0.864
A46: San Ramon | B46: February | C46: 2017 | D46: Tenet Custom | E46: Staff provided safe patient care | F46: 50 | G46: 87.5 | H46: =G46*(F46/SUM($F46:$F49)) -> 21.875 | I46: =H46/100 -> 0.21875
A47: San Ramon | B47: February | C47: 2017 | D47: Tenet Custom | E47: Staff sensitive to families' needs | F47: 50 | G47: 84.1 | H47: =G47*(F47/SUM($F46:$F49)) -> 21.025 | I47: =H47/100 -> 0.21025
A48: San Ramon | B48: February | C48: 2017 | D48: Tenet Custom | E48: Staff worked together as a team | F48: 50 | G48: 85.1 | H48: =G48*(F48/SUM($F46:$F49)) -> 21.275 | I48: =H48/100 -> 0.21275
A49: San Ramon | B49: February | C49: 2017 | D49: Tenet Custom | E49: Staff respected patient privacy | F49: 50 | G49: 91.7 | H49: =G49*(F49/SUM($F46:$F49)) -> 22.925 | I49: =H49/100 -> 0.22925
A50: San Ramon | B50: March | C50: 2017 | D50: Nursing Communication | E50: Nurses courtesy and respect | F50: 50 | G50: 89.8 | H50: =G50*(F50/SUM($F$50:$F$53)) -> 22.45 | I50: =H50/100 -> 0.2245
A51: San Ramon | B51: March | C51: 2017 | D51: Nursing Communication | E51: Nurses listened carefully | F51: 50 | G51: 89.8 | H51: =G51*(F51/SUM($F$50:$F$53)) -> 22.45 | I51: =H51/100 -> 0.2245
A52: San Ramon | B52: March | C52: 2017 | D52: Nursing Communication | E52: Nurses explanations clear | F52: 50 | G52: 85.4 | H52: =G52*(F52/SUM($F$50:$F$53)) -> 21.35 | I52: =H52/100 -> 0.2135
A53: San Ramon | B53: March | C53: 2017 | D53: Nursing Communication | E53: Nurses helped patients feel at ease | F53: 50 | G53: 88 | H53: =G53*(F53/SUM($F$50:$F$53)) -> 22 | I53: =H53/100 -> 0.22
A54: San Ramon | B54: March | C54: 2017 | D54: Doctor Communication | E54: Doctors courtesy and respect | F54: 50 | G54: 96 | H54: =G54*(F54/SUM($F$54:$F$56)) -> 32 | I54: =H54/100 -> 0.32
A55: San Ramon | B55: March | C55: 2017 | D55: Doctor Communication | E55: Doctors listened carefully | F55: 50 | G55: 83.7 | H55: =G55*(F55/SUM($F$54:$F$56)) -> 27.9 | I55: =H55/100 -> 0.279
A56: San Ramon | B56: March | C56: 2017 | D56: Doctor Communication | E56: Doctors explanations clear | F56: 50 | G56: 89.8 | H56: =G56*(F56/SUM($F$54:$F$56)) -> 29.933333 | I56: =H56/100 -> 0.29933333
A57: San Ramon | B57: March | C57: 2017 | D57: Patient Access | E57: Staff clearly explained financial/insurance matters | F57: 50 | G57: 0 | H57: =G57*(F57/SUM($F58:$F59)) -> 0 | I57: =H57/100 -> 0
A58: San Ramon | B58: March | C58: 2017 | D58: Patient Access | E58: Did staff clearly explain financial/insurance matters | F58: 50 | G58: 61.5 | H58: =G58*(F58/SUM($F58:$F59)) -> 30.75 | I58: =H58/100 -> 0.3075
A59: San Ramon | B59: March | C59: 2017 | D59: Patient Access | E59: Admissions staff courtesy and respect | F59: 50 | G59: 74.5 | H59: =G59*(F59/SUM($F58:$F59)) -> 37.25 | I59: =H59/100 -> 0.3725
A60: San Ramon | B60: March | C60: 2017 | D60: Wait Time | E60: Amount of time before taken to treatment room | F60: 50 | G60: 72 | H60: =G60*(F60/SUM($F60:$F61)) -> 36 | I60: =H60/100 -> 0.36
A61: San Ramon | B61: March | C61: 2017 | D61: Wait Time | E61: Amount of time waited before seeing doctor | F61: 50 | G61: 62 | H61: =G61*(F61/SUM($F60:$F61)) -> 31 | I61: =H61/100 -> 0.31
A62: San Ramon | B62: March | C62: 2017 | D62: Pain Management | E62: Pain well controlled | F62: 50 | G62: 66.7 | H62: =G62*(F62/SUM($F62:$F63)) -> 33.35 | I62: =H62/100 -> 0.3335
A63: San Ramon | B63: March | C63: 2017 | D63: Pain Management | E63: Staff helped patient with pain | F63: 50 | G63: 73.9 | H63: =G63*(F63/SUM($F62:$F63)) -> 36.95 | I63: =H63/100 -> 0.3695
A64: San Ramon | B64: March | C64: 2017 | D64: Communication about Medications | E64: Staff explained medicine | F64: 50 | G64: 100 | H64: =G64*(F64/SUM($F64:$F65)) -> 50 | I64: =H64/100 -> 0.5
A65: San Ramon | B65: March | C65: 2017 | D65: Communication about Medications | E65: Staff clearly described side effects | F65: 50 | G65: 33.3 | H65: =G65*(F65/SUM($F64:$F65)) -> 16.65 | I65: =H65/100 -> 0.1665
A66: San Ramon | B66: March | C66: 2017 | D66: Discharge Information | E66: Staff discussed discharge help | F66: 50 | G66: 77.8 | H66: =G66*(F66/SUM($F66:$F67)) -> 38.9 | I66: =H66/100 -> 0.389
A67: San Ramon | B67: March | C67: 2017 | D67: Discharge Information | E67: Written symptoms/health info provided | F67: 50 | G67: 89.7 | H67: =G67*(F67/SUM($F66:$F67)) -> 44.85 | I67: =H67/100 -> 0.4485
A68: San Ramon | B68: March | C68: 2017 | D68: Hospital Rating Question | E68: Hospital Rating Question | F68: 50 | G68: 75 | H68: =G68 -> 75 | I68: =H68/100 -> 0.75
A69: San Ramon | B69: March | C69: 2017 | D69: Willing to Recommend | E69: Willing to Recommend | F69: 50 | G69: 79.2 | H69: =G69 -> 79.2 | I69: =H69/100 -> 0.792
A70: San Ramon | B70: March | C70: 2017 | D70: Tenet Custom | E70: Staff provided safe patient care | F70: 50 | G70: 89.8 | H70: =G70*(F70/SUM($F70:$F73)) -> 22.45 | I70: =H70/100 -> 0.2245
A71: San Ramon | B71: March | C71: 2017 | D71: Tenet Custom | E71: Staff sensitive to families' needs | F71: 50 | G71: 86.4 | H71: =G71*(F71/SUM($F70:$F73)) -> 21.6 | I71: =H71/100 -> 0.216
A72: San Ramon | B72: March | C72: 2017 | D72: Tenet Custom | E72: Staff worked together as a team | F72: 50 | G72: 87.5 | H72: =G72*(F72/SUM($F70:$F73)) -> 21.875 | I72: =H72/100 -> 0.21875
A73: San Ramon | B73: March | C73: 2017 | D73: Tenet Custom | E73: Staff respected patient privacy | F73: 50 | G73: 93.9 | H73: =G73*(F73/SUM($F70:$F73)) -> 23.475 | I73: =H73/100 -> 0.23475
A74: San Ramon | B74: April | C74: 2017 | D74: Arrival | E74: Waiting time before noticed arrival | F74: 91 | G74: 86.8 | H74: =G74*(F74/SUM($F74:$F78)) -> 17.830248 | I74: =H74/100 -> 0.17830248
A75: San Ramon | B75: April | C75: 2017 | D75: Arrival | E75: Helpfulness of first person | F75: 90 | G75: 82.2 | H75: =G75*(F75/SUM($F74:$F78)) -> 16.699774 | I75: =H75/100 -> 0.16699774
A76: San Ramon | B76: April | C76: 2017 | D76: Arrival | E76: Comfort of waiting area | F76: 86 | G76: 68.6 | H76: =G76*(F76/SUM($F74:$F78)) -> 13.317381 | I76: =H76/100 -> 0.13317381
A77: San Ramon | B77: April | C77: 2017 | D77: Arrival | E77: Waiting time to treatment area | F77: 87 | G77: 80.5 | H77: =G77*(F77/SUM($F74:$F78)) -> 15.809255 | I77: =H77/100 -> 0.15809255
A78: San Ramon | B78: April | C78: 2017 | D78: Arrival | E78: Waiting time to see doctor | F78: 89 | G78: 75.3 | H78: =G78*(F78/SUM($F74:$F78)) -> 15.127991 | I78: =H78/100 -> 0.15127991
A79: San Ramon | B79: April | C79: 2017 | D79: Nurses | E79: Nurses courtesy | F79: 92 | G79: 84.8 | H79: =G79*(F79/SUM($F$79:$F$84)) -> 14.447407 | I79: =H79/100 -> 0.14447407
A80: San Ramon | B80: April | C80: 2017 | D80: Nurses | E80: Nurse took time to listen | F80: 91 | G80: 83.5 | H80: =G80*(F80/SUM($F$79:$F$84)) -> 14.071296 | I80: =H80/100 -> 0.14071296
A81: San Ramon | B81: April | C81: 2017 | D81: Nurses | E81: Nurses attention to your needs | F81: 91 | G81: 84.6 | H81: =G81*(F81/SUM($F$79:$F$84)) -> 14.256667 | I81: =H81/100 -> 0.14256667
A82: San Ramon | B82: April | C82: 2017 | D82: Nurses | E82: Nurses informative re treatments | F82: 91 | G82: 80.2 | H82: =G82*(F82/SUM($F$79:$F$84)) -> 13.515185 | I82: =H82/100 -> 0.13515185
A83: San Ramon | B83: April | C83: 2017 | D83: Nurses | E83: Nurses concern for privacy | F83: 91 | G83: 82.4 | H83: =G83*(F83/SUM($F$79:$F$84)) -> 13.885926 | I83: =H83/100 -> 0.13885926
A84: San Ramon | B84: April | C84: 2017 | D84: Nurses | E84: Extent to which nurse checked ID | F84: 84 | G84: 79.8 | H84: =G84*(F84/SUM($F$79:$F$84)) -> 12.413333 | I84: =H84/100 -> 0.12413333
A85: San Ramon | B85: April | C85: 2017 | D85: Doctors | E85: Doctors courtesy | F85: 90 | G85: 82.2 | H85: =G85*(F85/SUM($F$85:$F$88)) -> 20.722689 | I85: =H85/100 -> 0.20722689
A86: San Ramon | B86: April | C86: 2017 | D86: Doctors | E86: Doctor took time to listen | F86: 89 | G86: 79.8 | H86: =G86*(F86/SUM($F$85:$F$88)) -> 19.894118 | I86: =H86/100 -> 0.19894118
A87: San Ramon | B87: April | C87: 2017 | D87: Doctors | E87: Doctor informative re treatment | F87: 89 | G87: 76.4 | H87: =G87*(F87/SUM($F$85:$F$88)) -> 19.046499 | I87: =H87/100 -> 0.19046499
A88: San Ramon | B88: April | C88: 2017 | D88: Doctors | E88: Doctors concern for comfort | F88: 89 | G88: 77.5 | H88: =G88*(F88/SUM($F$85:$F$88)) -> 19.320728 | I88: =H88/100 -> 0.19320728
A89: San Ramon | B89: April | C89: 2017 | D89: Tests | E89: Courtesy of person who took blood | F89: 55 | G89: 81.8 | H89: =G89*(F89/SUM($F89:$F93)) -> 15.407534 | I89: =H89/100 -> 0.15407534
A90: San Ramon | B90: April | C90: 2017 | D90: Tests | E90: Concern blood draw comfort | F90: 54 | G90: 77.8 | H90: =G90*(F90/SUM($F89:$F93)) -> 14.387671 | I90: =H90/100 -> 0.14387671
A91: San Ramon | B91: April | C91: 2017 | D91: Tests | E91: Waiting time for radiology test | F91: 62 | G91: 72.6 | H91: =G91*(F91/SUM($F89:$F93)) -> 15.415068 | I91: =H91/100 -> 0.15415068
A92: San Ramon | B92: April | C92: 2017 | D92: Tests | E92: Courtesy of radiology staff | F92: 60 | G92: 85 | H92: =G92*(F92/SUM($F89:$F93)) -> 17.465753 | I92: =H92/100 -> 0.17465753
A93: San Ramon | B93: April | C93: 2017 | D93: Tests | E93: Concern for comfort radiology test | F93: 61 | G93: 83.6 | H93: =G93*(F93/SUM($F89:$F93)) -> 17.464384 | I93: =H93/100 -> 0.17464384
A94: San Ramon | B94: April | C94: 2017 | D94: Family or Friends | E94: Courtesy shown family/friends | F94: 74 | G94: 82.4 | H94: =G94*(F94/SUM($F94:$F96)) -> 27.842922 | I94: =H94/100 -> 0.27842922
A95: San Ramon | B95: April | C95: 2017 | D95: Family or Friends | E95: Adequacy of info to family/friends | F95: 74 | G95: 82.4 | H95: =G95*(F95/SUM($F94:$F96)) -> 27.842922 | I95: =H95/100 -> 0.27842922
A96: San Ramon | B96: April | C96: 2017 | D96: Family or Friends | E96: Let family/friend be with you | F96: 71 | G96: 84.5 | H96: =G96*(F96/SUM($F94:$F96)) -> 27.394977 | I96: =H96/100 -> 0.27394977
A97: San Ramon | B97: April | C97: 2017 | D97: Personal/Insurance Info | E97: Courtesy during pers/insur info | F97: 80 | G97: 81.3 | H97: =G97*(F97/SUM($F97:$F99)) -> 25.912351 | I97: =H97/100 -> 0.25912351
A98: San Ramon | B98: April | C98: 2017 | D98: Personal/Insurance Info | E98: Privacy during pers/insur info | F98: 86 | G98: 77.9 | H98: =G98*(F98/SUM($F97:$F99)) -> 26.690837 | I98: =H98/100 -> 0.26690837
A99: San Ramon | B99: April | C99: 2017 | D99: Personal/Insurance Info | E99: Ease giving pers/insur info | F99: 85 | G99: 83.5 | H99: =G99*(F99/SUM($F97:$F99)) -> 28.276892 | I99: =H99/100 -> 0.28276892
A100: San Ramon | B100: April | C100: 2017 | D100: Personal Issues | E100: Informed about delays | F100: 77 | G100: 67.5 | H100: =G100*(F100/SUM($F100:$F104)) -> 12.645985 | I100: =H100/100 -> 0.12645985
...
